This is pdfTeX, Version 3.141592653-2.6-1.40.25 (TeX Live 2023/Debian) (preloaded format=pdflatex 2025.11.24)  30 JAN 2026 16:39
entering extended mode
 restricted \write18 enabled.
 %&-line parsing enabled.
**USPSC-modelo-EESC.tex
(./USPSC-modelo-EESC.tex
LaTeX2e <2023-11-01> patch level 1
L3 programming layer <2024-01-22>
(./USPSC-classe/USPSC.cls
Document Class: USPSC-classe/USPSC 01/06/2021 v3.1 USPSC
(/usr/share/texlive/texmf-dist/tex/latex/base/ifthen.sty
Package: ifthen 2022/04/13 v1.1d Standard LaTeX ifthen package (DPC)
)
(/usr/share/texlive/texmf-dist/tex/latex/memoir/memoir.cls
Document Class: memoir 2024/01/26 v3.8.2 configurable book, report, article doc
ument class
(/usr/share/texlive/texmf-dist/tex/latex/xpatch/xpatch.sty
(/usr/share/texlive/texmf-dist/tex/latex/l3kernel/expl3.sty
Package: expl3 2024-01-22 L3 programming layer (loader) 

(/usr/share/texlive/texmf-dist/tex/latex/l3backend/l3backend-pdftex.def
File: l3backend-pdftex.def 2024-01-04 L3 backend support: PDF output (pdfTeX)
\l__color_backend_stack_int=\count187
\l__pdf_internal_box=\box51
))
Package: xpatch 2020/03/25 v0.3a Extending etoolbox patching commands

(/usr/share/texlive/texmf-dist/tex/latex/l3packages/xparse/xparse.sty
Package: xparse 2023-10-10 L3 Experimental document command parser
)
(/usr/share/texlive/texmf-dist/tex/latex/etoolbox/etoolbox.sty
Package: etoolbox 2020/10/05 v2.5k e-TeX tools for LaTeX (JAW)
\etb@tempcnta=\count188
))
\onelineskip=\skip48
\lxvchars=\skip49
\xlvchars=\skip50
\@memcnta=\count189
\c@@memmarkcntra=\count190

(/usr/share/texlive/texmf-dist/tex/generic/iftex/iftex.sty
Package: iftex 2022/02/03 v1.0f TeX engine tests
)
\trimtop=\skip51
\trimedge=\skip52

(/usr/share/texlive/texmf-dist/tex/latex/memoir/mem12.clo
File: mem12.clo 2022/07/29 v0.5 memoir class 12pt size option
)
\binding=\skip53
\spinemargin=\skip54
\foremargin=\skip55
\uppermargin=\skip56
\lowermargin=\skip57
\headdrop=\skip58
\normalrulethickness=\skip59
\mem@maxheadheight=\skip60
\mem@maxfootheight=\skip61
\headwidth=\skip62
\c@storedpagenumber=\count191
\memPD=\dimen140
\m@mabparskip=\skip63
\thanksmarkwidth=\skip64
\thanksmarksep=\skip65
\droptitle=\skip66
\c@book=\count192
\c@part=\count193
\c@chapter=\count194
\c@section=\count195
\c@subsection=\count196
\c@subsubsection=\count197
\c@paragraph=\count198
\c@subparagraph=\count199
\beforechapskip=\skip67
\midchapskip=\skip68
\afterchapskip=\skip69
\chapindent=\skip70
\bottomsectionskip=\skip71
\secindent=\skip72
\beforesecskip=\skip73
\aftersecskip=\skip74
\subsecindent=\skip75
\beforesubsecskip=\skip76
\aftersubsecskip=\skip77
\subsubsecindent=\skip78
\beforesubsubsecskip=\skip79
\aftersubsubsecskip=\skip80
\paraindent=\skip81
\beforeparaskip=\skip82
\afterparaskip=\skip83
\subparaindent=\skip84
\beforesubparaskip=\skip85
\aftersubparaskip=\skip86
\pfbreakskip=\skip87
\c@@ppsavesec=\count266
\c@@ppsaveapp=\count267
\ragrparindent=\dimen141
\everylistparindent=\dimen142
\parsepi=\skip88
\topsepi=\skip89
\itemsepi=\skip90
\parsepii=\skip91
\topsepii=\skip92
\topsepiii=\skip93
\itemsepii=\skip94
\itemsepiii=\skip95
\partopsepii=\skip96
\partopsepiii=\skip97
\m@msavetopsep=\skip98
\m@msavepartopsep=\skip99
\@enLab=\toks17
\abstitleskip=\skip100
\absleftindent=\skip101
\abs@leftindent=\dimen143
\absrightindent=\skip102
\absparindent=\skip103
\absparsep=\skip104
\c@vslineno=\count268
\c@poemline=\count269
\c@modulo@vs=\count270
\c@memfvsline=\count271
\vleftskip=\skip105
\vrightskip=\skip106
\stanzaskip=\skip107
\versewidth=\skip108
\vgap=\skip109
\vindent=\skip110
\vleftmargin=\dimen144
\c@verse=\count272
\c@chrsinstr=\count273
\beforepoemtitleskip=\skip111
\afterpoemtitleskip=\skip112
\c@poem=\count274
\beforePoemTitleskip=\skip113
\midPoemTitleskip=\skip114
\afterPoemTitleskip=\skip115

(/usr/share/texlive/texmf-dist/tex/latex/tools/array.sty
Package: array 2023/10/16 v2.5g Tabular extension package (FMi)
\col@sep=\dimen145
\ar@mcellbox=\box52
\extrarowheight=\dimen146
\NC@list=\toks18
\extratabsurround=\skip116
\backup@length=\skip117
\ar@cellbox=\box53
)
(/usr/share/texlive/texmf-dist/tex/latex/tools/dcolumn.sty
Package: dcolumn 2023/07/08 v1.06 decimal alignment package (DPC)
)
(/usr/share/texlive/texmf-dist/tex/latex/tools/delarray.sty
Package: delarray 2014/10/28 v1.01 array delimiter package (DPC)
)
(/usr/share/texlive/texmf-dist/tex/latex/tools/tabularx.sty
Package: tabularx 2023/07/08 v2.11c `tabularx' package (DPC)
\TX@col@width=\dimen147
\TX@old@table=\dimen148
\TX@old@col=\dimen149
\TX@target=\dimen150
\TX@delta=\dimen151
\TX@cols=\count275
\TX@ftn=\toks19
)
(/usr/share/texlive/texmf-dist/tex/latex/booktabs/booktabs.sty
Package: booktabs 2020/01/12 v1.61803398 Publication quality tables
\heavyrulewidth=\dimen152
\lightrulewidth=\dimen153
\cmidrulewidth=\dimen154
\belowrulesep=\dimen155
\belowbottomsep=\dimen156
\aboverulesep=\dimen157
\abovetopsep=\dimen158
\cmidrulesep=\dimen159
\cmidrulekern=\dimen160
\defaultaddspace=\dimen161
\@cmidla=\count276
\@cmidlb=\count277
\@aboverulesep=\dimen162
\@belowrulesep=\dimen163
\@thisruleclass=\count278
\@lastruleclass=\count279
\@thisrulewidth=\dimen164
)
\ctableftskip=\skip118
\ctabrightskip=\skip119
\abovecolumnspenalty=\count280
\@linestogo=\count281
\@cellstogo=\count282
\@cellsincolumn=\count283
\crtok=\toks20
\@mincolumnwidth=\dimen165
\c@newflo@tctr=\count284
\mem@margin@floatbox=\box54
\@contcwidth=\skip120
\@contindw=\skip121
\abovecaptionskip=\skip122
\belowcaptionskip=\skip123
\subfloattopskip=\skip124
\subfloatcapskip=\skip125
\subfloatcaptopadj=\skip126
\subfloatbottomskip=\skip127
\subfloatlabelskip=\skip128
\subfloatcapmargin=\dimen166
\c@@contsubnum=\count285
\m@mscap@capbox=\box55
\m@mscap@fbox=\box56
\sidecapsep=\dimen167
\sidecapwidth=\dimen168
\m@m@tempdima=\dimen169
\m@mscapraise=\dimen170
\sidecapraise=\dimen171
\m@mscapmainwidth=\dimen172
\m@mscaplkern=\dimen173
\beforeepigraphskip=\skip129
\afterepigraphskip=\skip130
\epigraphwidth=\skip131
\epigraphrule=\skip132
LaTeX Info: Redefining \em on input line 6932.
LaTeX Info: Redefining \emph on input line 6940.

(/usr/share/texlive/texmf-dist/tex/latex/hyperref/nameref.sty
Package: nameref 2023-11-26 v2.56 Cross-referencing by name of section

(/usr/share/texlive/texmf-dist/tex/latex/refcount/refcount.sty
Package: refcount 2019/12/15 v3.6 Data extraction from label references (HO)

(/usr/share/texlive/texmf-dist/tex/generic/ltxcmds/ltxcmds.sty
Package: ltxcmds 2023-12-04 v1.26 LaTeX kernel commands for general use (HO)
)
(/usr/share/texlive/texmf-dist/tex/generic/infwarerr/infwarerr.sty
Package: infwarerr 2019/12/03 v1.5 Providing info/warning/error messages (HO)
))
(/usr/share/texlive/texmf-dist/tex/generic/gettitlestring/gettitlestring.sty
Package: gettitlestring 2019/12/15 v1.6 Cleanup title references (HO)

(/usr/share/texlive/texmf-dist/tex/latex/kvoptions/kvoptions.sty
Package: kvoptions 2022-06-15 v3.15 Key value format for package options (HO)

(/usr/share/texlive/texmf-dist/tex/latex/graphics/keyval.sty
Package: keyval 2022/05/29 v1.15 key=value parser (DPC)
\KV@toks@=\toks21
)
(/usr/share/texlive/texmf-dist/tex/latex/kvsetkeys/kvsetkeys.sty
Package: kvsetkeys 2022-10-05 v1.19 Key value parser (HO)
)))
\c@section@level=\count286
)
\tocentryskip=\skip133
\tocbaseline=\skip134
\cftparskip=\skip135
\cftbeforebookskip=\skip136
\cftbookindent=\dimen174
\cftbooknumwidth=\dimen175
\cftbeforepartskip=\skip137
\cftpartindent=\skip138
\cftpartnumwidth=\skip139
\cftbeforechapterskip=\skip140
\cftchapterindent=\skip141
\cftchapternumwidth=\skip142
\cftbeforesectionskip=\skip143
\cftsectionindent=\skip144
\cftsectionnumwidth=\skip145
\cftbeforesubsectionskip=\skip146
\cftsubsectionindent=\skip147
\cftsubsectionnumwidth=\skip148
\cftbeforesubsubsectionskip=\skip149
\cftsubsubsectionindent=\skip150
\cftsubsubsectionnumwidth=\skip151
\cftbeforeparagraphskip=\skip152
\cftparagraphindent=\skip153
\cftparagraphnumwidth=\skip154
\cftbeforesubparagraphskip=\skip155
\cftsubparagraphindent=\skip156
\cftsubparagraphnumwidth=\skip157
\prechapterprecisshift=\dimen176
\c@maxsecnumdepth=\count287
\bibindent=\dimen177
\bibitemsep=\skip158
\indexcolsep=\skip159
\indexrule=\skip160
\indexmarkstyle=\toks22
\@indexbox=\insert252
LaTeX Info: Redefining \raggedbottom on input line 7935.
LaTeX Info: Redefining \flushbottom on input line 7939.
\glossarycolsep=\dimen178
\glossaryrule=\dimen179
\sideparvshift=\skip161
\sideins=\insert251
\sidebartopsep=\skip162
\sidebarhsep=\skip163
\sidebarvsep=\skip164
\sidebarwidth=\skip165
\footmarkwidth=\skip166
\footmarksep=\skip167
\footparindent=\skip168
\footinsdim=\skip169
\footinsv@r=\insert250
\@mpfootinsv@r=\insert249
\m@m@k=\count288
\m@m@h=\dimen180
\m@mipn@skip=\skip170
\sidefootins=\insert248
\sidefootadjust=\skip171
\sidefootheight=\skip172
\sidefoothsep=\skip173
\sidefootvsep=\skip174
\sidefootwidth=\skip175
\m@mdownsf=\skip176
\c@sidefootnote=\count289
\sidefootmarkwidth=\skip177
\sidefootmarksep=\skip178
\sidefootparindent=\skip179
\c@pagenote=\count290
\c@pagenoteshadow=\count291
\mem@pn@lastkern=\skip180

(/usr/share/texlive/texmf-dist/tex/latex/tools/verbatim.sty
Package: verbatim 2023-11-06 v1.5v LaTeX2e package for verbatim enhancements
\every@verbatim=\toks23
\verbatim@line=\toks24
\verbatim@in@stream=\read2
)
\verbatimindent=\skip181
\verbatim@out=\write3

(/usr/share/texlive/texmf-dist/tex/latex/base/shortvrb.sty
Package: shortvrb 2022/11/13 v3.0m Standard LaTeX documentation package V3 (FMi
)
)
\bvboxsep=\skip182
\c@memfbvline=\count292
\c@bvlinectr=\count293
\bvnumlength=\skip183
\fb@frw=\dimen181
\fb@frh=\dimen182
\FrameRule=\dimen183
\FrameSep=\dimen184
\c@cp@cntr=\count294
\c@ism@mctr=\count295
\c@xsm@mctr=\count296
\c@csm@mctr=\count297
\c@ksm@mctr=\count298
\c@xksm@mctr=\count299
\c@cksm@mctr=\count300
\c@msm@mctr=\count301
\c@xmsm@mctr=\count302
\c@cmsm@mctr=\count303
\c@bsm@mctr=\count304
\c@workm@mctr=\count305
\c@sheetsequence=\count306
\c@lastsheet=\count307
\c@lastpage=\count308

(/usr/share/texlive/texmf-dist/tex/latex/textcase/textcase.sty
Package: textcase 2023/07/27 v1.04 Text only upper/lower case changing (DPC)
Package textcase Info: Defining Legacy names on input line 20.
)
\c@figure=\count309
\c@lofdepth=\count310
\cftbeforefigureskip=\skip184
\cftfigureindent=\skip185
\cftfigurenumwidth=\skip186
\c@table=\count311
\c@lotdepth=\count312
\cftbeforetableskip=\skip187
\cfttableindent=\skip188
\cfttablenumwidth=\skip189
Package abstract [2008/07/23] emulated by memoir.
Package appendix [2008/07/23] emulated by memoir.
Package ccaption [2008/07/23] emulated by memoir.
Package changepage [2008/07/23] emulated by memoir.
Package chngcntr [2008/07/23] emulated by memoir.
Package chngpage [2008/07/23] emulated by memoir.
Package crop emulated by memoir.
Package enumerate [2008/07/23] emulated by memoir.
Package epigraph [2008/07/23] emulated by memoir.
Package ifmtarg [2008/07/23] emulated by memoir.
Package index [2008/07/23] emulated by memoir.
Package makeidx [2008/07/23] emulated by memoir.
Package moreverb [2008/07/23] emulated by memoir.
Package needspace [2008/07/23] emulated by memoir.
Package newfile [2008/07/23] emulated by memoir.
Package nextpage [2008/07/23] emulated by memoir.
Package pagenote [2008/07/23] emulated by memoir.
Package parskip [2008/07/23] emulated by memoir.
Package patchcmd [2008/07/23] emulated by memoir.
Package setspace [2008/07/23] emulated by memoir.
Package shortvrb [2008/07/23] emulated by memoir.
Package showidx [2008/07/23] emulated by memoir.
Package titleref [2008/07/23] emulated by memoir.
Package titling [2008/07/23] emulated by memoir.
Package tocbibind [2008/07/23] emulated by memoir.
Package tocloft [2008/07/23] emulated by memoir.
Package tocvsec2 [2008/07/23] emulated by memoir.
Package verbatim [2008/07/23] emulated by memoir.
Package verse [2008/07/23] emulated by memoir.
)
(/usr/share/texlive/texmf-dist/tex/latex/graphics/color.sty
Package: color 2022/01/06 v1.3d Standard LaTeX Color (DPC)

(/usr/share/texlive/texmf-dist/tex/latex/graphics-cfg/color.cfg
File: color.cfg 2016/01/02 v1.6 sample color configuration
)
Package color Info: Driver file: pdftex.def on input line 149.

(/usr/share/texlive/texmf-dist/tex/latex/graphics-def/pdftex.def
File: pdftex.def 2022/09/22 v1.2b Graphics/color driver for pdftex
)
(/usr/share/texlive/texmf-dist/tex/latex/graphics/mathcolor.ltx))
(/usr/share/texlive/texmf-dist/tex/latex/xcolor/xcolor.sty
Package: xcolor 2023/11/15 v3.01 LaTeX color extensions (UK)

(/usr/share/texlive/texmf-dist/tex/latex/graphics-cfg/color.cfg
File: color.cfg 2016/01/02 v1.6 sample color configuration
)
Package xcolor Info: Driver file: pdftex.def on input line 274.
LaTeX Info: Redefining \color on input line 758.

(/usr/share/texlive/texmf-dist/tex/latex/graphics/mathcolor.ltx)
Package xcolor Info: Model `cmy' substituted by `cmy0' on input line 1350.
Package xcolor Info: Model `hsb' substituted by `rgb' on input line 1354.
Package xcolor Info: Model `RGB' extended on input line 1366.
Package xcolor Info: Model `HTML' substituted by `rgb' on input line 1368.
Package xcolor Info: Model `Hsb' substituted by `hsb' on input line 1369.
Package xcolor Info: Model `tHsb' substituted by `hsb' on input line 1370.
Package xcolor Info: Model `HSB' substituted by `hsb' on input line 1371.
Package xcolor Info: Model `Gray' substituted by `gray' on input line 1372.
Package xcolor Info: Model `wave' substituted by `hsb' on input line 1373.
)
(/usr/share/texlive/texmf-dist/tex/latex/hyperref/hyperref.sty
Package: hyperref 2024-01-20 v7.01h Hypertext links for LaTeX

(/usr/share/texlive/texmf-dist/tex/generic/kvdefinekeys/kvdefinekeys.sty
Package: kvdefinekeys 2019-12-19 v1.6 Define keys (HO)
)
(/usr/share/texlive/texmf-dist/tex/generic/pdfescape/pdfescape.sty
Package: pdfescape 2019/12/09 v1.15 Implements pdfTeX's escape features (HO)

(/usr/share/texlive/texmf-dist/tex/generic/pdftexcmds/pdftexcmds.sty
Package: pdftexcmds 2020-06-27 v0.33 Utility functions of pdfTeX for LuaTeX (HO
)
Package pdftexcmds Info: \pdf@primitive is available.
Package pdftexcmds Info: \pdf@ifprimitive is available.
Package pdftexcmds Info: \pdfdraftmode found.
))
(/usr/share/texlive/texmf-dist/tex/latex/hycolor/hycolor.sty
Package: hycolor 2020-01-27 v1.10 Color options for hyperref/bookmark (HO)
)
(/usr/share/texlive/texmf-dist/tex/latex/auxhook/auxhook.sty
Package: auxhook 2019-12-17 v1.6 Hooks for auxiliary files (HO)
)
\@linkdim=\dimen185
\Hy@linkcounter=\count313
\Hy@pagecounter=\count314

(/usr/share/texlive/texmf-dist/tex/latex/hyperref/pd1enc.def
File: pd1enc.def 2024-01-20 v7.01h Hyperref: PDFDocEncoding definition (HO)
Now handling font encoding PD1 ...
... no UTF-8 mapping file for font encoding PD1
)
(/usr/share/texlive/texmf-dist/tex/generic/intcalc/intcalc.sty
Package: intcalc 2019/12/15 v1.3 Expandable calculations with integers (HO)
)
\Hy@SavedSpaceFactor=\count315

(/usr/share/texlive/texmf-dist/tex/latex/hyperref/puenc.def
File: puenc.def 2024-01-20 v7.01h Hyperref: PDF Unicode definition (HO)
Now handling font encoding PU ...
... no UTF-8 mapping file for font encoding PU
)
Package hyperref Info: Hyper figures OFF on input line 4179.
Package hyperref Info: Link nesting OFF on input line 4184.
Package hyperref Info: Hyper index ON on input line 4187.
Package hyperref Info: Plain pages OFF on input line 4194.
Package hyperref Info: Backreferencing OFF on input line 4199.
Package hyperref Info: Implicit mode ON; LaTeX internals redefined.
Package hyperref Info: Bookmarks ON on input line 4446.
\c@Hy@tempcnt=\count316

(/usr/share/texlive/texmf-dist/tex/latex/url/url.sty
\Urlmuskip=\muskip16
Package: url 2013/09/16  ver 3.4  Verb mode for urls, etc.
)
LaTeX Info: Redefining \url on input line 4784.
\XeTeXLinkMargin=\dimen186

(/usr/share/texlive/texmf-dist/tex/generic/bitset/bitset.sty
Package: bitset 2019/12/09 v1.3 Handle bit-vector datatype (HO)

(/usr/share/texlive/texmf-dist/tex/generic/bigintcalc/bigintcalc.sty
Package: bigintcalc 2019/12/15 v1.5 Expandable calculations on big integers (HO
)
))
\Fld@menulength=\count317
\Field@Width=\dimen187
\Fld@charsize=\dimen188
Package hyperref Info: Hyper figures OFF on input line 6063.
Package hyperref Info: Link nesting OFF on input line 6068.
Package hyperref Info: Hyper index ON on input line 6071.
Package hyperref Info: backreferencing OFF on input line 6078.
Package hyperref Info: Link coloring OFF on input line 6083.
Package hyperref Info: Link coloring with OCG OFF on input line 6088.
Package hyperref Info: PDF/A mode OFF on input line 6093.

(/usr/share/texlive/texmf-dist/tex/latex/base/atbegshi-ltx.sty
Package: atbegshi-ltx 2021/01/10 v1.0c Emulation of the original atbegshi
package with kernel methods
)
\Hy@abspage=\count318
\c@Item=\count319
\c@Hfootnote=\count320
)
Package hyperref Info: Driver (autodetected): hpdftex.

(/usr/share/texlive/texmf-dist/tex/latex/hyperref/hpdftex.def
File: hpdftex.def 2024-01-20 v7.01h Hyperref driver for pdfTeX

(/usr/share/texlive/texmf-dist/tex/latex/base/atveryend-ltx.sty
Package: atveryend-ltx 2020/08/19 v1.0a Emulation of the original atveryend pac
kage
with kernel methods
)
\Fld@listcount=\count321
\c@bookmark@seq@number=\count322

(/usr/share/texlive/texmf-dist/tex/latex/rerunfilecheck/rerunfilecheck.sty
Package: rerunfilecheck 2022-07-10 v1.10 Rerun checks for auxiliary files (HO)

(/usr/share/texlive/texmf-dist/tex/generic/uniquecounter/uniquecounter.sty
Package: uniquecounter 2019/12/15 v1.4 Provide unlimited unique counter (HO)
)
Package uniquecounter Info: New unique counter `rerunfilecheck' on input line 2
85.
)
\Hy@SectionHShift=\skip190
)
(/usr/share/texlive/texmf-dist/tex/latex/memoir/memhfixc.sty
Package: memhfixc 2023/09/10 v1.22 hyperref package fixes for memoir class
\c@memhycontfloat=\count323
\c@Hpagenote=\count324
)
(/usr/share/texlive/texmf-dist/tex/latex/bookmark/bookmark.sty
Package: bookmark 2023-12-10 v1.31 PDF bookmarks (HO)

(/usr/share/texlive/texmf-dist/tex/latex/bookmark/bkm-pdftex.def
File: bkm-pdftex.def 2023-12-10 v1.31 bookmark driver for pdfTeX and luaTeX (HO
)
\BKM@id=\count325
))
(/usr/share/texlive/texmf-dist/tex/generic/babel/babel.sty
Package: babel 2024/01/07 v24.1 The Babel package
\babel@savecnt=\count326
\U@D=\dimen189
\l@unhyphenated=\language89

(/usr/share/texlive/texmf-dist/tex/generic/babel/txtbabel.def)
\bbl@readstream=\read3
\bbl@dirlevel=\count327

(/usr/share/texlive/texmf-dist/tex/generic/babel-english/english.ldf
Language: english 2017/06/06 v3.3r English support from the babel system
Package babel Info: Hyphen rules for 'canadian' set to \l@english
(babel)             (\language0). Reported on input line 102.
Package babel Info: Hyphen rules for 'australian' set to \l@ukenglish
(babel)             (\language71). Reported on input line 105.
Package babel Info: Hyphen rules for 'newzealand' set to \l@ukenglish
(babel)             (\language71). Reported on input line 108.
)
(/usr/share/texlive/texmf-dist/tex/generic/babel-french/french.ldf
Language: french 2023-12-19 v3.5r French support from the babel system
Package babel Info: Hyphen rules for 'acadian' set to \l@french
(babel)             (\language38). Reported on input line 91.
Package babel Info: Hyphen rules for 'canadien' set to \l@french
(babel)             (\language38). Reported on input line 92.
\FB@stdchar=\count328
Package babel Info: Making : an active character on input line 420.
Package babel Info: Making ; an active character on input line 421.
Package babel Info: Making ! an active character on input line 422.
Package babel Info: Making ? an active character on input line 423.
\FBguill@level=\count329
\FBold@everypar=\toks25
\FB@Mht=\dimen190
\mc@charclass=\count330
\mc@charfam=\count331
\mc@charslot=\count332
\std@mcc=\count333
\dec@mcc=\count334
\FB@parskip=\dimen191
\listindentFB=\dimen192
\descindentFB=\dimen193
\labelindentFB=\dimen194
\labelwidthFB=\dimen195
\leftmarginFB=\dimen196
\parindentFFN=\dimen197
\FBfnindent=\dimen198
)
(/usr/share/texlive/texmf-dist/tex/generic/babel-spanish/spanish.ldf
Language: spanish.ldf 2021/05/27 v5.0q Spanish support from the babel system
\es@quottoks=\toks26
\es@quotdepth=\count335
Package babel Info: Making " an active character on input line 570.
Package babel Info: Making . an active character on input line 675.
Package babel Info: Making < an active character on input line 722.
Package babel Info: Making > an active character on input line 722.
)
(/usr/share/texlive/texmf-dist/tex/generic/babel-portuges/brazil.ldf
Language: portuges 2021/07/09 v1.2t Portuguese support from the babel system
Package babel Info: Hyphen rules for 'brazil' set to \l@portuguese
(babel)             (\language44). Reported on input line 111.
))
(/usr/share/texlive/texmf-dist/tex/generic/babel/locale/es/babel-spanish.tex
Package babel Info: Importing font and identification data for spanish
(babel)             from babel-es.ini. Reported on input line 11.
)
(/usr/share/texlive/texmf-dist/tex/generic/babel/locale/fr/babel-french.tex
Package babel Info: Importing font and identification data for french
(babel)             from babel-fr.ini. Reported on input line 11.
)
(/usr/share/texlive/texmf-dist/tex/generic/babel/locale/en/babel-english.tex
Package babel Info: Importing font and identification data for english
(babel)             from babel-en.ini. Reported on input line 11.
)
(/usr/share/texlive/texmf-dist/tex/latex/carlisle/scalefnt.sty)
(/usr/share/texlive/texmf-dist/tex/latex/enumitem/enumitem.sty
Package: enumitem 2019/06/20 v3.9 Customized lists
\labelindent=\skip191
\enit@outerparindent=\dimen199
\enit@toks=\toks27
\enit@inbox=\box57
\enit@count@id=\count336
\enitdp@description=\count337
)
(/usr/share/texlive/texmf-dist/tex/latex/tools/calc.sty
Package: calc 2023/07/08 v4.3 Infix arithmetic (KKT,FJ)
\calc@Acount=\count338
\calc@Bcount=\count339
\calc@Adimen=\dimen256
\calc@Bdimen=\dimen257
\calc@Askip=\skip192
\calc@Bskip=\skip193
LaTeX Info: Redefining \setlength on input line 80.
LaTeX Info: Redefining \addtolength on input line 81.
\calc@Ccount=\count340
\calc@Cskip=\skip194
)

******************************************************
Stock height and width: 845.04684pt by 597.50787pt
Top and edge trims: 0pt and 0pt
Page height and width: 845.04684pt by 597.50787pt
Text height and width: 708pt by 455pt
Spine and edge margins: 85.35826pt and 56.9055pt
Upper and lower margins: 85.35826pt and 51.68858pt
Headheight and headsep: 14.5pt and 19.8738pt
Footskip: 30pt
Columnsep and columnseprule: 10pt and 0pt
Marginparsep and marginparwidth: 7pt and 42.9055pt
Sidecapsep and sidecapwidth: 7pt and 92pt
Sidebarhsep and sidebarwidth: 7pt and 92pt
Sidebarvsep and sidebartopsep: 14.5pt and 0pt
Sidebarheight: 590.14995pt
Sidefoothsep and sidefootwidth: 7pt and 92pt
Sidefootvsep and sidefootheight: 14.5pt and 590.14995pt
******************************************************

\c@abntex@bookmarkcounter=\count341
\c@quadro=\count342
\c@loqdepth=\count343
\cftbeforequadroskip=\skip195
\cftquadroindent=\skip196
\cftquadronumwidth=\skip197
\cftlastnumwidth=\skip198
\chapternamenumlength=\skip199
\ABNTEXcitacaorecuo=\skip256
\c@alineasi=\count344
\c@alineasii=\count345
\enitdp@alineas=\count346
\c@subalineasi=\count347
\enitdp@subalineas=\count348
\c@incisosi=\count349
\enitdp@incisos=\count350
\ABNTEXsignwidth=\skip257
\ABNTEXsignthickness=\skip258
\ABNTEXsignskip=\skip259

LaTeX Warning: \include should only be used after \begin{document} on input lin
e 1281.

(./USPSC-unidades.tex))
(/usr/share/texlive/texmf-dist/tex/latex/base/fontenc.sty
Package: fontenc 2021/04/29 v2.0v Standard LaTeX package
)
(/usr/share/texlive/texmf-dist/tex/latex/base/inputenc.sty
Package: inputenc 2021/02/14 v1.3d Input encoding file
\inpenc@prehook=\toks28
\inpenc@posthook=\toks29
)
(/usr/share/texmf/tex/latex/lm/lmodern.sty
Package: lmodern 2015/05/01 v1.6.1 Latin Modern Fonts
LaTeX Font Info:    Overwriting symbol font `operators' in version `normal'
(Font)                  OT1/cmr/m/n --> OT1/lmr/m/n on input line 22.
LaTeX Font Info:    Overwriting symbol font `letters' in version `normal'
(Font)                  OML/cmm/m/it --> OML/lmm/m/it on input line 23.
LaTeX Font Info:    Overwriting symbol font `symbols' in version `normal'
(Font)                  OMS/cmsy/m/n --> OMS/lmsy/m/n on input line 24.
LaTeX Font Info:    Overwriting symbol font `largesymbols' in version `normal'
(Font)                  OMX/cmex/m/n --> OMX/lmex/m/n on input line 25.
LaTeX Font Info:    Overwriting symbol font `operators' in version `bold'
(Font)                  OT1/cmr/bx/n --> OT1/lmr/bx/n on input line 26.
LaTeX Font Info:    Overwriting symbol font `letters' in version `bold'
(Font)                  OML/cmm/b/it --> OML/lmm/b/it on input line 27.
LaTeX Font Info:    Overwriting symbol font `symbols' in version `bold'
(Font)                  OMS/cmsy/b/n --> OMS/lmsy/b/n on input line 28.
LaTeX Font Info:    Overwriting symbol font `largesymbols' in version `bold'
(Font)                  OMX/cmex/m/n --> OMX/lmex/m/n on input line 29.
LaTeX Font Info:    Overwriting math alphabet `\mathbf' in version `normal'
(Font)                  OT1/cmr/bx/n --> OT1/lmr/bx/n on input line 31.
LaTeX Font Info:    Overwriting math alphabet `\mathsf' in version `normal'
(Font)                  OT1/cmss/m/n --> OT1/lmss/m/n on input line 32.
LaTeX Font Info:    Overwriting math alphabet `\mathit' in version `normal'
(Font)                  OT1/cmr/m/it --> OT1/lmr/m/it on input line 33.
LaTeX Font Info:    Overwriting math alphabet `\mathtt' in version `normal'
(Font)                  OT1/cmtt/m/n --> OT1/lmtt/m/n on input line 34.
LaTeX Font Info:    Overwriting math alphabet `\mathbf' in version `bold'
(Font)                  OT1/cmr/bx/n --> OT1/lmr/bx/n on input line 35.
LaTeX Font Info:    Overwriting math alphabet `\mathsf' in version `bold'
(Font)                  OT1/cmss/bx/n --> OT1/lmss/bx/n on input line 36.
LaTeX Font Info:    Overwriting math alphabet `\mathit' in version `bold'
(Font)                  OT1/cmr/bx/it --> OT1/lmr/bx/it on input line 37.
LaTeX Font Info:    Overwriting math alphabet `\mathtt' in version `bold'
(Font)                  OT1/cmtt/m/n --> OT1/lmtt/m/n on input line 38.
)
(/usr/share/texlive/texmf-dist/tex/latex/lastpage/lastpage.sty
Package: lastpage 2023/10/14 v2.0e lastpage: 2.09 or 2e? (HMM)

(/usr/share/texlive/texmf-dist/tex/latex/lastpage/lastpage2e.sty
Package: lastpage2e 2023/10/14 v2.0e Decide which 2e lastpage version to use (H
MM)

(/usr/share/texlive/texmf-dist/tex/latex/lastpage/lastpagemodern.sty
Package: lastpagemodern 2023-10-14 v2.0e Refers to last page's name (HMM; JPG)
\c@lastpagecount=\count351
) 
)) (/usr/share/texlive/texmf-dist/tex/latex/tools/indentfirst.sty
Package: indentfirst 2023/07/02 v1.03 Indent first paragraph (DPC)
)
(/usr/share/texlive/texmf-dist/tex/latex/graphics/graphicx.sty
Package: graphicx 2021/09/16 v1.2d Enhanced LaTeX Graphics (DPC,SPQR)

(/usr/share/texlive/texmf-dist/tex/latex/graphics/graphics.sty
Package: graphics 2022/03/10 v1.4e Standard LaTeX Graphics (DPC,SPQR)

(/usr/share/texlive/texmf-dist/tex/latex/graphics/trig.sty
Package: trig 2021/08/11 v1.11 sin cos tan (DPC)
)
(/usr/share/texlive/texmf-dist/tex/latex/graphics-cfg/graphics.cfg
File: graphics.cfg 2016/06/04 v1.11 sample graphics configuration
)
Package graphics Info: Driver file: pdftex.def on input line 107.
)
\Gin@req@height=\dimen258
\Gin@req@width=\dimen259
)
(/usr/share/texlive/texmf-dist/tex/latex/float/float.sty
Package: float 2001/11/08 v1.3d Float enhancements (AL)
\c@float@type=\count352
\float@exts=\toks30
\float@box=\box58
\@float@everytoks=\toks31
\@floatcapt=\box59
)
(/usr/share/texlive/texmf-dist/tex/generic/chemfig/chemfig.sty
(/usr/share/texlive/texmf-dist/tex/latex/pgf/frontendlayer/tikz.sty
(/usr/share/texlive/texmf-dist/tex/latex/pgf/basiclayer/pgf.sty
(/usr/share/texlive/texmf-dist/tex/latex/pgf/utilities/pgfrcs.sty
(/usr/share/texlive/texmf-dist/tex/generic/pgf/utilities/pgfutil-common.tex
\pgfutil@everybye=\toks32
\pgfutil@tempdima=\dimen260
\pgfutil@tempdimb=\dimen261
)
(/usr/share/texlive/texmf-dist/tex/generic/pgf/utilities/pgfutil-latex.def
\pgfutil@abb=\box60
)
(/usr/share/texlive/texmf-dist/tex/generic/pgf/utilities/pgfrcs.code.tex
(/usr/share/texlive/texmf-dist/tex/generic/pgf/pgf.revision.tex)
Package: pgfrcs 2023-01-15 v3.1.10 (3.1.10)
))
Package: pgf 2023-01-15 v3.1.10 (3.1.10)

(/usr/share/texlive/texmf-dist/tex/latex/pgf/basiclayer/pgfcore.sty
(/usr/share/texlive/texmf-dist/tex/latex/pgf/systemlayer/pgfsys.sty
(/usr/share/texlive/texmf-dist/tex/generic/pgf/systemlayer/pgfsys.code.tex
Package: pgfsys 2023-01-15 v3.1.10 (3.1.10)

(/usr/share/texlive/texmf-dist/tex/generic/pgf/utilities/pgfkeys.code.tex
\pgfkeys@pathtoks=\toks33
\pgfkeys@temptoks=\toks34

(/usr/share/texlive/texmf-dist/tex/generic/pgf/utilities/pgfkeyslibraryfiltered
.code.tex
\pgfkeys@tmptoks=\toks35
))
\pgf@x=\dimen262
\pgf@y=\dimen263
\pgf@xa=\dimen264
\pgf@ya=\dimen265
\pgf@xb=\dimen266
\pgf@yb=\dimen267
\pgf@xc=\dimen268
\pgf@yc=\dimen269
\pgf@xd=\dimen270
\pgf@yd=\dimen271
\w@pgf@writea=\write4
\r@pgf@reada=\read4
\c@pgf@counta=\count353
\c@pgf@countb=\count354
\c@pgf@countc=\count355
\c@pgf@countd=\count356
\t@pgf@toka=\toks36
\t@pgf@tokb=\toks37
\t@pgf@tokc=\toks38
\pgf@sys@id@count=\count357
 (/usr/share/texlive/texmf-dist/tex/generic/pgf/systemlayer/pgf.cfg
File: pgf.cfg 2023-01-15 v3.1.10 (3.1.10)
)
Driver file for pgf: pgfsys-pdftex.def
(/usr/share/texlive/texmf-dist/tex/generic/pgf/systemlayer/pgfsys-pdftex.def
File: pgfsys-pdftex.def 2023-01-15 v3.1.10 (3.1.10)

(/usr/share/texlive/texmf-dist/tex/generic/pgf/systemlayer/pgfsys-common-pdf.de
f
File: pgfsys-common-pdf.def 2023-01-15 v3.1.10 (3.1.10)
)))
(/usr/share/texlive/texmf-dist/tex/generic/pgf/systemlayer/pgfsyssoftpath.code.
tex
File: pgfsyssoftpath.code.tex 2023-01-15 v3.1.10 (3.1.10)
\pgfsyssoftpath@smallbuffer@items=\count358
\pgfsyssoftpath@bigbuffer@items=\count359
)
(/usr/share/texlive/texmf-dist/tex/generic/pgf/systemlayer/pgfsysprotocol.code.
tex
File: pgfsysprotocol.code.tex 2023-01-15 v3.1.10 (3.1.10)
))
(/usr/share/texlive/texmf-dist/tex/generic/pgf/basiclayer/pgfcore.code.tex
Package: pgfcore 2023-01-15 v3.1.10 (3.1.10)

(/usr/share/texlive/texmf-dist/tex/generic/pgf/math/pgfmath.code.tex
(/usr/share/texlive/texmf-dist/tex/generic/pgf/math/pgfmathutil.code.tex)
(/usr/share/texlive/texmf-dist/tex/generic/pgf/math/pgfmathparser.code.tex
\pgfmath@dimen=\dimen272
\pgfmath@count=\count360
\pgfmath@box=\box61
\pgfmath@toks=\toks39
\pgfmath@stack@operand=\toks40
\pgfmath@stack@operation=\toks41
)
(/usr/share/texlive/texmf-dist/tex/generic/pgf/math/pgfmathfunctions.code.tex)
(/usr/share/texlive/texmf-dist/tex/generic/pgf/math/pgfmathfunctions.basic.code
.tex)
(/usr/share/texlive/texmf-dist/tex/generic/pgf/math/pgfmathfunctions.trigonomet
ric.code.tex)
(/usr/share/texlive/texmf-dist/tex/generic/pgf/math/pgfmathfunctions.random.cod
e.tex)
(/usr/share/texlive/texmf-dist/tex/generic/pgf/math/pgfmathfunctions.comparison
.code.tex)
(/usr/share/texlive/texmf-dist/tex/generic/pgf/math/pgfmathfunctions.base.code.
tex)
(/usr/share/texlive/texmf-dist/tex/generic/pgf/math/pgfmathfunctions.round.code
.tex)
(/usr/share/texlive/texmf-dist/tex/generic/pgf/math/pgfmathfunctions.misc.code.
tex)
(/usr/share/texlive/texmf-dist/tex/generic/pgf/math/pgfmathfunctions.integerari
thmetics.code.tex)
(/usr/share/texlive/texmf-dist/tex/generic/pgf/math/pgfmathcalc.code.tex)
(/usr/share/texlive/texmf-dist/tex/generic/pgf/math/pgfmathfloat.code.tex
\c@pgfmathroundto@lastzeros=\count361
))
(/usr/share/texlive/texmf-dist/tex/generic/pgf/math/pgfint.code.tex)
(/usr/share/texlive/texmf-dist/tex/generic/pgf/basiclayer/pgfcorepoints.code.te
x
File: pgfcorepoints.code.tex 2023-01-15 v3.1.10 (3.1.10)
\pgf@picminx=\dimen273
\pgf@picmaxx=\dimen274
\pgf@picminy=\dimen275
\pgf@picmaxy=\dimen276
\pgf@pathminx=\dimen277
\pgf@pathmaxx=\dimen278
\pgf@pathminy=\dimen279
\pgf@pathmaxy=\dimen280
\pgf@xx=\dimen281
\pgf@xy=\dimen282
\pgf@yx=\dimen283
\pgf@yy=\dimen284
\pgf@zx=\dimen285
\pgf@zy=\dimen286
)
(/usr/share/texlive/texmf-dist/tex/generic/pgf/basiclayer/pgfcorepathconstruct.
code.tex
File: pgfcorepathconstruct.code.tex 2023-01-15 v3.1.10 (3.1.10)
\pgf@path@lastx=\dimen287
\pgf@path@lasty=\dimen288
)
(/usr/share/texlive/texmf-dist/tex/generic/pgf/basiclayer/pgfcorepathusage.code
.tex
File: pgfcorepathusage.code.tex 2023-01-15 v3.1.10 (3.1.10)
\pgf@shorten@end@additional=\dimen289
\pgf@shorten@start@additional=\dimen290
)
(/usr/share/texlive/texmf-dist/tex/generic/pgf/basiclayer/pgfcorescopes.code.te
x
File: pgfcorescopes.code.tex 2023-01-15 v3.1.10 (3.1.10)
\pgfpic=\box62
\pgf@hbox=\box63
\pgf@layerbox@main=\box64
\pgf@picture@serial@count=\count362
)
(/usr/share/texlive/texmf-dist/tex/generic/pgf/basiclayer/pgfcoregraphicstate.c
ode.tex
File: pgfcoregraphicstate.code.tex 2023-01-15 v3.1.10 (3.1.10)
\pgflinewidth=\dimen291
)
(/usr/share/texlive/texmf-dist/tex/generic/pgf/basiclayer/pgfcoretransformation
s.code.tex
File: pgfcoretransformations.code.tex 2023-01-15 v3.1.10 (3.1.10)
\pgf@pt@x=\dimen292
\pgf@pt@y=\dimen293
\pgf@pt@temp=\dimen294
)
(/usr/share/texlive/texmf-dist/tex/generic/pgf/basiclayer/pgfcorequick.code.tex
File: pgfcorequick.code.tex 2023-01-15 v3.1.10 (3.1.10)
)
(/usr/share/texlive/texmf-dist/tex/generic/pgf/basiclayer/pgfcoreobjects.code.t
ex
File: pgfcoreobjects.code.tex 2023-01-15 v3.1.10 (3.1.10)
)
(/usr/share/texlive/texmf-dist/tex/generic/pgf/basiclayer/pgfcorepathprocessing
.code.tex
File: pgfcorepathprocessing.code.tex 2023-01-15 v3.1.10 (3.1.10)
)
(/usr/share/texlive/texmf-dist/tex/generic/pgf/basiclayer/pgfcorearrows.code.te
x
File: pgfcorearrows.code.tex 2023-01-15 v3.1.10 (3.1.10)
\pgfarrowsep=\dimen295
)
(/usr/share/texlive/texmf-dist/tex/generic/pgf/basiclayer/pgfcoreshade.code.tex
File: pgfcoreshade.code.tex 2023-01-15 v3.1.10 (3.1.10)
\pgf@max=\dimen296
\pgf@sys@shading@range@num=\count363
\pgf@shadingcount=\count364
)
(/usr/share/texlive/texmf-dist/tex/generic/pgf/basiclayer/pgfcoreimage.code.tex
File: pgfcoreimage.code.tex 2023-01-15 v3.1.10 (3.1.10)
)
(/usr/share/texlive/texmf-dist/tex/generic/pgf/basiclayer/pgfcoreexternal.code.
tex
File: pgfcoreexternal.code.tex 2023-01-15 v3.1.10 (3.1.10)
\pgfexternal@startupbox=\box65
)
(/usr/share/texlive/texmf-dist/tex/generic/pgf/basiclayer/pgfcorelayers.code.te
x
File: pgfcorelayers.code.tex 2023-01-15 v3.1.10 (3.1.10)
)
(/usr/share/texlive/texmf-dist/tex/generic/pgf/basiclayer/pgfcoretransparency.c
ode.tex
File: pgfcoretransparency.code.tex 2023-01-15 v3.1.10 (3.1.10)
)
(/usr/share/texlive/texmf-dist/tex/generic/pgf/basiclayer/pgfcorepatterns.code.
tex
File: pgfcorepatterns.code.tex 2023-01-15 v3.1.10 (3.1.10)
)
(/usr/share/texlive/texmf-dist/tex/generic/pgf/basiclayer/pgfcorerdf.code.tex
File: pgfcorerdf.code.tex 2023-01-15 v3.1.10 (3.1.10)
)))
(/usr/share/texlive/texmf-dist/tex/generic/pgf/modules/pgfmoduleshapes.code.tex
File: pgfmoduleshapes.code.tex 2023-01-15 v3.1.10 (3.1.10)
\pgfnodeparttextbox=\box66
) (/usr/share/texlive/texmf-dist/tex/generic/pgf/modules/pgfmoduleplot.code.tex
File: pgfmoduleplot.code.tex 2023-01-15 v3.1.10 (3.1.10)
)
(/usr/share/texlive/texmf-dist/tex/latex/pgf/compatibility/pgfcomp-version-0-65
.sty
Package: pgfcomp-version-0-65 2023-01-15 v3.1.10 (3.1.10)
\pgf@nodesepstart=\dimen297
\pgf@nodesepend=\dimen298
)
(/usr/share/texlive/texmf-dist/tex/latex/pgf/compatibility/pgfcomp-version-1-18
.sty
Package: pgfcomp-version-1-18 2023-01-15 v3.1.10 (3.1.10)
)) (/usr/share/texlive/texmf-dist/tex/latex/pgf/utilities/pgffor.sty
(/usr/share/texlive/texmf-dist/tex/latex/pgf/utilities/pgfkeys.sty
(/usr/share/texlive/texmf-dist/tex/generic/pgf/utilities/pgfkeys.code.tex))
(/usr/share/texlive/texmf-dist/tex/latex/pgf/math/pgfmath.sty
(/usr/share/texlive/texmf-dist/tex/generic/pgf/math/pgfmath.code.tex))
(/usr/share/texlive/texmf-dist/tex/generic/pgf/utilities/pgffor.code.tex
Package: pgffor 2023-01-15 v3.1.10 (3.1.10)
\pgffor@iter=\dimen299
\pgffor@skip=\dimen300
\pgffor@stack=\toks42
\pgffor@toks=\toks43
))
(/usr/share/texlive/texmf-dist/tex/generic/pgf/frontendlayer/tikz/tikz.code.tex
Package: tikz 2023-01-15 v3.1.10 (3.1.10)

(/usr/share/texlive/texmf-dist/tex/generic/pgf/libraries/pgflibraryplothandlers
.code.tex
File: pgflibraryplothandlers.code.tex 2023-01-15 v3.1.10 (3.1.10)
\pgf@plot@mark@count=\count365
\pgfplotmarksize=\dimen301
)
\tikz@lastx=\dimen302
\tikz@lasty=\dimen303
\tikz@lastxsaved=\dimen304
\tikz@lastysaved=\dimen305
\tikz@lastmovetox=\dimen306
\tikz@lastmovetoy=\dimen307
\tikzleveldistance=\dimen308
\tikzsiblingdistance=\dimen309
\tikz@figbox=\box67
\tikz@figbox@bg=\box68
\tikz@tempbox=\box69
\tikz@tempbox@bg=\box70
\tikztreelevel=\count366
\tikznumberofchildren=\count367
\tikznumberofcurrentchild=\count368
\tikz@fig@count=\count369

(/usr/share/texlive/texmf-dist/tex/generic/pgf/modules/pgfmodulematrix.code.tex
File: pgfmodulematrix.code.tex 2023-01-15 v3.1.10 (3.1.10)
\pgfmatrixcurrentrow=\count370
\pgfmatrixcurrentcolumn=\count371
\pgf@matrix@numberofcolumns=\count372
)
\tikz@expandcount=\count373

(/usr/share/texlive/texmf-dist/tex/generic/pgf/frontendlayer/tikz/libraries/tik
zlibrarytopaths.code.tex
File: tikzlibrarytopaths.code.tex 2023-01-15 v3.1.10 (3.1.10)
)))
(/usr/share/texlive/texmf-dist/tex/generic/chemfig/chemfig.tex
(/usr/share/texlive/texmf-dist/tex/generic/simplekv/simplekv.tex
Package: simplekv 2023/10/02 v0.2c Simple keyval package (CT)
)
(/usr/share/texlive/texmf-dist/tex/generic/pgf/libraries/pgflibraryarrows.meta.
code.tex
File: pgflibraryarrows.meta.code.tex 2023-01-15 v3.1.10 (3.1.10)
\pgfarrowinset=\dimen310
\pgfarrowlength=\dimen311
\pgfarrowwidth=\dimen312
\pgfarrowlinewidth=\dimen313
)
\CF_cnt_atomgroup=\count374
\CF_cnt_group=\count375
\CF_cnt_atom=\count376
\CF_cnt_cycle=\count377
\CF_cnt_cyclebonds=\count378
\CF_cnt_compound=\count379
\CF_dim=\dimen314
\CF_turnangle=\dimen315
\CF_arrowsize=\dimen316
\CF_zero=\dimen317
\CF_box=\box71
\CF_boxstuff=\box72
\CF_testbox=\box73
\CF_chargebox=\box74
\CF_substtoks=\toks44
)
Package: chemfig 2023/12/28 v1.66 Draw molecule with an easy syntax (CT)
) (/usr/share/texlive/texmf-dist/tex/latex/chemmacros/chemmacros.sty
(/usr/share/texlive/texmf-dist/tex/latex/l3packages/l3keys2e/l3keys2e.sty
Package: l3keys2e 2023-10-10 LaTeX2e option processing using LaTeX3 keys
)
Package: chemmacros 2022/03/11 v6.2a comprehensive support for typesetting chem
istry documents (CN & SK)
\l__chemmacros_tmpa_dim=\dimen318
\l__chemmacros_tmpb_dim=\dimen319
\l__chemmacros_tmpc_dim=\dimen320
\l__chemmacros_tmpa_int=\count380
\l__chemmacros_tmpb_int=\count381
\l__chemmacros_tmpc_int=\count382
\l__chemmacros_tmpa_box=\box75
\l__chemmacros_tmpb_box=\box76
\l__chemmacros_tmpc_box=\box77
Loading the chemmacros module `base' ...

Loading the chemmacros module `base' ...
(/usr/share/texlive/texmf-dist/tex/latex/tools/bm.sty
Package: bm 2023/07/08 v1.2f Bold Symbol Support (DPC/FMi)
\symboldoperators=\mathgroup4
\symboldletters=\mathgroup5
\symboldsymbols=\mathgroup6
Package bm Info: No bold for \OMX/lmex/m/n, using \pmb.
LaTeX Font Info:    Redeclaring math alphabet \mathbf on input line 149.
)
(/usr/share/texlive/texmf-dist/tex/latex/amsmath/amstext.sty
Package: amstext 2021/08/26 v2.01 AMS text

(/usr/share/texlive/texmf-dist/tex/latex/amsmath/amsgen.sty
File: amsgen.sty 1999/11/30 v2.0 generic functions
\@emptytoks=\toks45
\ex@=\dimen321
))
Loading the chemmacros module `errorcheck' ...

Loading the chemmacros module `errorcheck' ...
Loading the chemmacros module `lang' ...
Loading the chemmacros module `lang' ...
(/usr/share/texlive/texmf-dist/tex/latex/translations/translations.sty
Package: translations 2022/02/05 v1.12 internationalization of LaTeX2e packages
 (CN)
)
Loading the chemmacros module `greek' ...

Loading the chemmacros module `greek' ...
(/usr/share/texlive/texmf-dist/tex/latex/chemgreek/chemgreek.sty
Package: chemgreek 2020/01/16 v1.1a interface for upright Greek letters for use
 in chemistry (CN)
\l__chemgreek_tmpa_int=\count383
\g__chemgreek_tmpa_int=\count384
)
Loading the chemmacros module `formula' ...

Loading the chemmacros module `formula' ...
Loading the chemmacros module `charges' ...
Loading the chemmacros module `charges' ...
Loading the chemmacros module `acid-base' ...
Loading the chemmacros module `acid-base' ...
Loading the chemmacros module `symbols' ...
Loading the chemmacros module `symbols' ...
Loading the chemmacros module `particles' ...
Loading the chemmacros module `particles' ...
\l__chemmacros_nucleophile_dim=\dimen322
Loading the chemmacros module `phases' ...
Loading the chemmacros module `phases' ...
\l__chemmacros_phases_space_dim=\dimen323
Loading the chemmacros module `nomenclature' ...
Loading the chemmacros module `nomenclature' ...
\l__chemmacros_cip_kern_dim=\dimen324
\l__chemmacros_iupac_hyphen_pre_dim=\dimen325
\l__chemmacros_iupac_hyphen_post_dim=\dimen326
\l__chemmacros_iupac_break_dim=\dimen327
\l__chemmacros_iupac_break_skip=\skip260
Loading the chemmacros module `tikz' ...
Loading the chemmacros module `tikz' ...

(/usr/share/texlive/texmf-dist/tex/generic/pgf/frontendlayer/tikz/libraries/tik
zlibrarycalc.code.tex
File: tikzlibrarycalc.code.tex 2023-01-15 v3.1.10 (3.1.10)
)
(/usr/share/texlive/texmf-dist/tex/generic/pgf/frontendlayer/tikz/libraries/tik
zlibrarydecorations.pathmorphing.code.tex
(/usr/share/texlive/texmf-dist/tex/generic/pgf/frontendlayer/tikz/libraries/tik
zlibrarydecorations.code.tex
(/usr/share/texlive/texmf-dist/tex/generic/pgf/modules/pgfmoduledecorations.cod
e.tex
\pgfdecoratedcompleteddistance=\dimen328
\pgfdecoratedremainingdistance=\dimen329
\pgfdecoratedinputsegmentcompleteddistance=\dimen330
\pgfdecoratedinputsegmentremainingdistance=\dimen331
\pgf@decorate@distancetomove=\dimen332
\pgf@decorate@repeatstate=\count385
\pgfdecorationsegmentamplitude=\dimen333
\pgfdecorationsegmentlength=\dimen334
)
\tikz@lib@dec@box=\box78
)
(/usr/share/texlive/texmf-dist/tex/generic/pgf/libraries/decorations/pgflibrary
decorations.pathmorphing.code.tex))
\l__chemmacros_el_length_dim=\dimen335
Loading the chemmacros module `isotopes' ...

Loading the chemmacros module `isotopes' ...
(/usr/share/texlive/texmf-dist/tex/latex/elements/elements.sty
Package: elements 2022/01/29 v0.4 properties of chemical elements
\c@@elements@orbital@type=\count386
\c@@elements@shell@number=\count387
)
Loading the chemmacros module `mechanisms' ...

Loading the chemmacros module `mechanisms' ...
Loading the chemmacros module `newman' ...
Loading the chemmacros module `newman' ...
Loading the chemmacros module `orbital' ...
Loading the chemmacros module `orbital' ...
Loading the chemmacros module `polymers' ...
Loading the chemmacros module `polymers' ...
\l__chemmacros_polymer_delimiter_height_dim=\dimen336
\l__chemmacros_polymer_delimiter_depth_dim=\dimen337
Loading the chemmacros module `reactions' ...
Loading the chemmacros module `reactions' ...
\c@reaction=\count388
(/usr/share/texlive/texmf-dist/tex/latex/mathtools/mathtools.sty
Package: mathtools 2022/06/29 v1.29 mathematical typesetting tools

(/usr/share/texlive/texmf-dist/tex/latex/mathtools/mhsetup.sty
Package: mhsetup 2021/03/18 v1.4 programming setup (MH)
)
(/usr/share/texlive/texmf-dist/tex/latex/amsmath/amsmath.sty
Package: amsmath 2023/05/13 v2.17o AMS math features
\@mathmargin=\skip261

For additional information on amsmath, use the `?' option.
(/usr/share/texlive/texmf-dist/tex/latex/amsmath/amsbsy.sty
Package: amsbsy 1999/11/29 v1.2d Bold Symbols
LaTeX Info: Redefining \boldsymbol on input line 28.
\pmbraise@=\dimen338
)
(/usr/share/texlive/texmf-dist/tex/latex/amsmath/amsopn.sty
Package: amsopn 2022/04/08 v2.04 operator names
)
\inf@bad=\count389
LaTeX Info: Redefining \frac on input line 234.
\uproot@=\count390
\leftroot@=\count391
LaTeX Info: Redefining \overline on input line 399.
LaTeX Info: Redefining \colon on input line 410.
\classnum@=\count392
\DOTSCASE@=\count393
LaTeX Info: Redefining \ldots on input line 496.
LaTeX Info: Redefining \dots on input line 499.
LaTeX Info: Redefining \cdots on input line 620.
\Mathstrutbox@=\box79
\strutbox@=\box80
LaTeX Info: Redefining \big on input line 722.
LaTeX Info: Redefining \Big on input line 723.
LaTeX Info: Redefining \bigg on input line 724.
LaTeX Info: Redefining \Bigg on input line 725.
\big@size=\dimen339
LaTeX Font Info:    Redeclaring font encoding OML on input line 743.
LaTeX Font Info:    Redeclaring font encoding OMS on input line 744.
\macc@depth=\count394
LaTeX Info: Redefining \bmod on input line 905.
LaTeX Info: Redefining \pmod on input line 910.
LaTeX Info: Redefining \smash on input line 940.
LaTeX Info: Redefining \relbar on input line 970.
LaTeX Info: Redefining \Relbar on input line 971.
\c@MaxMatrixCols=\count395
\dotsspace@=\muskip17
\c@parentequation=\count396
\dspbrk@lvl=\count397
\tag@help=\toks46
\row@=\count398
\column@=\count399
\maxfields@=\count400
\andhelp@=\toks47
\eqnshift@=\dimen340
\alignsep@=\dimen341
\tagshift@=\dimen342
\tagwidth@=\dimen343
\totwidth@=\dimen344
\lineht@=\dimen345
\@envbody=\toks48
\multlinegap=\skip262
\multlinetaggap=\skip263
\mathdisplay@stack=\toks49
LaTeX Info: Redefining \[ on input line 2953.
LaTeX Info: Redefining \] on input line 2954.
)
\g_MT_multlinerow_int=\count401
\l_MT_multwidth_dim=\dimen346
\origjot=\skip264
\l_MT_shortvdotswithinadjustabove_dim=\dimen347
\l_MT_shortvdotswithinadjustbelow_dim=\dimen348
\l_MT_above_intertext_sep=\dimen349
\l_MT_below_intertext_sep=\dimen350
\l_MT_above_shortintertext_sep=\dimen351
\l_MT_below_shortintertext_sep=\dimen352
\xmathstrut@box=\box81
\xmathstrut@dim=\dimen353
)
Loading the chemmacros module `redox' ...

Loading the chemmacros module `redox' ...
(/usr/share/texlive/texmf-dist/tex/latex/relsize/relsize.sty
Package: relsize 2013/03/29 ver 4.1
)
\l__chemmacros_ox_number_int=\count402
\l__chemmacros_redox_sep_dim=\dimen354
\l__chemmacros_redox_sep_default_dim=\dimen355
\l__chemmacros_redox_dist_dim=\dimen356
Loading the chemmacros module `xfrac' ...

Loading the chemmacros module `xfrac' ...
(/usr/share/texlive/texmf-dist/tex/latex/l3packages/xfrac/xfrac.sty
(/usr/share/texlive/texmf-dist/tex/latex/base/textcomp.sty
Package: textcomp 2020/02/02 v2.0n Standard LaTeX package
)
(/usr/share/texlive/texmf-dist/tex/latex/l3packages/xtemplate/xtemplate.sty
Package: xtemplate 2023-10-10 L3 Experimental prototype document functions
\l__xtemplate_tmp_dim=\dimen357
\l__xtemplate_tmp_int=\count403
\l__xtemplate_tmp_muskip=\muskip18
\l__xtemplate_tmp_skip=\skip265
)
Package: xfrac 2023-10-10 L3 Experimental split-level fractions
\l__xfrac_slash_box=\box82
\l__xfrac_tmp_box=\box83
\l__xfrac_denominator_bot_sep_dim=\dimen358
\l__xfrac_numerator_bot_sep_dim=\dimen359
\l__xfrac_numerator_top_sep_dim=\dimen360
\l__xfrac_slash_left_sep_dim=\dimen361
\l__xfrac_slash_right_sep_dim=\dimen362
\l__xfrac_slash_left_muskip=\muskip19
\l__xfrac_slash_right_muskip=\muskip20

Package xtemplate Info: Declaring object type 'xfrac' taking 3 argument(s) on
(xtemplate)             line 80.

)
Loading the chemmacros module `scheme' ...

Loading the chemmacros module `scheme' ...
(/usr/share/texlive/texmf-dist/tex/latex/chemnum/chemnum.sty
Package: chemnum 2021/01/21 v1.3a a comprehensive approach for the numbering of
 chemical compounds (CN)

(/usr/share/texlive/texmf-dist/tex/latex/psfrag/psfrag.sty
Package: psfrag 1998/04/11 v3.04 PSfrag (MCG)
\pfg@pcount=\count404
\pfg@scount=\count405
\pfg@temp=\write5
)
\l__chemnum_tmpa_int=\count406
\l__chemnum_tmpb_int=\count407
\l__chemnum_tmpc_int=\count408
\c@cmpdmain=\count409
\g__chemnum_main_int=\count410
\l__chemnum_compound_replace_int=\count411
)
Loading the chemmacros module `spectroscopy' ...

Loading the chemmacros module `spectroscopy' ...
(/usr/share/texlive/texmf-dist/tex/latex/siunitx/siunitx.sty
Package: siunitx 2024-01-25 v3.3.10 A comprehensive (SI) units package
\l__siunitx_number_uncert_offset_int=\count412
\l__siunitx_number_exponent_fixed_int=\count413
\l__siunitx_number_min_decimal_int=\count414
\l__siunitx_number_min_integer_int=\count415
\l__siunitx_number_round_precision_int=\count416
\l__siunitx_number_lower_threshold_int=\count417
\l__siunitx_number_upper_threshold_int=\count418
\l__siunitx_number_group_first_int=\count419
\l__siunitx_number_group_size_int=\count420
\l__siunitx_number_group_minimum_int=\count421
\l__siunitx_angle_tmp_dim=\dimen363
\l__siunitx_angle_marker_box=\box84
\l__siunitx_angle_unit_box=\box85
\l__siunitx_compound_count_int=\count422
\l__siunitx_table_tmp_box=\box86
\l__siunitx_table_tmp_dim=\dimen364
\l__siunitx_table_column_width_dim=\dimen365
\l__siunitx_table_integer_box=\box87
\l__siunitx_table_decimal_box=\box88
\l__siunitx_table_uncert_box=\box89
\l__siunitx_table_before_box=\box90
\l__siunitx_table_after_box=\box91
\l__siunitx_table_before_dim=\dimen366
\l__siunitx_table_carry_dim=\dimen367
\l__siunitx_unit_tmp_int=\count423
\l__siunitx_unit_position_int=\count424
\l__siunitx_unit_total_int=\count425
)
\l__chemmacros_nmr_space_skip=\skip266
Loading the chemmacros module `thermodynamics' ...

Loading the chemmacros module `thermodynamics' ...
Loading the chemmacros module `units' ...
Loading the chemmacros module `units' ...
Loading the chemmacros module `reactants' ...
Loading the chemmacros module `reactants' ...
Loading the chemmacros module `translations' ...
Loading the chemmacros module `translations' ...
)
(/usr/share/texlive/texmf-dist/tex/generic/pgf/frontendlayer/tikz/libraries/tik
zlibrarypositioning.code.tex
File: tikzlibrarypositioning.code.tex 2023-01-15 v3.1.10 (3.1.10)
)
(/usr/share/texlive/texmf-dist/tex/latex/microtype/microtype.sty
Package: microtype 2023/03/13 v3.1a Micro-typographical refinements (RS)
\MT@toks=\toks50
\MT@tempbox=\box92
\MT@count=\count426
LaTeX Info: Redefining \noprotrusionifhmode on input line 1059.
LaTeX Info: Redefining \leftprotrusion on input line 1060.
\MT@prot@toks=\toks51
LaTeX Info: Redefining \rightprotrusion on input line 1078.
LaTeX Info: Redefining \textls on input line 1368.
\MT@outer@kern=\dimen368
LaTeX Info: Redefining \textmicrotypecontext on input line 1988.
\MT@listname@count=\count427

(/usr/share/texlive/texmf-dist/tex/latex/microtype/microtype-pdftex.def
File: microtype-pdftex.def 2023/03/13 v3.1a Definitions specific to pdftex (RS)

LaTeX Info: Redefining \lsstyle on input line 902.
LaTeX Info: Redefining \lslig on input line 902.
\MT@outer@space=\skip267
)
Package microtype Info: Loading configuration file microtype.cfg.

(/usr/share/texlive/texmf-dist/tex/latex/microtype/microtype.cfg
File: microtype.cfg 2023/03/13 v3.1a microtype main configuration file (RS)
))
(/usr/share/texlive/texmf-dist/tex/latex/pdfpages/pdfpages.sty
Package: pdfpages 2024/01/21 v0.5y Insert pages of external PDF documents (AM)

(/usr/share/texlive/texmf-dist/tex/latex/eso-pic/eso-pic.sty
Package: eso-pic 2023/05/03 v3.0c eso-pic (RN)
\ESO@tempdima=\dimen369
\ESO@tempdimb=\dimen370
)
\AM@pagewidth=\dimen371
\AM@pageheight=\dimen372
\AM@fboxrule=\dimen373

(/usr/share/texlive/texmf-dist/tex/latex/pdfpages/pppdftex.def
File: pppdftex.def 2024/01/21 v0.5y Pdfpages driver for pdfTeX (AM)
)
\pdfpages@includegraphics@status=\count428
\AM@pagebox=\box93
\AM@global@opts=\toks52
\AM@pagecnt=\count429
\AM@toc@title=\toks53
\AM@lof@heading=\toks54
\c@AM@survey=\count430
\AM@templatesizebox=\box94
)
(/usr/share/texlive/texmf-dist/tex/latex/nomencl/nomencl.sty
Package: nomencl 2021/11/10 v5.6 Nomenclature package

(/usr/share/texlive/texmf-dist/tex/latex/xkeyval/xkeyval.sty
Package: xkeyval 2022/06/16 v2.9 package option processing (HA)

(/usr/share/texlive/texmf-dist/tex/generic/xkeyval/xkeyval.tex
(/usr/share/texlive/texmf-dist/tex/generic/xkeyval/xkvutils.tex
\XKV@toks=\toks55
\XKV@tempa@toks=\toks56
)
\XKV@depth=\count431
File: xkeyval.tex 2014/12/03 v2.7a key=value parser (HA)
))
(/usr/share/texlive/texmf-dist/tex/latex/koma-script/tocbasic.sty
Package: tocbasic 2023/07/07 v3.41 KOMA-Script package (handling toc-files)

(/usr/share/texlive/texmf-dist/tex/latex/koma-script/scrbase.sty
Package: scrbase 2023/07/07 v3.41 KOMA-Script package (KOMA-Script-independent 
basics and keyval usage)

(/usr/share/texlive/texmf-dist/tex/latex/koma-script/scrlfile.sty
Package: scrlfile 2023/07/07 v3.41 KOMA-Script package (file load hooks)

(/usr/share/texlive/texmf-dist/tex/latex/koma-script/scrlfile-hook.sty
Package: scrlfile-hook 2023/07/07 v3.41 KOMA-Script package (using LaTeX hooks)


(/usr/share/texlive/texmf-dist/tex/latex/koma-script/scrlogo.sty
Package: scrlogo 2023/07/07 v3.41 KOMA-Script package (logo)
)))
Applying: [2021/05/01] Usage of raw or classic option list on input line 252.
Already applied: [0000/00/00] Usage of raw or classic option list on input line
 368.
)
\scr@dte@tocline@numberwidth=\skip268
\scr@dte@tocline@numbox=\box95
)
Package tocbasic Info: setting babel extension for `lor' on input line 187.
Package tocbasic Info: setting babel extension for `nlo' on input line 187.
Package tocbasic Info: setting babel extension for `nls' on input line 188.
\nomlabelwidth=\dimen374
\nom@tempdim=\dimen375
\nomitemsep=\skip269
)
\@nomenclaturefile=\write6
\openout6 = `USPSC-modelo-EESC.nlo'.

Package nomencl Info: Writing nomenclature file USPSC-modelo-EESC.nlo on input 
line 88.

(/usr/share/texlive/texmf-dist/tex/latex/hyphenat/hyphenat.sty
Package: hyphenat 2009/09/02 v2.3c hyphenation utilities
\langwohyphens=\language90
LaTeX Info: Redefining \_ on input line 43.
)
(/usr/share/texlive/texmf-dist/tex/latex/textpos/textpos.sty
Package: textpos 2022/07/23 v1.10.1
Package textpos Info: choosing support for LaTeX3 on input line 60.
\TP@textbox=\box96
\TP@holdbox=\box97
\TPHorizModule=\dimen376
\TPVertModule=\dimen377
\TP@margin=\dimen378
\TP@absmargin=\dimen379

Grid set 16 x 16 = 37.34424pt x 52.81541pt
\TPboxrulesize=\dimen380
\TP@ox=\dimen381
\TP@oy=\dimen382
\TP@tbargs=\toks57
TextBlockOrigin set to 0pt x 0pt
) (/usr/share/texlive/texmf-dist/tex/latex/makebox/makebox.sty
Package: makebox 2004/07/31 v0.1 extend makebox command
)
(/usr/share/texlive/texmf-dist/tex/latex/amsfonts/amssymb.sty
Package: amssymb 2013/01/14 v3.01 AMS font symbols

(/usr/share/texlive/texmf-dist/tex/latex/amsfonts/amsfonts.sty
Package: amsfonts 2013/01/14 v3.01 Basic AMSFonts support
\symAMSa=\mathgroup7
\symAMSb=\mathgroup8
LaTeX Font Info:    Redeclaring math symbol \hbar on input line 98.
LaTeX Font Info:    Overwriting math alphabet `\mathfrak' in version `bold'
(Font)                  U/euf/m/n --> U/euf/b/n on input line 106.
))
(/usr/share/texlive/texmf-dist/tex/latex/amscls/amsthm.sty
Package: amsthm 2020/05/29 v2.20.6
\thm@style=\toks58
\thm@bodyfont=\toks59
\thm@headfont=\toks60
\thm@notefont=\toks61
\thm@headpunct=\toks62
\thm@preskip=\skip270
\thm@postskip=\skip271
\thm@headsep=\skip272
\dth@everypar=\toks63
)
(/usr/share/texlive/texmf-dist/tex/latex/amsfonts/eufrak.sty

Package eufrak Warning: The eufrak package is redundant if the amsfonts package
 is used on input line 36.

) (/usr/share/texlive/texmf-dist/tex/latex/jknapltx/mathrsfs.sty
Package: mathrsfs 1996/01/01 Math RSFS package v1.0 (jk)
\symrsfs=\mathgroup9
)
(/usr/share/texlive/texmf-dist/tex/latex/gensymb/gensymb.sty
Package: gensymb 2022/10/17 v1.0.2 (KJH)
)
(/usr/share/texlive/texmf-dist/tex/latex/subeqnarray/subeqnarray.sty
Package: subeqnarray 2004/04/15 v2.1c subeqnarray package
\c@subequation=\count432
)
(/usr/share/texlive/texmf-dist/tex/latex/cancel/cancel.sty
Package: cancel 2013/04/12 v2.2 Cancel math terms
)
(/usr/share/texlive/texmf-dist/tex/latex/algorithms/algorithm.sty
Package: algorithm 2009/08/24 v0.1 Document Style `algorithm' - floating enviro
nment
\@float@every@algorithm=\toks64
\c@algorithm=\count433
)
(/usr/share/texlive/texmf-dist/tex/latex/algorithmicx/algpseudocode.sty
Package: algpseudocode 

(/usr/share/texlive/texmf-dist/tex/latex/algorithmicx/algorithmicx.sty
Package: algorithmicx 2005/04/27 v1.2 Algorithmicx

Document Style algorithmicx 1.2 - a greatly improved `algorithmic' style
\c@ALG@line=\count434
\c@ALG@rem=\count435
\c@ALG@nested=\count436
\ALG@tlm=\skip273
\ALG@thistlm=\skip274
\c@ALG@Lnr=\count437
\c@ALG@blocknr=\count438
\c@ALG@storecount=\count439
\c@ALG@tmpcounter=\count440
\ALG@tmplength=\skip275
)
Document Style - pseudocode environments for use with the `algorithmicx' style
) (/usr/share/texlive/texmf-dist/tex/latex/subfig/subfig.sty
Package: subfig 2005/06/28 ver: 1.3 subfig package

(/usr/share/texlive/texmf-dist/tex/latex/caption/caption.sty
Package: caption 2023/08/05 v3.6o Customizing captions (AR)

(/usr/share/texlive/texmf-dist/tex/latex/caption/caption3.sty
Package: caption3 2023/07/31 v2.4d caption3 kernel (AR)
\caption@tempdima=\dimen383
\captionmargin=\dimen384
\caption@leftmargin=\dimen385
\caption@rightmargin=\dimen386
\caption@width=\dimen387
\caption@indent=\dimen388
\caption@parindent=\dimen389
\caption@hangindent=\dimen390
Package caption Info: memoir document class detected.
Package caption Info: french babel package is loaded.

(/usr/share/texlive/texmf-dist/tex/latex/caption/caption-memoir.sto
File: caption-memoir.sto 2023/09/08 v2.2c Adaption of the caption package to th
e memoir document class (AR)
))
\c@caption@flags=\count441
\c@continuedfloat=\count442
Package caption Info: changepage package is loaded.
\caption@adjustwidth@hsize=\dimen391
\caption@adjustwidth@linewidth=\dimen392
Package caption Info: float package is loaded.
Package caption Info: hyperref package is loaded.
)
\c@KVtest=\count443
\sf@farskip=\skip276
\sf@captopadj=\dimen393
\sf@capskip=\skip277
\sf@nearskip=\skip278
\c@subfigure=\count444
\c@subfigure@save=\count445
\c@subtable=\count446
\c@subtable@save=\count447
\sf@top=\skip279
\sf@bottom=\skip280
)
(/usr/share/texlive/texmf-dist/tex/latex/paracol/paracol.sty
Package: paracol 2018/12/31 v1.35 
\pcol@currcol=\count448
\pcol@nextcol=\count449
\pcol@ncol=\count450
\pcol@ncolleft=\count451
\pcol@page=\count452
\pcol@basepage=\count453
\pcol@toppage=\count454
\pcol@footnotebase=\count455
\pcol@nfootnotes=\count456
\pcol@mcid=\count457
\pcol@prevdepth=\dimen394
\pcol@colht=\dimen395
\pcol@textfloatsep=\dimen396
\pcol@lrmargin=\dimen397
\pagerim=\dimen398
\pcol@topskip=\skip281
\belowfootnoteskip=\skip282
\pcol@topfnotes=\box98
\pcol@prespan=\box99
\pcol@rightpage=\box100
\pcol@colorstack@saved=\box101
\pcol@tempboxa=\box102
\pcol@tempboxb=\box103
\pcol@colorins=\insert247
\pcol@everyvbox=\toks65
)
(./grumecSymbols.tex)
(/usr/share/texlive/texmf-dist/tex/latex/abntex2/abntex2cite.sty
Package: abntex2cite 2018/11/24 v-1.9.7 abnTeX2

(/usr/share/texlive/texmf-dist/tex/latex/abntex2/abntex2abrev.sty)
\minimumbiblabelwidth=\skip283
\ABCIauxlen=\skip284
\c@ABCIaux=\count458
\c@ABCImax=\count459

(/usr/share/texlive/texmf-dist/tex/generic/iftex/ifpdf.sty
Package: ifpdf 2019/10/25 v3.4 ifpdf legacy package. Use iftex instead.
)
(/usr/share/texlive/texmf-dist/tex/generic/iftex/ifxetex.sty
Package: ifxetex 2019/10/25 v0.7 ifxetex legacy package. Use iftex instead.
)
\biblabelsep=\skip285
LaTeX Info: Redefining \newblock on input line 591.
LaTeX Info: Redefining \cite on input line 618.
\ABCItoken=\toks66
)
(/usr/share/texlive/texmf-dist/tex/latex/lipsum/lipsum.sty
Package: lipsum 2021-09-20 v2.7 150 paragraphs of Lorem Ipsum dummy text
\g__lipsum_par_int=\count460
\l__lipsum_a_int=\count461
\l__lipsum_b_int=\count462

(/usr/share/texlive/texmf-dist/tex/latex/lipsum/lipsum.ltd.tex))
(/usr/share/texlive/texmf-dist/tex/latex/tools/multicol.sty
Package: multicol 2023/03/30 v1.9f multicolumn formatting (FMi)
\c@tracingmulticols=\count463
\mult@box=\box104
\multicol@leftmargin=\dimen399
\c@unbalance=\count464
\c@collectmore=\count465
\doublecol@number=\count466
\multicoltolerance=\count467
\multicolpretolerance=\count468
\full@width=\dimen400
\page@free=\dimen401
\premulticols=\dimen402
\postmulticols=\dimen403
\multicolsep=\skip286
\multicolbaselineskip=\skip287
\partial@page=\box105
\last@line=\box106
\mc@boxedresult=\box107
\maxbalancingoverflow=\dimen404
\mult@rightbox=\box108
\mult@grightbox=\box109
\mult@firstbox=\box110
\mult@gfirstbox=\box111
\@tempa=\box112
\@tempa=\box113
\@tempa=\box114
\@tempa=\box115
\@tempa=\box116
\@tempa=\box117
\@tempa=\box118
\@tempa=\box119
\@tempa=\box120
\@tempa=\box121
\@tempa=\box122
\@tempa=\box123
\@tempa=\box124
\@tempa=\box125
\@tempa=\box126
\@tempa=\box127
\@tempa=\box128
\@tempa=\box129
\@tempa=\box130
\@tempa=\box131
\@tempa=\box132
\@tempa=\box133
\@tempa=\box134
\@tempa=\box135
\@tempa=\box136
\@tempa=\box137
\@tempa=\box138
\@tempa=\box139
\@tempa=\box140
\@tempa=\box141
\@tempa=\box142
\@tempa=\box143
\@tempa=\box144
\@tempa=\box145
\@tempa=\box146
\@tempa=\box147
\c@minrows=\count469
\c@columnbadness=\count470
\c@finalcolumnbadness=\count471
\last@try=\dimen405
\multicolovershoot=\dimen406
\multicolundershoot=\dimen407
\mult@nat@firstbox=\box148
\colbreak@box=\box149
\mc@col@check@num=\count472
)
(/usr/share/texlive/texmf-dist/tex/latex/multirow/multirow.sty
Package: multirow 2021/03/15 v2.8 Span multiple rows of a table
\multirow@colwidth=\skip288
\multirow@cntb=\count473
\multirow@dima=\skip289
\bigstrutjot=\dimen408
)
(/usr/share/texlive/texmf-dist/tex/latex/tools/longtable.sty
Package: longtable 2023-11-01 v4.19 Multi-page Table package (DPC)
\LTleft=\skip290
\LTright=\skip291
\LTpre=\skip292
\LTpost=\skip293
\LTchunksize=\count474
\LTcapwidth=\dimen409
\LT@head=\box150
\LT@firsthead=\box151
\LT@foot=\box152
\LT@lastfoot=\box153
\LT@gbox=\box154
\LT@cols=\count475
\LT@rows=\count476
\c@LT@tables=\count477
\c@LT@chunks=\count478
\LT@p@ftn=\toks67
)
(/usr/share/texlive/texmf-dist/tex/latex/threeparttablex/threeparttablex.sty
Package: threeparttablex 2013/07/23 v0.3 by daleif

(/usr/share/texlive/texmf-dist/tex/latex/threeparttable/threeparttable.sty
Package: threeparttable 2003/06/13  v 3.0
\@tempboxb=\box155
)
(/usr/share/texlive/texmf-dist/tex/latex/environ/environ.sty
Package: environ 2014/05/04 v0.3 A new way to define environments

(/usr/share/texlive/texmf-dist/tex/latex/trimspaces/trimspaces.sty
Package: trimspaces 2009/09/17 v1.1 Trim spaces around a token list
))
\TPTL@width=\skip294
)
(./USPSC-classe/ABNT6023-10520.sty

LaTeX Warning: You have requested package `USPSC-classe/ABNT6023-10520',
               but the package provides `ABNT6023-2013'.

Package: ABNT6023-2013 
)

LaTeX Warning: \include should only be used after \begin{document} on input lin
e 235.

(./USPSC-pre-textual-EESC.tex)
Package hyperref Info: Option `colorlinks' set `true' on input line 264.
\USPSC-modelo-EESC@idxfile=\write7
\openout7 = `USPSC-modelo-EESC.idx'.


Writing index file USPSC-modelo-EESC.idx 

Package chemmacros Info: You haven't chosen a formula method so I'm assuming
(chemmacros)             the default method `chemformula'.

(/usr/share/texlive/texmf-dist/tex/latex/chemformula/chemformula.sty
(/usr/share/texlive/texmf-dist/tex/latex/units/nicefrac.sty
Package: nicefrac 1998/08/04 v0.9b Nice fractions
\L@UnitsRaiseDisplaystyle=\skip295
\L@UnitsRaiseTextstyle=\skip296
\L@UnitsRaiseScriptstyle=\skip297
)
Package: chemformula 2022/01/23 v4.17 typeset chemical compounds and reactions 
(CN)
\l__chemformula_tmpa_dim=\dimen410
\l__chemformula_tmpb_dim=\dimen411
\l__chemformula_tmpc_dim=\dimen412
\l__chemformula_tmpa_int=\count479
\l__chemformula_tmpb_int=\count480
\l__chemformula_tmpc_int=\count481
\l__chemformula_tmpa_box=\box156
\l__chemformula_tmpb_box=\box157
\l__chemformula_arrow_length_dim=\dimen413
\l__chemformula_arrow_label_height_dim=\dimen414
\l__chemformula_arrow_label_offset_dim=\dimen415
\l__chemformula_arrow_minimum_length_dim=\dimen416
\l__chemformula_arrow_shortage_dim=\dimen417
\l__chemformula_arrow_offset_dim=\dimen418
\l__chemformula_arrow_yshift_dim=\dimen419
\l__chemformula_radical_radius_dim=\dimen420
\l__chemformula_radical_hshift_dim=\dimen421
\l__chemformula_radical_vshift_dim=\dimen422
\l__chemformula_radical_space_dim=\dimen423
\l__chemformula_arrow_head_dim=\dimen424
\l__chemformula_name_dim=\dimen425
\l__chemformula_adduct_space_dim=\dimen426
\l__chemformula_charge_shift_dim=\dimen427
\l__chemformula_subscript_shift_dim=\dimen428
\l__chemformula_superscript_shift_dim=\dimen429
\l__chemformula_subscript_dim=\dimen430
\l__chemformula_superscript_dim=\dimen431
\l__chemformula_bond_dim=\dimen432
\l__chemformula_bond_space_dim=\dimen433
\l__chemformula_elspec_pair_distance_dim=\dimen434
\l__chemformula_elspec_pair_line_length_dim=\dimen435
\l__chemformula_elspec_pair_width_dim=\dimen436
\l__chemformula_kroegervink_positive_radius_dim=\dimen437
\l__chemformula_kroegervink_positive_hshift_dim=\dimen438
\l__chemformula_kroegervink_positive_vshift_dim=\dimen439
\l__chemformula_kroegervink_positive_space_dim=\dimen440
\l__chemformula_stoich_space_skip=\skip298
\l__chemformula_math_space_skip=\skip299
\l__chemformula_additions_symbol_space_skip=\skip300
\l__chemformula_count_tokens_int=\count482
\g__chemformula_lewis_int=\count483
\l__chemformula_arrow_arg_i_box=\box158
\l__chemformula_arrow_arg_ii_box=\box159
\l__chemformula_superscript_box=\box160
\l__chemformula_subscript_box=\box161
\l__chemformula_plus_space_skip=\skip301
\l__chemformula_minus_space_skip=\skip302
)

Package chemmacros Info: Using float defining method `float'.

\@float@every@scheme=\toks68
\c@scheme=\count484
LaTeX Font Info:    Trying to load font information for T1+lmr on input line 28
5.

(/usr/share/texmf/tex/latex/lm/t1lmr.fd
File: t1lmr.fd 2015/05/01 v1.6.1 Font defs for Latin Modern
) (./USPSC-modelo-EESC.aux
(./USPSC-TA-PreTextual/USPSC-fichacatalografica.aux)
(./USPSC-TA-PreTextual/USPSC-Dedicatoria.aux)
(./USPSC-TA-PreTextual/USPSC-Agradecimentos.aux)
(./USPSC-TA-PreTextual/USPSC-Epigrafe.aux)
(./USPSC-TA-PreTextual/USPSC-Resumo.aux)
(./USPSC-TA-PreTextual/USPSC-Abstract.aux)
(./USPSC-TA-PreTextual/USPSC-Simbolos.aux) (./introducao.aux) (./Cap2.aux)
(./Cap3.aux) (./Cap4.aux) (./Cap5.aux) (./Cap6.aux) (./Cap7.aux)
(./Conclusoes.aux) (./USPSC-TA-PosTextual/USPSC-Apendices.aux))
\openout1 = `USPSC-modelo-EESC.aux'.

LaTeX Font Info:    Checking defaults for OML/cmm/m/it on input line 285.
LaTeX Font Info:    ... okay on input line 285.
LaTeX Font Info:    Checking defaults for OMS/cmsy/m/n on input line 285.
LaTeX Font Info:    ... okay on input line 285.
LaTeX Font Info:    Checking defaults for OT1/cmr/m/n on input line 285.
LaTeX Font Info:    ... okay on input line 285.
LaTeX Font Info:    Checking defaults for T1/cmr/m/n on input line 285.
LaTeX Font Info:    ... okay on input line 285.
LaTeX Font Info:    Checking defaults for TS1/cmr/m/n on input line 285.
LaTeX Font Info:    ... okay on input line 285.
LaTeX Font Info:    Checking defaults for OMX/cmex/m/n on input line 285.
LaTeX Font Info:    ... okay on input line 285.
LaTeX Font Info:    Checking defaults for U/cmr/m/n on input line 285.
LaTeX Font Info:    ... okay on input line 285.
LaTeX Font Info:    Checking defaults for PD1/pdf/m/n on input line 285.
LaTeX Font Info:    ... okay on input line 285.
LaTeX Font Info:    Checking defaults for PU/pdf/m/n on input line 285.
LaTeX Font Info:    ... okay on input line 285.

(/usr/share/texlive/texmf-dist/tex/context/base/mkii/supp-pdf.mkii
[Loading MPS to PDF converter (version 2006.09.02).]
\scratchcounter=\count485
\scratchdimen=\dimen441
\scratchbox=\box162
\nofMPsegments=\count486
\nofMParguments=\count487
\everyMPshowfont=\toks69
\MPscratchCnt=\count488
\MPscratchDim=\dimen442
\MPnumerator=\count489
\makeMPintoPDFobject=\count490
\everyMPtoPDFconversion=\toks70
) (/usr/share/texlive/texmf-dist/tex/latex/epstopdf-pkg/epstopdf-base.sty
Package: epstopdf-base 2020-01-24 v2.11 Base part for package epstopdf
Package epstopdf-base Info: Redefining graphics rule for `.eps' on input line 4
85.

(/usr/share/texlive/texmf-dist/tex/latex/latexconfig/epstopdf-sys.cfg
File: epstopdf-sys.cfg 2010/07/13 v1.3 Configuration of (r)epstopdf for TeX Liv
e
))
Package hyperref Info: Link coloring ON on input line 285.
LaTeX Info: Redefining \degres on input line 285.
LaTeX Info: Redefining \up on input line 285.
\myptabbox=\box163
\myptabboxwidth=\skip303

(/usr/share/texlive/texmf-dist/tex/latex/translations/translations-basic-dictio
nary-brazil.trsl
File: translations-basic-dictionary-brazil.trsl (brazil translation file `trans
lations-basic-dictionary')
)
Package translations Info: loading dictionary `translations-basic-dictionary' f
or `brazil'. on input line 285.

(/usr/share/texlive/texmf-dist/tex/latex/translations/translations-basic-dictio
nary-spanish.trsl
File: translations-basic-dictionary-spanish.trsl (spanish translation file `tra
nslations-basic-dictionary')
)
Package translations Info: loading dictionary `translations-basic-dictionary' f
or `spanish'. on input line 285.

(/usr/share/texlive/texmf-dist/tex/latex/translations/translations-basic-dictio
nary-french.trsl
File: translations-basic-dictionary-french.trsl (french translation file `trans
lations-basic-dictionary')
)
Package translations Info: loading dictionary `translations-basic-dictionary' f
or `french'. on input line 285.

(/usr/share/texlive/texmf-dist/tex/latex/translations/translations-basic-dictio
nary-english.trsl
File: translations-basic-dictionary-english.trsl (english translation file `tra
nslations-basic-dictionary')
)
Package translations Info: loading dictionary `translations-basic-dictionary' f
or `english'. on input line 285.

Package chemgreek Info: Activating mapping `default' on line 285.

LaTeX Info: Redefining \microtypecontext on input line 285.
Package microtype Info: Applying patch `item' on input line 285.
Package microtype Info: Applying patch `toc' on input line 285.
Package microtype Info: Applying patch `eqnum' on input line 285.
Package microtype Info: Applying patch `footnote' on input line 285.
Package microtype Info: Applying patch `verbatim' on input line 285.
Package microtype Info: Generating PDF output.
Package microtype Info: Character protrusion enabled (level 2).
Package microtype Info: Using default protrusion set `alltext'.
Package microtype Info: Automatic font expansion enabled (level 2),
(microtype)             stretch: 20, shrink: 20, step: 1, non-selected.
Package microtype Info: Using default expansion set `alltext-nott'.
LaTeX Info: Redefining \showhyphens on input line 285.
Package microtype Info: No adjustment of tracking.
Package microtype Info: No adjustment of interword spacing.
Package microtype Info: No adjustment of character kerning.

(/usr/share/texlive/texmf-dist/tex/latex/microtype/mt-cmr.cfg
File: mt-cmr.cfg 2013/05/19 v2.2 microtype config. file: Computer Modern Roman 
(RS)
)
(/usr/share/texlive/texmf-dist/tex/latex/pdflscape/pdflscape.sty
Package: pdflscape 2022-10-27 v0.13 Display of landscape pages in PDF

(/usr/share/texlive/texmf-dist/tex/latex/pdflscape/pdflscape-nometadata.sty
Package: pdflscape-nometadata 2022-10-28 v0.13 Display of landscape pages in PD
F (HO)

(/usr/share/texlive/texmf-dist/tex/latex/graphics/lscape.sty
Package: lscape 2020/05/28 v3.02 Landscape Pages (DPC)
)
Package pdflscape Info: Auto-detected driver: pdftex on input line 81.
))
\symgns@font=\mathgroup10
LaTeX Font Info:    Overwriting symbol font `gns@font' in version `bold'
(Font)                  TS1/lmr/m/n --> TS1/lmr/b/n on input line 285.
Package gensymb Info: Math companion symbols declared on input line 285.
LaTeX Info: Redefining \degree on input line 285.
LaTeX Info: Redefining \celsius on input line 285.
Package gensymb Info: Using text companion symbols for \degree, \celsius and \p
erthousand on input line 285.
LaTeX Info: Redefining \ohm on input line 285.
Package gensymb Info: Using \textohm for \ohm on input line 285.
LaTeX Info: Redefining \micro on input line 285.
Package gensymb Info: Using \textmu for \micro on input line 285.
Package caption Info: Begin \AtBeginDocument code.
Package caption Info: subfig package v1.3 is loaded.
Package caption Info: longtable package is loaded.

(/usr/share/texlive/texmf-dist/tex/latex/caption/ltcaption.sty
Package: ltcaption 2021/01/08 v1.4c longtable captions (AR)
)
Package caption Info: threeparttable package is loaded.
Package caption Info: End \AtBeginDocument code.


Package chemmacros Warning: You haven't loaded any package for upright Greek
(chemmacros)                letters or no unique choice was possible. Either
(chemmacros)                load one of packages specified in the manual or
(chemmacros)                select a chemgreek mapping manually.

(/usr/share/texlive/texmf-dist/tex/latex/elements/elements_names_brazil.def)
LaTeX Font Info:    Trying to load font information for T1+lmss on input line 3
50.

(/usr/share/texmf/tex/latex/lm/t1lmss.fd
File: t1lmss.fd 2015/05/01 v1.6.1 Font defs for Latin Modern
)
Package microtype Info: Loading generic protrusion settings for font family
(microtype)             `lmss' (encoding: T1).
(microtype)             For optimal results, create family-specific settings.
(microtype)             See the microtype manual for details.
LaTeX Font Info:    Trying to load font information for OT1+lmr on input line 3
57.

(/usr/share/texmf/tex/latex/lm/ot1lmr.fd
File: ot1lmr.fd 2015/05/01 v1.6.1 Font defs for Latin Modern
)
LaTeX Font Info:    Trying to load font information for OML+lmm on input line 3
57.

(/usr/share/texmf/tex/latex/lm/omllmm.fd
File: omllmm.fd 2015/05/01 v1.6.1 Font defs for Latin Modern
)
LaTeX Font Info:    Trying to load font information for OMS+lmsy on input line 
357.

(/usr/share/texmf/tex/latex/lm/omslmsy.fd
File: omslmsy.fd 2015/05/01 v1.6.1 Font defs for Latin Modern
)
LaTeX Font Info:    Trying to load font information for OMX+lmex on input line 
357.

(/usr/share/texmf/tex/latex/lm/omxlmex.fd
File: omxlmex.fd 2015/05/01 v1.6.1 Font defs for Latin Modern
)
LaTeX Font Info:    External font `lmex10' loaded for size
(Font)              <12> on input line 357.
LaTeX Font Info:    External font `lmex10' loaded for size
(Font)              <8> on input line 357.
LaTeX Font Info:    External font `lmex10' loaded for size
(Font)              <6> on input line 357.
LaTeX Font Info:    Trying to load font information for U+msa on input line 357
.

(/usr/share/texlive/texmf-dist/tex/latex/amsfonts/umsa.fd
File: umsa.fd 2013/01/14 v3.01 AMS symbols A
)
(/usr/share/texlive/texmf-dist/tex/latex/microtype/mt-msa.cfg
File: mt-msa.cfg 2006/02/04 v1.1 microtype config. file: AMS symbols (a) (RS)
)
LaTeX Font Info:    Trying to load font information for U+msb on input line 357
.

(/usr/share/texlive/texmf-dist/tex/latex/amsfonts/umsb.fd
File: umsb.fd 2013/01/14 v3.01 AMS symbols B
)
(/usr/share/texlive/texmf-dist/tex/latex/microtype/mt-msb.cfg
File: mt-msb.cfg 2005/06/01 v1.0 microtype config. file: AMS symbols (b) (RS)
)
LaTeX Font Info:    Trying to load font information for U+rsfs on input line 35
7.

(/usr/share/texlive/texmf-dist/tex/latex/jknapltx/ursfs.fd
File: ursfs.fd 1998/03/24 rsfs font definition file (jk)
)
LaTeX Font Info:    Trying to load font information for TS1+lmr on input line 3
57.

(/usr/share/texmf/tex/latex/lm/ts1lmr.fd
File: ts1lmr.fd 2015/05/01 v1.6.1 Font defs for Latin Modern
)
<USPSC-TA-PreTextual/SET-CapaContraCapa/CapaDoutorado.png, id=7, 2497.33pt x 35
29.185pt>
File: USPSC-TA-PreTextual/SET-CapaContraCapa/CapaDoutorado.png Graphic file (ty
pe png)
<use USPSC-TA-PreTextual/SET-CapaContraCapa/CapaDoutorado.png>
Package pdftex.def Info: USPSC-TA-PreTextual/SET-CapaContraCapa/CapaDoutorado.p
ng  used on input line 374.
(pdftex.def)             Requested size: 597.50426pt x 845.02924pt.
 [1
Non-PDF special ignored!
<special> header=psfrag.pro
{/var/lib/texmf/fonts/map/pdftex/updmap/pdftex.map}{/usr/share/texmf/fonts/enc/
dvips/lm/lm-ec.enc}

 <./USPSC-TA-PreTextual/SET-CapaContraCapa/CapaDoutorado.png>]
Underfull \hbox (badness 1406) in paragraph at lines 391--391
\T1/lmr/m/n/12 (+20) para obtenção do título de Doutor em
 []

File: USPSC-TA-PreTextual/SET-CapaContraCapa/CapaDoutorado.png Graphic file (ty
pe png)
<use USPSC-TA-PreTextual/SET-CapaContraCapa/CapaDoutorado.png>
Package pdftex.def Info: USPSC-TA-PreTextual/SET-CapaContraCapa/CapaDoutorado.p
ng  used on input line 391.
(pdftex.def)             Requested size: 597.50426pt x 845.02924pt.
<USPSC-TA-PreTextual/SET-CapaContraCapa/PaginaBranco/PaginaEmBranco.jpg, id=16,
 597.73312pt x 845.40843pt>
File: USPSC-TA-PreTextual/SET-CapaContraCapa/PaginaBranco/PaginaEmBranco.jpg Gr
aphic file (type jpg)
<use USPSC-TA-PreTextual/SET-CapaContraCapa/PaginaBranco/PaginaEmBranco.jpg>
Package pdftex.def Info: USPSC-TA-PreTextual/SET-CapaContraCapa/PaginaBranco/Pa
ginaEmBranco.jpg  used on input line 391.
(pdftex.def)             Requested size: 597.4945pt x 845.07095pt.
[2

 <./USPSC-TA-PreTextual/SET-CapaContraCapa/PaginaBranco/PaginaEmBranco.jpg>]
\openout2 = `USPSC-TA-PreTextual/USPSC-fichacatalografica.aux'.


(./USPSC-TA-PreTextual/USPSC-fichacatalografica.tex
Underfull \hbox (badness 10000) in paragraph at lines 13--17

 []

LaTeX Font Info:    External font `lmex10' loaded for size
(Font)              <9> on input line 22.
LaTeX Font Info:    External font `lmex10' loaded for size
(Font)              <5> on input line 22.
)
File: USPSC-TA-PreTextual/SET-CapaContraCapa/CapaDoutorado.png Graphic file (ty
pe png)
<use USPSC-TA-PreTextual/SET-CapaContraCapa/CapaDoutorado.png>
Package pdftex.def Info: USPSC-TA-PreTextual/SET-CapaContraCapa/CapaDoutorado.p
ng  used on input line 398.
(pdftex.def)             Requested size: 597.50426pt x 845.02924pt.
File: USPSC-TA-PreTextual/SET-CapaContraCapa/PaginaBranco/PaginaEmBranco.jpg Gr
aphic file (type jpg)
<use USPSC-TA-PreTextual/SET-CapaContraCapa/PaginaBranco/PaginaEmBranco.jpg>
Package pdftex.def Info: USPSC-TA-PreTextual/SET-CapaContraCapa/PaginaBranco/Pa
ginaEmBranco.jpg  used on input line 398.
(pdftex.def)             Requested size: 597.4945pt x 845.07095pt.
 [3

]

pdfTeX warning: /usr/bin/pdflatex (file ./USPSC-TA-PreTextual/USPSC-folhadeapro
vacao.pdf): PDF inclusion: found PDF version <1.7>, but at most version <1.5> a
llowed
<USPSC-TA-PreTextual/USPSC-folhadeaprovacao.pdf, id=31, 593.29149pt x 784.46977
pt>
File: USPSC-TA-PreTextual/USPSC-folhadeaprovacao.pdf Graphic file (type pdf)
<use USPSC-TA-PreTextual/USPSC-folhadeaprovacao.pdf>
Package pdftex.def Info: USPSC-TA-PreTextual/USPSC-folhadeaprovacao.pdf  used o
n input line 426.
(pdftex.def)             Requested size: 593.29004pt x 784.46785pt.


pdfTeX warning: /usr/bin/pdflatex (file ./USPSC-TA-PreTextual/USPSC-folhadeapro
vacao.pdf): PDF inclusion: found PDF version <1.7>, but at most version <1.5> a
llowed
File: USPSC-TA-PreTextual/USPSC-folhadeaprovacao.pdf Graphic file (type pdf)
<use USPSC-TA-PreTextual/USPSC-folhadeaprovacao.pdf>
Package pdftex.def Info: USPSC-TA-PreTextual/USPSC-folhadeaprovacao.pdf  used o
n input line 426.
(pdftex.def)             Requested size: 593.29004pt x 784.46785pt.


pdfTeX warning: /usr/bin/pdflatex (file ./USPSC-TA-PreTextual/USPSC-folhadeapro
vacao.pdf): PDF inclusion: found PDF version <1.7>, but at most version <1.5> a
llowed


pdfTeX warning: /usr/bin/pdflatex (file ./USPSC-TA-PreTextual/USPSC-folhadeapro
vacao.pdf): PDF inclusion: found PDF version <1.7>, but at most version <1.5> a
llowed
<USPSC-TA-PreTextual/USPSC-folhadeaprovacao.pdf, id=34, page=1, 593.29149pt x 7
84.46977pt>
File: USPSC-TA-PreTextual/USPSC-folhadeaprovacao.pdf Graphic file (type pdf)
<use USPSC-TA-PreTextual/USPSC-folhadeaprovacao.pdf, page 1>
Package pdftex.def Info: USPSC-TA-PreTextual/USPSC-folhadeaprovacao.pdf , page1
 used on input line 426.
(pdftex.def)             Requested size: 593.29004pt x 784.46785pt.
File: USPSC-TA-PreTextual/USPSC-folhadeaprovacao.pdf Graphic file (type pdf)
<use USPSC-TA-PreTextual/USPSC-folhadeaprovacao.pdf, page 1>
Package pdftex.def Info: USPSC-TA-PreTextual/USPSC-folhadeaprovacao.pdf , page1
 used on input line 426.
(pdftex.def)             Requested size: 597.79837pt x 790.42891pt.
File: USPSC-TA-PreTextual/USPSC-folhadeaprovacao.pdf Graphic file (type pdf)
<use USPSC-TA-PreTextual/USPSC-folhadeaprovacao.pdf, page 1>
Package pdftex.def Info: USPSC-TA-PreTextual/USPSC-folhadeaprovacao.pdf , page1
 used on input line 426.
(pdftex.def)             Requested size: 597.79837pt x 790.42891pt.
File: USPSC-TA-PreTextual/USPSC-folhadeaprovacao.pdf Graphic file (type pdf)
<use USPSC-TA-PreTextual/USPSC-folhadeaprovacao.pdf, page 1>
Package pdftex.def Info: USPSC-TA-PreTextual/USPSC-folhadeaprovacao.pdf , page1
 used on input line 426.
(pdftex.def)             Requested size: 597.79837pt x 790.42891pt.
File: USPSC-TA-PreTextual/SET-CapaContraCapa/CapaDoutorado.png Graphic file (ty
pe png)
<use USPSC-TA-PreTextual/SET-CapaContraCapa/CapaDoutorado.png>
Package pdftex.def Info: USPSC-TA-PreTextual/SET-CapaContraCapa/CapaDoutorado.p
ng  used on input line 426.
(pdftex.def)             Requested size: 597.50426pt x 845.02924pt.
File: USPSC-TA-PreTextual/SET-CapaContraCapa/PaginaBranco/PaginaEmBranco.jpg Gr
aphic file (type jpg)
<use USPSC-TA-PreTextual/SET-CapaContraCapa/PaginaBranco/PaginaEmBranco.jpg>
Package pdftex.def Info: USPSC-TA-PreTextual/SET-CapaContraCapa/PaginaBranco/Pa
ginaEmBranco.jpg  used on input line 426.
(pdftex.def)             Requested size: 597.4945pt x 845.07095pt.
File: USPSC-TA-PreTextual/USPSC-folhadeaprovacao.pdf Graphic file (type pdf)
<use USPSC-TA-PreTextual/USPSC-folhadeaprovacao.pdf, page 1>
Package pdftex.def Info: USPSC-TA-PreTextual/USPSC-folhadeaprovacao.pdf , page1
 used on input line 426.
(pdftex.def)             Requested size: 597.79837pt x 790.42891pt.
[4



 <./USPSC-TA-PreTextual/USPSC-folhadeaprovacao.pdf>]
<USPSC-TA-PreTextual/USPSC-PaginaEmBranco.pdf, id=46, 597.55246pt x 845.07718pt
>
File: USPSC-TA-PreTextual/USPSC-PaginaEmBranco.pdf Graphic file (type pdf)
<use USPSC-TA-PreTextual/USPSC-PaginaEmBranco.pdf>
Package pdftex.def Info: USPSC-TA-PreTextual/USPSC-PaginaEmBranco.pdf  used on 
input line 431.
(pdftex.def)             Requested size: 597.551pt x 845.07512pt.
File: USPSC-TA-PreTextual/USPSC-PaginaEmBranco.pdf Graphic file (type pdf)
<use USPSC-TA-PreTextual/USPSC-PaginaEmBranco.pdf>
Package pdftex.def Info: USPSC-TA-PreTextual/USPSC-PaginaEmBranco.pdf  used on 
input line 431.
(pdftex.def)             Requested size: 597.551pt x 845.07512pt.
<USPSC-TA-PreTextual/USPSC-PaginaEmBranco.pdf, id=49, page=1, 597.55246pt x 845
.07718pt>
File: USPSC-TA-PreTextual/USPSC-PaginaEmBranco.pdf Graphic file (type pdf)
<use USPSC-TA-PreTextual/USPSC-PaginaEmBranco.pdf, page 1>
Package pdftex.def Info: USPSC-TA-PreTextual/USPSC-PaginaEmBranco.pdf , page1 u
sed on input line 431.
(pdftex.def)             Requested size: 597.551pt x 845.07512pt.
File: USPSC-TA-PreTextual/USPSC-PaginaEmBranco.pdf Graphic file (type pdf)
<use USPSC-TA-PreTextual/USPSC-PaginaEmBranco.pdf, page 1>
Package pdftex.def Info: USPSC-TA-PreTextual/USPSC-PaginaEmBranco.pdf , page1 u
sed on input line 431.
(pdftex.def)             Requested size: 597.57834pt x 845.1138pt.
File: USPSC-TA-PreTextual/USPSC-PaginaEmBranco.pdf Graphic file (type pdf)
<use USPSC-TA-PreTextual/USPSC-PaginaEmBranco.pdf, page 1>
Package pdftex.def Info: USPSC-TA-PreTextual/USPSC-PaginaEmBranco.pdf , page1 u
sed on input line 431.
(pdftex.def)             Requested size: 597.57834pt x 845.1138pt.
File: USPSC-TA-PreTextual/USPSC-PaginaEmBranco.pdf Graphic file (type pdf)
<use USPSC-TA-PreTextual/USPSC-PaginaEmBranco.pdf, page 1>
Package pdftex.def Info: USPSC-TA-PreTextual/USPSC-PaginaEmBranco.pdf , page1 u
sed on input line 431.
(pdftex.def)             Requested size: 597.57834pt x 845.1138pt.
File: USPSC-TA-PreTextual/SET-CapaContraCapa/CapaDoutorado.png Graphic file (ty
pe png)
<use USPSC-TA-PreTextual/SET-CapaContraCapa/CapaDoutorado.png>
Package pdftex.def Info: USPSC-TA-PreTextual/SET-CapaContraCapa/CapaDoutorado.p
ng  used on input line 431.
(pdftex.def)             Requested size: 597.50426pt x 845.02924pt.
File: USPSC-TA-PreTextual/SET-CapaContraCapa/PaginaBranco/PaginaEmBranco.jpg Gr
aphic file (type jpg)
<use USPSC-TA-PreTextual/SET-CapaContraCapa/PaginaBranco/PaginaEmBranco.jpg>
Package pdftex.def Info: USPSC-TA-PreTextual/SET-CapaContraCapa/PaginaBranco/Pa
ginaEmBranco.jpg  used on input line 431.
(pdftex.def)             Requested size: 597.4945pt x 845.07095pt.
File: USPSC-TA-PreTextual/USPSC-PaginaEmBranco.pdf Graphic file (type pdf)
<use USPSC-TA-PreTextual/USPSC-PaginaEmBranco.pdf, page 1>
Package pdftex.def Info: USPSC-TA-PreTextual/USPSC-PaginaEmBranco.pdf , page1 u
sed on input line 431.
(pdftex.def)             Requested size: 597.57834pt x 845.1138pt.
 [5

 <./USPSC-TA-PreTextual/USPSC-PaginaEmBranco.pdf>]
\openout2 = `USPSC-TA-PreTextual/USPSC-Dedicatoria.aux'.

 (./USPSC-TA-PreTextual/USPSC-Dedicatoria.tex
File: USPSC-TA-PreTextual/SET-CapaContraCapa/CapaDoutorado.png Graphic file (ty
pe png)
<use USPSC-TA-PreTextual/SET-CapaContraCapa/CapaDoutorado.png>
Package pdftex.def Info: USPSC-TA-PreTextual/SET-CapaContraCapa/CapaDoutorado.p
ng  used on input line 7.
(pdftex.def)             Requested size: 597.50426pt x 845.02924pt.
File: USPSC-TA-PreTextual/SET-CapaContraCapa/PaginaBranco/PaginaEmBranco.jpg Gr
aphic file (type jpg)
<use USPSC-TA-PreTextual/SET-CapaContraCapa/PaginaBranco/PaginaEmBranco.jpg>
Package pdftex.def Info: USPSC-TA-PreTextual/SET-CapaContraCapa/PaginaBranco/Pa
ginaEmBranco.jpg  used on input line 7.
(pdftex.def)             Requested size: 597.4945pt x 845.07095pt.

[6

])
\openout2 = `USPSC-TA-PreTextual/USPSC-Agradecimentos.aux'.

 (./USPSC-TA-PreTextual/USPSC-Agradecimentos.tex
File: USPSC-TA-PreTextual/SET-CapaContraCapa/CapaDoutorado.png Graphic file (ty
pe png)
<use USPSC-TA-PreTextual/SET-CapaContraCapa/CapaDoutorado.png>
Package pdftex.def Info: USPSC-TA-PreTextual/SET-CapaContraCapa/CapaDoutorado.p
ng  used on input line 24.
(pdftex.def)             Requested size: 597.50426pt x 845.02924pt.
File: USPSC-TA-PreTextual/SET-CapaContraCapa/PaginaBranco/PaginaEmBranco.jpg Gr
aphic file (type jpg)
<use USPSC-TA-PreTextual/SET-CapaContraCapa/PaginaBranco/PaginaEmBranco.jpg>
Package pdftex.def Info: USPSC-TA-PreTextual/SET-CapaContraCapa/PaginaBranco/Pa
ginaEmBranco.jpg  used on input line 24.
(pdftex.def)             Requested size: 597.4945pt x 845.07095pt.
 [7





]
File: USPSC-TA-PreTextual/SET-CapaContraCapa/CapaDoutorado.png Graphic file (ty
pe png)
<use USPSC-TA-PreTextual/SET-CapaContraCapa/CapaDoutorado.png>
Package pdftex.def Info: USPSC-TA-PreTextual/SET-CapaContraCapa/CapaDoutorado.p
ng  used on input line 24.
(pdftex.def)             Requested size: 597.50426pt x 845.02924pt.
File: USPSC-TA-PreTextual/SET-CapaContraCapa/PaginaBranco/PaginaEmBranco.jpg Gr
aphic file (type jpg)
<use USPSC-TA-PreTextual/SET-CapaContraCapa/PaginaBranco/PaginaEmBranco.jpg>
Package pdftex.def Info: USPSC-TA-PreTextual/SET-CapaContraCapa/PaginaBranco/Pa
ginaEmBranco.jpg  used on input line 24.
(pdftex.def)             Requested size: 597.4945pt x 845.07095pt.
 [8

])
\openout2 = `USPSC-TA-PreTextual/USPSC-Epigrafe.aux'.


(./USPSC-TA-PreTextual/USPSC-Epigrafe.tex
File: USPSC-TA-PreTextual/SET-CapaContraCapa/CapaDoutorado.png Graphic file (ty
pe png)
<use USPSC-TA-PreTextual/SET-CapaContraCapa/CapaDoutorado.png>
Package pdftex.def Info: USPSC-TA-PreTextual/SET-CapaContraCapa/CapaDoutorado.p
ng  used on input line 9.
(pdftex.def)             Requested size: 597.50426pt x 845.02924pt.
File: USPSC-TA-PreTextual/SET-CapaContraCapa/PaginaBranco/PaginaEmBranco.jpg Gr
aphic file (type jpg)
<use USPSC-TA-PreTextual/SET-CapaContraCapa/PaginaBranco/PaginaEmBranco.jpg>
Package pdftex.def Info: USPSC-TA-PreTextual/SET-CapaContraCapa/PaginaBranco/Pa
ginaEmBranco.jpg  used on input line 9.
(pdftex.def)             Requested size: 597.4945pt x 845.07095pt.
 [9



]
File: USPSC-TA-PreTextual/SET-CapaContraCapa/CapaDoutorado.png Graphic file (ty
pe png)
<use USPSC-TA-PreTextual/SET-CapaContraCapa/CapaDoutorado.png>
Package pdftex.def Info: USPSC-TA-PreTextual/SET-CapaContraCapa/CapaDoutorado.p
ng  used on input line 9.
(pdftex.def)             Requested size: 597.50426pt x 845.02924pt.
File: USPSC-TA-PreTextual/SET-CapaContraCapa/PaginaBranco/PaginaEmBranco.jpg Gr
aphic file (type jpg)
<use USPSC-TA-PreTextual/SET-CapaContraCapa/PaginaBranco/PaginaEmBranco.jpg>
Package pdftex.def Info: USPSC-TA-PreTextual/SET-CapaContraCapa/PaginaBranco/Pa
ginaEmBranco.jpg  used on input line 9.
(pdftex.def)             Requested size: 597.4945pt x 845.07095pt.
 [10

])
\openout2 = `USPSC-TA-PreTextual/USPSC-Resumo.aux'.


(./USPSC-TA-PreTextual/USPSC-Resumo.tex
File: USPSC-TA-PreTextual/SET-CapaContraCapa/CapaDoutorado.png Graphic file (ty
pe png)
<use USPSC-TA-PreTextual/SET-CapaContraCapa/CapaDoutorado.png>
Package pdftex.def Info: USPSC-TA-PreTextual/SET-CapaContraCapa/CapaDoutorado.p
ng  used on input line 18.
(pdftex.def)             Requested size: 597.50426pt x 845.02924pt.
File: USPSC-TA-PreTextual/SET-CapaContraCapa/PaginaBranco/PaginaEmBranco.jpg Gr
aphic file (type jpg)
<use USPSC-TA-PreTextual/SET-CapaContraCapa/PaginaBranco/PaginaEmBranco.jpg>
Package pdftex.def Info: USPSC-TA-PreTextual/SET-CapaContraCapa/PaginaBranco/Pa
ginaEmBranco.jpg  used on input line 18.
(pdftex.def)             Requested size: 597.4945pt x 845.07095pt.
 [11



{/usr/share/texmf/fonts/enc/dvips/lm/lm-mathit.enc}]
File: USPSC-TA-PreTextual/SET-CapaContraCapa/CapaDoutorado.png Graphic file (ty
pe png)
<use USPSC-TA-PreTextual/SET-CapaContraCapa/CapaDoutorado.png>
Package pdftex.def Info: USPSC-TA-PreTextual/SET-CapaContraCapa/CapaDoutorado.p
ng  used on input line 18.
(pdftex.def)             Requested size: 597.50426pt x 845.02924pt.
File: USPSC-TA-PreTextual/SET-CapaContraCapa/PaginaBranco/PaginaEmBranco.jpg Gr
aphic file (type jpg)
<use USPSC-TA-PreTextual/SET-CapaContraCapa/PaginaBranco/PaginaEmBranco.jpg>
Package pdftex.def Info: USPSC-TA-PreTextual/SET-CapaContraCapa/PaginaBranco/Pa
ginaEmBranco.jpg  used on input line 18.
(pdftex.def)             Requested size: 597.4945pt x 845.07095pt.
 [12

])
\openout2 = `USPSC-TA-PreTextual/USPSC-Abstract.aux'.

 (./USPSC-TA-PreTextual/USPSC-Abstract.tex
File: USPSC-TA-PreTextual/SET-CapaContraCapa/CapaDoutorado.png Graphic file (ty
pe png)
<use USPSC-TA-PreTextual/SET-CapaContraCapa/CapaDoutorado.png>
Package pdftex.def Info: USPSC-TA-PreTextual/SET-CapaContraCapa/CapaDoutorado.p
ng  used on input line 20.
(pdftex.def)             Requested size: 597.50426pt x 845.02924pt.
File: USPSC-TA-PreTextual/SET-CapaContraCapa/PaginaBranco/PaginaEmBranco.jpg Gr
aphic file (type jpg)
<use USPSC-TA-PreTextual/SET-CapaContraCapa/PaginaBranco/PaginaEmBranco.jpg>
Package pdftex.def Info: USPSC-TA-PreTextual/SET-CapaContraCapa/PaginaBranco/Pa
ginaEmBranco.jpg  used on input line 20.
(pdftex.def)             Requested size: 597.4945pt x 845.07095pt.
 [13



]
File: USPSC-TA-PreTextual/SET-CapaContraCapa/CapaDoutorado.png Graphic file (ty
pe png)
<use USPSC-TA-PreTextual/SET-CapaContraCapa/CapaDoutorado.png>
Package pdftex.def Info: USPSC-TA-PreTextual/SET-CapaContraCapa/CapaDoutorado.p
ng  used on input line 20.
(pdftex.def)             Requested size: 597.50426pt x 845.02924pt.
File: USPSC-TA-PreTextual/SET-CapaContraCapa/PaginaBranco/PaginaEmBranco.jpg Gr
aphic file (type jpg)
<use USPSC-TA-PreTextual/SET-CapaContraCapa/PaginaBranco/PaginaEmBranco.jpg>
Package pdftex.def Info: USPSC-TA-PreTextual/SET-CapaContraCapa/PaginaBranco/Pa
ginaEmBranco.jpg  used on input line 20.
(pdftex.def)             Requested size: 597.4945pt x 845.07095pt.
 [14

])
(./USPSC-modelo-EESC.lof
File: USPSC-TA-PreTextual/SET-CapaContraCapa/CapaDoutorado.png Graphic file (ty
pe png)
<use USPSC-TA-PreTextual/SET-CapaContraCapa/CapaDoutorado.png>
Package pdftex.def Info: USPSC-TA-PreTextual/SET-CapaContraCapa/CapaDoutorado.p
ng  used on input line 109.
(pdftex.def)             Requested size: 597.50426pt x 845.02924pt.
File: USPSC-TA-PreTextual/SET-CapaContraCapa/PaginaBranco/PaginaEmBranco.jpg Gr
aphic file (type jpg)
<use USPSC-TA-PreTextual/SET-CapaContraCapa/PaginaBranco/PaginaEmBranco.jpg>
Package pdftex.def Info: USPSC-TA-PreTextual/SET-CapaContraCapa/PaginaBranco/Pa
ginaEmBranco.jpg  used on input line 109.
(pdftex.def)             Requested size: 597.4945pt x 845.07095pt.
 [15


{/usr/share/texmf/fonts/enc/dvips/lm/lm-rm.enc}]
File: USPSC-TA-PreTextual/SET-CapaContraCapa/CapaDoutorado.png Graphic file (ty
pe png)
<use USPSC-TA-PreTextual/SET-CapaContraCapa/CapaDoutorado.png>
Package pdftex.def Info: USPSC-TA-PreTextual/SET-CapaContraCapa/CapaDoutorado.p
ng  used on input line 187.
(pdftex.def)             Requested size: 597.50426pt x 845.02924pt.
File: USPSC-TA-PreTextual/SET-CapaContraCapa/PaginaBranco/PaginaEmBranco.jpg Gr
aphic file (type jpg)
<use USPSC-TA-PreTextual/SET-CapaContraCapa/PaginaBranco/PaginaEmBranco.jpg>
Package pdftex.def Info: USPSC-TA-PreTextual/SET-CapaContraCapa/PaginaBranco/Pa
ginaEmBranco.jpg  used on input line 187.
(pdftex.def)             Requested size: 597.4945pt x 845.07095pt.

[16])
File: USPSC-TA-PreTextual/SET-CapaContraCapa/CapaDoutorado.png Graphic file (ty
pe png)
<use USPSC-TA-PreTextual/SET-CapaContraCapa/CapaDoutorado.png>
Package pdftex.def Info: USPSC-TA-PreTextual/SET-CapaContraCapa/CapaDoutorado.p
ng  used on input line 470.
(pdftex.def)             Requested size: 597.50426pt x 845.02924pt.
File: USPSC-TA-PreTextual/SET-CapaContraCapa/PaginaBranco/PaginaEmBranco.jpg Gr
aphic file (type jpg)
<use USPSC-TA-PreTextual/SET-CapaContraCapa/PaginaBranco/PaginaEmBranco.jpg>
Package pdftex.def Info: USPSC-TA-PreTextual/SET-CapaContraCapa/PaginaBranco/Pa
ginaEmBranco.jpg  used on input line 470.
(pdftex.def)             Requested size: 597.4945pt x 845.07095pt.
 [17]
File: USPSC-TA-PreTextual/SET-CapaContraCapa/CapaDoutorado.png Graphic file (ty
pe png)
<use USPSC-TA-PreTextual/SET-CapaContraCapa/CapaDoutorado.png>
Package pdftex.def Info: USPSC-TA-PreTextual/SET-CapaContraCapa/CapaDoutorado.p
ng  used on input line 470.
(pdftex.def)             Requested size: 597.50426pt x 845.02924pt.
File: USPSC-TA-PreTextual/SET-CapaContraCapa/PaginaBranco/PaginaEmBranco.jpg Gr
aphic file (type jpg)
<use USPSC-TA-PreTextual/SET-CapaContraCapa/PaginaBranco/PaginaEmBranco.jpg>
Package pdftex.def Info: USPSC-TA-PreTextual/SET-CapaContraCapa/PaginaBranco/Pa
ginaEmBranco.jpg  used on input line 470.
(pdftex.def)             Requested size: 597.4945pt x 845.07095pt.
 [18

] (./USPSC-modelo-EESC.lot)
File: USPSC-TA-PreTextual/SET-CapaContraCapa/CapaDoutorado.png Graphic file (ty
pe png)
<use USPSC-TA-PreTextual/SET-CapaContraCapa/CapaDoutorado.png>
Package pdftex.def Info: USPSC-TA-PreTextual/SET-CapaContraCapa/CapaDoutorado.p
ng  used on input line 478.
(pdftex.def)             Requested size: 597.50426pt x 845.02924pt.
File: USPSC-TA-PreTextual/SET-CapaContraCapa/PaginaBranco/PaginaEmBranco.jpg Gr
aphic file (type jpg)
<use USPSC-TA-PreTextual/SET-CapaContraCapa/PaginaBranco/PaginaEmBranco.jpg>
Package pdftex.def Info: USPSC-TA-PreTextual/SET-CapaContraCapa/PaginaBranco/Pa
ginaEmBranco.jpg  used on input line 478.
(pdftex.def)             Requested size: 597.4945pt x 845.07095pt.
 [19]
File: USPSC-TA-PreTextual/SET-CapaContraCapa/CapaDoutorado.png Graphic file (ty
pe png)
<use USPSC-TA-PreTextual/SET-CapaContraCapa/CapaDoutorado.png>
Package pdftex.def Info: USPSC-TA-PreTextual/SET-CapaContraCapa/CapaDoutorado.p
ng  used on input line 478.
(pdftex.def)             Requested size: 597.50426pt x 845.02924pt.
File: USPSC-TA-PreTextual/SET-CapaContraCapa/PaginaBranco/PaginaEmBranco.jpg Gr
aphic file (type jpg)
<use USPSC-TA-PreTextual/SET-CapaContraCapa/PaginaBranco/PaginaEmBranco.jpg>
Package pdftex.def Info: USPSC-TA-PreTextual/SET-CapaContraCapa/PaginaBranco/Pa
ginaEmBranco.jpg  used on input line 478.
(pdftex.def)             Requested size: 597.4945pt x 845.07095pt.
 [20

]
\openout2 = `USPSC-TA-PreTextual/USPSC-Simbolos.aux'.


(./USPSC-TA-PreTextual/USPSC-Simbolos.tex
LaTeX Font Info:    Trying to load font information for U+euf on input line 27.


(/usr/share/texlive/texmf-dist/tex/latex/amsfonts/ueuf.fd
File: ueuf.fd 2013/01/14 v3.01 Euler Fraktur
)
(/usr/share/texlive/texmf-dist/tex/latex/microtype/mt-euf.cfg
File: mt-euf.cfg 2006/07/03 v1.1 microtype config. file: AMS Euler Fraktur (RS)

)
File: USPSC-TA-PreTextual/SET-CapaContraCapa/CapaDoutorado.png Graphic file (ty
pe png)
<use USPSC-TA-PreTextual/SET-CapaContraCapa/CapaDoutorado.png>
Package pdftex.def Info: USPSC-TA-PreTextual/SET-CapaContraCapa/CapaDoutorado.p
ng  used on input line 28.
(pdftex.def)             Requested size: 597.50426pt x 845.02924pt.
File: USPSC-TA-PreTextual/SET-CapaContraCapa/PaginaBranco/PaginaEmBranco.jpg Gr
aphic file (type jpg)
<use USPSC-TA-PreTextual/SET-CapaContraCapa/PaginaBranco/PaginaEmBranco.jpg>
Package pdftex.def Info: USPSC-TA-PreTextual/SET-CapaContraCapa/PaginaBranco/Pa
ginaEmBranco.jpg  used on input line 28.
(pdftex.def)             Requested size: 597.4945pt x 845.07095pt.
 [21


{/usr/share/texmf/fonts/enc/dvips/lm/lm-mathsy.enc}]
File: USPSC-TA-PreTextual/SET-CapaContraCapa/CapaDoutorado.png Graphic file (ty
pe png)
<use USPSC-TA-PreTextual/SET-CapaContraCapa/CapaDoutorado.png>
Package pdftex.def Info: USPSC-TA-PreTextual/SET-CapaContraCapa/CapaDoutorado.p
ng  used on input line 53.
(pdftex.def)             Requested size: 597.50426pt x 845.02924pt.
File: USPSC-TA-PreTextual/SET-CapaContraCapa/PaginaBranco/PaginaEmBranco.jpg Gr
aphic file (type jpg)
<use USPSC-TA-PreTextual/SET-CapaContraCapa/PaginaBranco/PaginaEmBranco.jpg>
Package pdftex.def Info: USPSC-TA-PreTextual/SET-CapaContraCapa/PaginaBranco/Pa
ginaEmBranco.jpg  used on input line 53.
(pdftex.def)             Requested size: 597.4945pt x 845.07095pt.
 [22{/usr/share/texmf/fonts/enc/dvips/lm/lm-mathex.enc}]
File: USPSC-TA-PreTextual/SET-CapaContraCapa/CapaDoutorado.png Graphic file (ty
pe png)
<use USPSC-TA-PreTextual/SET-CapaContraCapa/CapaDoutorado.png>
Package pdftex.def Info: USPSC-TA-PreTextual/SET-CapaContraCapa/CapaDoutorado.p
ng  used on input line 78.
(pdftex.def)             Requested size: 597.50426pt x 845.02924pt.
File: USPSC-TA-PreTextual/SET-CapaContraCapa/PaginaBranco/PaginaEmBranco.jpg Gr
aphic file (type jpg)
<use USPSC-TA-PreTextual/SET-CapaContraCapa/PaginaBranco/PaginaEmBranco.jpg>
Package pdftex.def Info: USPSC-TA-PreTextual/SET-CapaContraCapa/PaginaBranco/Pa
ginaEmBranco.jpg  used on input line 78.
(pdftex.def)             Requested size: 597.4945pt x 845.07095pt.
 [23]
File: USPSC-TA-PreTextual/SET-CapaContraCapa/CapaDoutorado.png Graphic file (ty
pe png)
<use USPSC-TA-PreTextual/SET-CapaContraCapa/CapaDoutorado.png>
Package pdftex.def Info: USPSC-TA-PreTextual/SET-CapaContraCapa/CapaDoutorado.p
ng  used on input line 101.
(pdftex.def)             Requested size: 597.50426pt x 845.02924pt.
File: USPSC-TA-PreTextual/SET-CapaContraCapa/PaginaBranco/PaginaEmBranco.jpg Gr
aphic file (type jpg)
<use USPSC-TA-PreTextual/SET-CapaContraCapa/PaginaBranco/PaginaEmBranco.jpg>
Package pdftex.def Info: USPSC-TA-PreTextual/SET-CapaContraCapa/PaginaBranco/Pa
ginaEmBranco.jpg  used on input line 101.
(pdftex.def)             Requested size: 597.4945pt x 845.07095pt.
 [24]
File: USPSC-TA-PreTextual/SET-CapaContraCapa/CapaDoutorado.png Graphic file (ty
pe png)
<use USPSC-TA-PreTextual/SET-CapaContraCapa/CapaDoutorado.png>
Package pdftex.def Info: USPSC-TA-PreTextual/SET-CapaContraCapa/CapaDoutorado.p
ng  used on input line 128.
(pdftex.def)             Requested size: 597.50426pt x 845.02924pt.
File: USPSC-TA-PreTextual/SET-CapaContraCapa/PaginaBranco/PaginaEmBranco.jpg Gr
aphic file (type jpg)
<use USPSC-TA-PreTextual/SET-CapaContraCapa/PaginaBranco/PaginaEmBranco.jpg>
Package pdftex.def Info: USPSC-TA-PreTextual/SET-CapaContraCapa/PaginaBranco/Pa
ginaEmBranco.jpg  used on input line 128.
(pdftex.def)             Requested size: 597.4945pt x 845.07095pt.
 [25]
File: USPSC-TA-PreTextual/SET-CapaContraCapa/CapaDoutorado.png Graphic file (ty
pe png)
<use USPSC-TA-PreTextual/SET-CapaContraCapa/CapaDoutorado.png>
Package pdftex.def Info: USPSC-TA-PreTextual/SET-CapaContraCapa/CapaDoutorado.p
ng  used on input line 153.
(pdftex.def)             Requested size: 597.50426pt x 845.02924pt.
File: USPSC-TA-PreTextual/SET-CapaContraCapa/PaginaBranco/PaginaEmBranco.jpg Gr
aphic file (type jpg)
<use USPSC-TA-PreTextual/SET-CapaContraCapa/PaginaBranco/PaginaEmBranco.jpg>
Package pdftex.def Info: USPSC-TA-PreTextual/SET-CapaContraCapa/PaginaBranco/Pa
ginaEmBranco.jpg  used on input line 153.
(pdftex.def)             Requested size: 597.4945pt x 845.07095pt.
 [26]
File: USPSC-TA-PreTextual/SET-CapaContraCapa/CapaDoutorado.png Graphic file (ty
pe png)
<use USPSC-TA-PreTextual/SET-CapaContraCapa/CapaDoutorado.png>
Package pdftex.def Info: USPSC-TA-PreTextual/SET-CapaContraCapa/CapaDoutorado.p
ng  used on input line 178.
(pdftex.def)             Requested size: 597.50426pt x 845.02924pt.
File: USPSC-TA-PreTextual/SET-CapaContraCapa/PaginaBranco/PaginaEmBranco.jpg Gr
aphic file (type jpg)
<use USPSC-TA-PreTextual/SET-CapaContraCapa/PaginaBranco/PaginaEmBranco.jpg>
Package pdftex.def Info: USPSC-TA-PreTextual/SET-CapaContraCapa/PaginaBranco/Pa
ginaEmBranco.jpg  used on input line 178.
(pdftex.def)             Requested size: 597.4945pt x 845.07095pt.
 [27]
File: USPSC-TA-PreTextual/SET-CapaContraCapa/CapaDoutorado.png Graphic file (ty
pe png)
<use USPSC-TA-PreTextual/SET-CapaContraCapa/CapaDoutorado.png>
Package pdftex.def Info: USPSC-TA-PreTextual/SET-CapaContraCapa/CapaDoutorado.p
ng  used on input line 205.
(pdftex.def)             Requested size: 597.50426pt x 845.02924pt.
File: USPSC-TA-PreTextual/SET-CapaContraCapa/PaginaBranco/PaginaEmBranco.jpg Gr
aphic file (type jpg)
<use USPSC-TA-PreTextual/SET-CapaContraCapa/PaginaBranco/PaginaEmBranco.jpg>
Package pdftex.def Info: USPSC-TA-PreTextual/SET-CapaContraCapa/PaginaBranco/Pa
ginaEmBranco.jpg  used on input line 205.
(pdftex.def)             Requested size: 597.4945pt x 845.07095pt.
 [28]
File: USPSC-TA-PreTextual/SET-CapaContraCapa/CapaDoutorado.png Graphic file (ty
pe png)
<use USPSC-TA-PreTextual/SET-CapaContraCapa/CapaDoutorado.png>
Package pdftex.def Info: USPSC-TA-PreTextual/SET-CapaContraCapa/CapaDoutorado.p
ng  used on input line 228.
(pdftex.def)             Requested size: 597.50426pt x 845.02924pt.
File: USPSC-TA-PreTextual/SET-CapaContraCapa/PaginaBranco/PaginaEmBranco.jpg Gr
aphic file (type jpg)
<use USPSC-TA-PreTextual/SET-CapaContraCapa/PaginaBranco/PaginaEmBranco.jpg>
Package pdftex.def Info: USPSC-TA-PreTextual/SET-CapaContraCapa/PaginaBranco/Pa
ginaEmBranco.jpg  used on input line 228.
(pdftex.def)             Requested size: 597.4945pt x 845.07095pt.
 [29]
File: USPSC-TA-PreTextual/SET-CapaContraCapa/CapaDoutorado.png Graphic file (ty
pe png)
<use USPSC-TA-PreTextual/SET-CapaContraCapa/CapaDoutorado.png>
Package pdftex.def Info: USPSC-TA-PreTextual/SET-CapaContraCapa/CapaDoutorado.p
ng  used on input line 253.
(pdftex.def)             Requested size: 597.50426pt x 845.02924pt.
File: USPSC-TA-PreTextual/SET-CapaContraCapa/PaginaBranco/PaginaEmBranco.jpg Gr
aphic file (type jpg)
<use USPSC-TA-PreTextual/SET-CapaContraCapa/PaginaBranco/PaginaEmBranco.jpg>
Package pdftex.def Info: USPSC-TA-PreTextual/SET-CapaContraCapa/PaginaBranco/Pa
ginaEmBranco.jpg  used on input line 253.
(pdftex.def)             Requested size: 597.4945pt x 845.07095pt.
 [30]
File: USPSC-TA-PreTextual/SET-CapaContraCapa/CapaDoutorado.png Graphic file (ty
pe png)
<use USPSC-TA-PreTextual/SET-CapaContraCapa/CapaDoutorado.png>
Package pdftex.def Info: USPSC-TA-PreTextual/SET-CapaContraCapa/CapaDoutorado.p
ng  used on input line 276.
(pdftex.def)             Requested size: 597.50426pt x 845.02924pt.
File: USPSC-TA-PreTextual/SET-CapaContraCapa/PaginaBranco/PaginaEmBranco.jpg Gr
aphic file (type jpg)
<use USPSC-TA-PreTextual/SET-CapaContraCapa/PaginaBranco/PaginaEmBranco.jpg>
Package pdftex.def Info: USPSC-TA-PreTextual/SET-CapaContraCapa/PaginaBranco/Pa
ginaEmBranco.jpg  used on input line 276.
(pdftex.def)             Requested size: 597.4945pt x 845.07095pt.
 [31]
File: USPSC-TA-PreTextual/SET-CapaContraCapa/CapaDoutorado.png Graphic file (ty
pe png)
<use USPSC-TA-PreTextual/SET-CapaContraCapa/CapaDoutorado.png>
Package pdftex.def Info: USPSC-TA-PreTextual/SET-CapaContraCapa/CapaDoutorado.p
ng  used on input line 304.
(pdftex.def)             Requested size: 597.50426pt x 845.02924pt.
File: USPSC-TA-PreTextual/SET-CapaContraCapa/PaginaBranco/PaginaEmBranco.jpg Gr
aphic file (type jpg)
<use USPSC-TA-PreTextual/SET-CapaContraCapa/PaginaBranco/PaginaEmBranco.jpg>
Package pdftex.def Info: USPSC-TA-PreTextual/SET-CapaContraCapa/PaginaBranco/Pa
ginaEmBranco.jpg  used on input line 304.
(pdftex.def)             Requested size: 597.4945pt x 845.07095pt.
 [32]
File: USPSC-TA-PreTextual/SET-CapaContraCapa/CapaDoutorado.png Graphic file (ty
pe png)
<use USPSC-TA-PreTextual/SET-CapaContraCapa/CapaDoutorado.png>
Package pdftex.def Info: USPSC-TA-PreTextual/SET-CapaContraCapa/CapaDoutorado.p
ng  used on input line 323.
(pdftex.def)             Requested size: 597.50426pt x 845.02924pt.
File: USPSC-TA-PreTextual/SET-CapaContraCapa/PaginaBranco/PaginaEmBranco.jpg Gr
aphic file (type jpg)
<use USPSC-TA-PreTextual/SET-CapaContraCapa/PaginaBranco/PaginaEmBranco.jpg>
Package pdftex.def Info: USPSC-TA-PreTextual/SET-CapaContraCapa/PaginaBranco/Pa
ginaEmBranco.jpg  used on input line 323.
(pdftex.def)             Requested size: 597.4945pt x 845.07095pt.
 [33]
File: USPSC-TA-PreTextual/SET-CapaContraCapa/CapaDoutorado.png Graphic file (ty
pe png)
<use USPSC-TA-PreTextual/SET-CapaContraCapa/CapaDoutorado.png>
Package pdftex.def Info: USPSC-TA-PreTextual/SET-CapaContraCapa/CapaDoutorado.p
ng  used on input line 348.
(pdftex.def)             Requested size: 597.50426pt x 845.02924pt.
File: USPSC-TA-PreTextual/SET-CapaContraCapa/PaginaBranco/PaginaEmBranco.jpg Gr
aphic file (type jpg)
<use USPSC-TA-PreTextual/SET-CapaContraCapa/PaginaBranco/PaginaEmBranco.jpg>
Package pdftex.def Info: USPSC-TA-PreTextual/SET-CapaContraCapa/PaginaBranco/Pa
ginaEmBranco.jpg  used on input line 348.
(pdftex.def)             Requested size: 597.4945pt x 845.07095pt.

[34]
File: USPSC-TA-PreTextual/SET-CapaContraCapa/CapaDoutorado.png Graphic file (ty
pe png)
<use USPSC-TA-PreTextual/SET-CapaContraCapa/CapaDoutorado.png>
Package pdftex.def Info: USPSC-TA-PreTextual/SET-CapaContraCapa/CapaDoutorado.p
ng  used on input line 369.
(pdftex.def)             Requested size: 597.50426pt x 845.02924pt.
File: USPSC-TA-PreTextual/SET-CapaContraCapa/PaginaBranco/PaginaEmBranco.jpg Gr
aphic file (type jpg)
<use USPSC-TA-PreTextual/SET-CapaContraCapa/PaginaBranco/PaginaEmBranco.jpg>
Package pdftex.def Info: USPSC-TA-PreTextual/SET-CapaContraCapa/PaginaBranco/Pa
ginaEmBranco.jpg  used on input line 369.
(pdftex.def)             Requested size: 597.4945pt x 845.07095pt.
 [35]
File: USPSC-TA-PreTextual/SET-CapaContraCapa/CapaDoutorado.png Graphic file (ty
pe png)
<use USPSC-TA-PreTextual/SET-CapaContraCapa/CapaDoutorado.png>
Package pdftex.def Info: USPSC-TA-PreTextual/SET-CapaContraCapa/CapaDoutorado.p
ng  used on input line 381.
(pdftex.def)             Requested size: 597.50426pt x 845.02924pt.
File: USPSC-TA-PreTextual/SET-CapaContraCapa/PaginaBranco/PaginaEmBranco.jpg Gr
aphic file (type jpg)
<use USPSC-TA-PreTextual/SET-CapaContraCapa/PaginaBranco/PaginaEmBranco.jpg>
Package pdftex.def Info: USPSC-TA-PreTextual/SET-CapaContraCapa/PaginaBranco/Pa
ginaEmBranco.jpg  used on input line 381.
(pdftex.def)             Requested size: 597.4945pt x 845.07095pt.
 [36]) (./USPSC-modelo-EESC.toc
LaTeX Font Info:    Font shape `T1/lmss/bx/it' in size <12> not available
(Font)              Font shape `T1/lmss/bx/sl' tried instead on input line 41.
LaTeX Font Info:    Font shape `T1/lmss/m/it' in size <12> not available
(Font)              Font shape `T1/lmss/m/sl' tried instead on input line 42.
File: USPSC-TA-PreTextual/SET-CapaContraCapa/CapaDoutorado.png Graphic file (ty
pe png)
<use USPSC-TA-PreTextual/SET-CapaContraCapa/CapaDoutorado.png>
Package pdftex.def Info: USPSC-TA-PreTextual/SET-CapaContraCapa/CapaDoutorado.p
ng  used on input line 45.
(pdftex.def)             Requested size: 597.50426pt x 845.02924pt.
File: USPSC-TA-PreTextual/SET-CapaContraCapa/PaginaBranco/PaginaEmBranco.jpg Gr
aphic file (type jpg)
<use USPSC-TA-PreTextual/SET-CapaContraCapa/PaginaBranco/PaginaEmBranco.jpg>
Package pdftex.def Info: USPSC-TA-PreTextual/SET-CapaContraCapa/PaginaBranco/Pa
ginaEmBranco.jpg  used on input line 45.
(pdftex.def)             Requested size: 597.4945pt x 845.07095pt.
 [37



]
Overfull \hbox (1.5877pt too wide) detected at line 52
 \T1/lmss/bx/n/12 102
 []


Overfull \hbox (1.5877pt too wide) detected at line 58
 \T1/lmss/bx/n/12 117
 []


Overfull \hbox (1.5877pt too wide) detected at line 59
 \T1/lmss/bx/n/12 118
 []


Overfull \hbox (1.5877pt too wide) detected at line 60
 \T1/lmss/bx/n/12 121
 []


Overfull \hbox (1.5877pt too wide) detected at line 65
 \T1/lmss/bx/n/12 126
 []


Overfull \hbox (1.5877pt too wide) detected at line 69
 \T1/lmss/bx/n/12 131
 []


Overfull \hbox (1.5877pt too wide) detected at line 71
 \T1/lmss/bx/n/12 135
 []


Overfull \hbox (1.5877pt too wide) detected at line 72
 \T1/lmss/bx/n/12 135
 []


Overfull \hbox (1.5877pt too wide) detected at line 73
 \T1/lmss/bx/n/12 137
 []


Overfull \hbox (1.5877pt too wide) detected at line 74
 \T1/lmss/bx/n/12 138
 []


Overfull \hbox (1.5877pt too wide) detected at line 75
 \T1/lmss/bx/n/12 139
 []


Overfull \hbox (1.5877pt too wide) detected at line 76
 \T1/lmss/bx/n/12 141
 []


Overfull \hbox (1.5877pt too wide) detected at line 77
 \T1/lmss/bx/n/12 141
 []


Overfull \hbox (1.5877pt too wide) detected at line 78
 \T1/lmss/bx/n/12 144
 []


Overfull \hbox (1.5877pt too wide) detected at line 80
 \T1/lmss/bx/n/12 147
 []


Overfull \hbox (1.5877pt too wide) detected at line 81
 \T1/lmss/bx/n/12 147
 []


Underfull \vbox (badness 1005) has occurred while \output is active []

File: USPSC-TA-PreTextual/SET-CapaContraCapa/CapaDoutorado.png Graphic file (ty
pe png)
<use USPSC-TA-PreTextual/SET-CapaContraCapa/CapaDoutorado.png>
Package pdftex.def Info: USPSC-TA-PreTextual/SET-CapaContraCapa/CapaDoutorado.p
ng  used on input line 82.
(pdftex.def)             Requested size: 597.50426pt x 845.02924pt.
File: USPSC-TA-PreTextual/SET-CapaContraCapa/PaginaBranco/PaginaEmBranco.jpg Gr
aphic file (type jpg)
<use USPSC-TA-PreTextual/SET-CapaContraCapa/PaginaBranco/PaginaEmBranco.jpg>
Package pdftex.def Info: USPSC-TA-PreTextual/SET-CapaContraCapa/PaginaBranco/Pa
ginaEmBranco.jpg  used on input line 82.
(pdftex.def)             Requested size: 597.4945pt x 845.07095pt.
 [38]
Overfull \hbox (1.5877pt too wide) detected at line 82
 \T1/lmss/bx/n/12 149
 []


Overfull \hbox (1.5877pt too wide) detected at line 83
 \T1/lmss/bx/n/12 152
 []


Overfull \hbox (1.5877pt too wide) detected at line 86
 \T1/lmss/bx/n/12 159
 []


Overfull \hbox (1.5877pt too wide) detected at line 87
 \T1/lmss/bx/n/12 160
 []


Overfull \hbox (1.5877pt too wide) detected at line 88
 \T1/lmss/bx/n/12 162
 []


Overfull \hbox (1.5877pt too wide) detected at line 92
 \T1/lmss/bx/n/12 171
 []


Overfull \hbox (1.5877pt too wide) detected at line 93
 \T1/lmss/bx/n/12 171
 []


Overfull \hbox (1.5877pt too wide) detected at line 94
 \T1/lmss/bx/n/12 173
 []


Overfull \hbox (1.5877pt too wide) detected at line 95
 \T1/lmss/bx/n/12 174
 []


Overfull \hbox (1.5877pt too wide) detected at line 98
 \T1/lmss/bx/n/12 178
 []


Overfull \hbox (1.5877pt too wide) detected at line 106
 \T1/lmss/bx/n/12 203
 []


Overfull \hbox (1.5877pt too wide) detected at line 107
 \T1/lmss/bx/n/12 206
 []


Overfull \hbox (1.5877pt too wide) detected at line 110
 \T1/lmss/bx/n/12 209
 []

LaTeX Font Info:    External font `lmex10' loaded for size
(Font)              <14.4> on input line 114.
LaTeX Font Info:    External font `lmex10' loaded for size
(Font)              <10> on input line 114.
LaTeX Font Info:    External font `lmex10' loaded for size
(Font)              <7> on input line 114.

Overfull \hbox (1.5877pt too wide) detected at line 118
 \T1/lmss/bx/n/12 223
 []


Overfull \hbox (1.5877pt too wide) detected at line 122
 \T1/lmss/bx/n/12 237
 []

)
File: USPSC-TA-PreTextual/SET-CapaContraCapa/CapaDoutorado.png Graphic file (ty
pe png)
<use USPSC-TA-PreTextual/SET-CapaContraCapa/CapaDoutorado.png>
Package pdftex.def Info: USPSC-TA-PreTextual/SET-CapaContraCapa/CapaDoutorado.p
ng  used on input line 505.
(pdftex.def)             Requested size: 597.50426pt x 845.02924pt.
File: USPSC-TA-PreTextual/SET-CapaContraCapa/PaginaBranco/PaginaEmBranco.jpg Gr
aphic file (type jpg)
<use USPSC-TA-PreTextual/SET-CapaContraCapa/PaginaBranco/PaginaEmBranco.jpg>
Package pdftex.def Info: USPSC-TA-PreTextual/SET-CapaContraCapa/PaginaBranco/Pa
ginaEmBranco.jpg  used on input line 505.
(pdftex.def)             Requested size: 597.4945pt x 845.07095pt.
 [39]
File: USPSC-TA-PreTextual/SET-CapaContraCapa/CapaDoutorado.png Graphic file (ty
pe png)
<use USPSC-TA-PreTextual/SET-CapaContraCapa/CapaDoutorado.png>
Package pdftex.def Info: USPSC-TA-PreTextual/SET-CapaContraCapa/CapaDoutorado.p
ng  used on input line 505.
(pdftex.def)             Requested size: 597.50426pt x 845.02924pt.
File: USPSC-TA-PreTextual/SET-CapaContraCapa/PaginaBranco/PaginaEmBranco.jpg Gr
aphic file (type jpg)
<use USPSC-TA-PreTextual/SET-CapaContraCapa/PaginaBranco/PaginaEmBranco.jpg>
Package pdftex.def Info: USPSC-TA-PreTextual/SET-CapaContraCapa/PaginaBranco/Pa
ginaEmBranco.jpg  used on input line 505.
(pdftex.def)             Requested size: 597.4945pt x 845.07095pt.
 [40

]
\openout2 = `introducao.aux'.

 (./introducao.tex
Underfull \vbox (badness 10000) has occurred while \output is active []

File: USPSC-TA-PreTextual/SET-CapaContraCapa/CapaDoutorado.png Graphic file (ty
pe png)
<use USPSC-TA-PreTextual/SET-CapaContraCapa/CapaDoutorado.png>
Package pdftex.def Info: USPSC-TA-PreTextual/SET-CapaContraCapa/CapaDoutorado.p
ng  used on input line 12.
(pdftex.def)             Requested size: 597.50426pt x 845.02924pt.
File: USPSC-TA-PreTextual/SET-CapaContraCapa/PaginaBranco/PaginaEmBranco.jpg Gr
aphic file (type jpg)
<use USPSC-TA-PreTextual/SET-CapaContraCapa/PaginaBranco/PaginaEmBranco.jpg>
Package pdftex.def Info: USPSC-TA-PreTextual/SET-CapaContraCapa/PaginaBranco/Pa
ginaEmBranco.jpg  used on input line 12.
(pdftex.def)             Requested size: 597.4945pt x 845.07095pt.
 [41


]
Underfull \vbox (badness 1902) has occurred while \output is active []

File: USPSC-TA-PreTextual/SET-CapaContraCapa/CapaDoutorado.png Graphic file (ty
pe png)
<use USPSC-TA-PreTextual/SET-CapaContraCapa/CapaDoutorado.png>
Package pdftex.def Info: USPSC-TA-PreTextual/SET-CapaContraCapa/CapaDoutorado.p
ng  used on input line 26.
(pdftex.def)             Requested size: 597.50426pt x 845.02924pt.
File: USPSC-TA-PreTextual/SET-CapaContraCapa/PaginaBranco/PaginaEmBranco.jpg Gr
aphic file (type jpg)
<use USPSC-TA-PreTextual/SET-CapaContraCapa/PaginaBranco/PaginaEmBranco.jpg>
Package pdftex.def Info: USPSC-TA-PreTextual/SET-CapaContraCapa/PaginaBranco/Pa
ginaEmBranco.jpg  used on input line 26.
(pdftex.def)             Requested size: 597.4945pt x 845.07095pt.
 [42]
Underfull \vbox (badness 10000) has occurred while \output is active []

File: USPSC-TA-PreTextual/SET-CapaContraCapa/CapaDoutorado.png Graphic file (ty
pe png)
<use USPSC-TA-PreTextual/SET-CapaContraCapa/CapaDoutorado.png>
Package pdftex.def Info: USPSC-TA-PreTextual/SET-CapaContraCapa/CapaDoutorado.p
ng  used on input line 35.
(pdftex.def)             Requested size: 597.50426pt x 845.02924pt.
File: USPSC-TA-PreTextual/SET-CapaContraCapa/PaginaBranco/PaginaEmBranco.jpg Gr
aphic file (type jpg)
<use USPSC-TA-PreTextual/SET-CapaContraCapa/PaginaBranco/PaginaEmBranco.jpg>
Package pdftex.def Info: USPSC-TA-PreTextual/SET-CapaContraCapa/PaginaBranco/Pa
ginaEmBranco.jpg  used on input line 35.
(pdftex.def)             Requested size: 597.4945pt x 845.07095pt.
 [43]
File: USPSC-TA-PreTextual/SET-CapaContraCapa/CapaDoutorado.png Graphic file (ty
pe png)
<use USPSC-TA-PreTextual/SET-CapaContraCapa/CapaDoutorado.png>
Package pdftex.def Info: USPSC-TA-PreTextual/SET-CapaContraCapa/CapaDoutorado.p
ng  used on input line 51.
(pdftex.def)             Requested size: 597.50426pt x 845.02924pt.
File: USPSC-TA-PreTextual/SET-CapaContraCapa/PaginaBranco/PaginaEmBranco.jpg Gr
aphic file (type jpg)
<use USPSC-TA-PreTextual/SET-CapaContraCapa/PaginaBranco/PaginaEmBranco.jpg>
Package pdftex.def Info: USPSC-TA-PreTextual/SET-CapaContraCapa/PaginaBranco/Pa
ginaEmBranco.jpg  used on input line 51.
(pdftex.def)             Requested size: 597.4945pt x 845.07095pt.

[44]
Underfull \vbox (badness 10000) has occurred while \output is active []

File: USPSC-TA-PreTextual/SET-CapaContraCapa/CapaDoutorado.png Graphic file (ty
pe png)
<use USPSC-TA-PreTextual/SET-CapaContraCapa/CapaDoutorado.png>
Package pdftex.def Info: USPSC-TA-PreTextual/SET-CapaContraCapa/CapaDoutorado.p
ng  used on input line 60.
(pdftex.def)             Requested size: 597.50426pt x 845.02924pt.
File: USPSC-TA-PreTextual/SET-CapaContraCapa/PaginaBranco/PaginaEmBranco.jpg Gr
aphic file (type jpg)
<use USPSC-TA-PreTextual/SET-CapaContraCapa/PaginaBranco/PaginaEmBranco.jpg>
Package pdftex.def Info: USPSC-TA-PreTextual/SET-CapaContraCapa/PaginaBranco/Pa
ginaEmBranco.jpg  used on input line 60.
(pdftex.def)             Requested size: 597.4945pt x 845.07095pt.
 [45]
Underfull \vbox (badness 10000) has occurred while \output is active []

File: USPSC-TA-PreTextual/SET-CapaContraCapa/CapaDoutorado.png Graphic file (ty
pe png)
<use USPSC-TA-PreTextual/SET-CapaContraCapa/CapaDoutorado.png>
Package pdftex.def Info: USPSC-TA-PreTextual/SET-CapaContraCapa/CapaDoutorado.p
ng  used on input line 68.
(pdftex.def)             Requested size: 597.50426pt x 845.02924pt.
File: USPSC-TA-PreTextual/SET-CapaContraCapa/PaginaBranco/PaginaEmBranco.jpg Gr
aphic file (type jpg)
<use USPSC-TA-PreTextual/SET-CapaContraCapa/PaginaBranco/PaginaEmBranco.jpg>
Package pdftex.def Info: USPSC-TA-PreTextual/SET-CapaContraCapa/PaginaBranco/Pa
ginaEmBranco.jpg  used on input line 68.
(pdftex.def)             Requested size: 597.4945pt x 845.07095pt.
 [46]
File: USPSC-TA-PreTextual/SET-CapaContraCapa/CapaDoutorado.png Graphic file (ty
pe png)
<use USPSC-TA-PreTextual/SET-CapaContraCapa/CapaDoutorado.png>
Package pdftex.def Info: USPSC-TA-PreTextual/SET-CapaContraCapa/CapaDoutorado.p
ng  used on input line 83.
(pdftex.def)             Requested size: 597.50426pt x 845.02924pt.
File: USPSC-TA-PreTextual/SET-CapaContraCapa/PaginaBranco/PaginaEmBranco.jpg Gr
aphic file (type jpg)
<use USPSC-TA-PreTextual/SET-CapaContraCapa/PaginaBranco/PaginaEmBranco.jpg>
Package pdftex.def Info: USPSC-TA-PreTextual/SET-CapaContraCapa/PaginaBranco/Pa
ginaEmBranco.jpg  used on input line 83.
(pdftex.def)             Requested size: 597.4945pt x 845.07095pt.

[47]
Underfull \vbox (badness 10000) has occurred while \output is active []

File: USPSC-TA-PreTextual/SET-CapaContraCapa/CapaDoutorado.png Graphic file (ty
pe png)
<use USPSC-TA-PreTextual/SET-CapaContraCapa/CapaDoutorado.png>
Package pdftex.def Info: USPSC-TA-PreTextual/SET-CapaContraCapa/CapaDoutorado.p
ng  used on input line 96.
(pdftex.def)             Requested size: 597.50426pt x 845.02924pt.
File: USPSC-TA-PreTextual/SET-CapaContraCapa/PaginaBranco/PaginaEmBranco.jpg Gr
aphic file (type jpg)
<use USPSC-TA-PreTextual/SET-CapaContraCapa/PaginaBranco/PaginaEmBranco.jpg>
Package pdftex.def Info: USPSC-TA-PreTextual/SET-CapaContraCapa/PaginaBranco/Pa
ginaEmBranco.jpg  used on input line 96.
(pdftex.def)             Requested size: 597.4945pt x 845.07095pt.
 [48]
File: USPSC-TA-PreTextual/SET-CapaContraCapa/CapaDoutorado.png Graphic file (ty
pe png)
<use USPSC-TA-PreTextual/SET-CapaContraCapa/CapaDoutorado.png>
Package pdftex.def Info: USPSC-TA-PreTextual/SET-CapaContraCapa/CapaDoutorado.p
ng  used on input line 107.
(pdftex.def)             Requested size: 597.50426pt x 845.02924pt.
File: USPSC-TA-PreTextual/SET-CapaContraCapa/PaginaBranco/PaginaEmBranco.jpg Gr
aphic file (type jpg)
<use USPSC-TA-PreTextual/SET-CapaContraCapa/PaginaBranco/PaginaEmBranco.jpg>
Package pdftex.def Info: USPSC-TA-PreTextual/SET-CapaContraCapa/PaginaBranco/Pa
ginaEmBranco.jpg  used on input line 107.
(pdftex.def)             Requested size: 597.4945pt x 845.07095pt.

[49]
Underfull \vbox (badness 10000) has occurred while \output is active []

File: USPSC-TA-PreTextual/SET-CapaContraCapa/CapaDoutorado.png Graphic file (ty
pe png)
<use USPSC-TA-PreTextual/SET-CapaContraCapa/CapaDoutorado.png>
Package pdftex.def Info: USPSC-TA-PreTextual/SET-CapaContraCapa/CapaDoutorado.p
ng  used on input line 116.
(pdftex.def)             Requested size: 597.50426pt x 845.02924pt.
File: USPSC-TA-PreTextual/SET-CapaContraCapa/PaginaBranco/PaginaEmBranco.jpg Gr
aphic file (type jpg)
<use USPSC-TA-PreTextual/SET-CapaContraCapa/PaginaBranco/PaginaEmBranco.jpg>
Package pdftex.def Info: USPSC-TA-PreTextual/SET-CapaContraCapa/PaginaBranco/Pa
ginaEmBranco.jpg  used on input line 116.
(pdftex.def)             Requested size: 597.4945pt x 845.07095pt.
 [50]
Underfull \vbox (badness 10000) has occurred while \output is active []

File: USPSC-TA-PreTextual/SET-CapaContraCapa/CapaDoutorado.png Graphic file (ty
pe png)
<use USPSC-TA-PreTextual/SET-CapaContraCapa/CapaDoutorado.png>
Package pdftex.def Info: USPSC-TA-PreTextual/SET-CapaContraCapa/CapaDoutorado.p
ng  used on input line 125.
(pdftex.def)             Requested size: 597.50426pt x 845.02924pt.
File: USPSC-TA-PreTextual/SET-CapaContraCapa/PaginaBranco/PaginaEmBranco.jpg Gr
aphic file (type jpg)
<use USPSC-TA-PreTextual/SET-CapaContraCapa/PaginaBranco/PaginaEmBranco.jpg>
Package pdftex.def Info: USPSC-TA-PreTextual/SET-CapaContraCapa/PaginaBranco/Pa
ginaEmBranco.jpg  used on input line 125.
(pdftex.def)             Requested size: 597.4945pt x 845.07095pt.
 [51]
Underfull \vbox (badness 10000) has occurred while \output is active []

File: USPSC-TA-PreTextual/SET-CapaContraCapa/CapaDoutorado.png Graphic file (ty
pe png)
<use USPSC-TA-PreTextual/SET-CapaContraCapa/CapaDoutorado.png>
Package pdftex.def Info: USPSC-TA-PreTextual/SET-CapaContraCapa/CapaDoutorado.p
ng  used on input line 135.
(pdftex.def)             Requested size: 597.50426pt x 845.02924pt.
File: USPSC-TA-PreTextual/SET-CapaContraCapa/PaginaBranco/PaginaEmBranco.jpg Gr
aphic file (type jpg)
<use USPSC-TA-PreTextual/SET-CapaContraCapa/PaginaBranco/PaginaEmBranco.jpg>
Package pdftex.def Info: USPSC-TA-PreTextual/SET-CapaContraCapa/PaginaBranco/Pa
ginaEmBranco.jpg  used on input line 135.
(pdftex.def)             Requested size: 597.4945pt x 845.07095pt.
 [52]
Underfull \vbox (badness 10000) has occurred while \output is active []

File: USPSC-TA-PreTextual/SET-CapaContraCapa/CapaDoutorado.png Graphic file (ty
pe png)
<use USPSC-TA-PreTextual/SET-CapaContraCapa/CapaDoutorado.png>
Package pdftex.def Info: USPSC-TA-PreTextual/SET-CapaContraCapa/CapaDoutorado.p
ng  used on input line 145.
(pdftex.def)             Requested size: 597.50426pt x 845.02924pt.
File: USPSC-TA-PreTextual/SET-CapaContraCapa/PaginaBranco/PaginaEmBranco.jpg Gr
aphic file (type jpg)
<use USPSC-TA-PreTextual/SET-CapaContraCapa/PaginaBranco/PaginaEmBranco.jpg>
Package pdftex.def Info: USPSC-TA-PreTextual/SET-CapaContraCapa/PaginaBranco/Pa
ginaEmBranco.jpg  used on input line 145.
(pdftex.def)             Requested size: 597.4945pt x 845.07095pt.
 [53]
File: USPSC-TA-PreTextual/SET-CapaContraCapa/CapaDoutorado.png Graphic file (ty
pe png)
<use USPSC-TA-PreTextual/SET-CapaContraCapa/CapaDoutorado.png>
Package pdftex.def Info: USPSC-TA-PreTextual/SET-CapaContraCapa/CapaDoutorado.p
ng  used on input line 172.
(pdftex.def)             Requested size: 597.50426pt x 845.02924pt.
File: USPSC-TA-PreTextual/SET-CapaContraCapa/PaginaBranco/PaginaEmBranco.jpg Gr
aphic file (type jpg)
<use USPSC-TA-PreTextual/SET-CapaContraCapa/PaginaBranco/PaginaEmBranco.jpg>
Package pdftex.def Info: USPSC-TA-PreTextual/SET-CapaContraCapa/PaginaBranco/Pa
ginaEmBranco.jpg  used on input line 172.
(pdftex.def)             Requested size: 597.4945pt x 845.07095pt.

[54{/usr/share/texmf/fonts/enc/dvips/lm/lm-ts1.enc}]
LaTeX Font Info:    External font `lmex10' loaded for size
(Font)              <10.95> on input line 179.

Underfull \vbox (badness 2744) has occurred while \output is active []

File: USPSC-TA-PreTextual/SET-CapaContraCapa/CapaDoutorado.png Graphic file (ty
pe png)
<use USPSC-TA-PreTextual/SET-CapaContraCapa/CapaDoutorado.png>
Package pdftex.def Info: USPSC-TA-PreTextual/SET-CapaContraCapa/CapaDoutorado.p
ng  used on input line 184.
(pdftex.def)             Requested size: 597.50426pt x 845.02924pt.
File: USPSC-TA-PreTextual/SET-CapaContraCapa/PaginaBranco/PaginaEmBranco.jpg Gr
aphic file (type jpg)
<use USPSC-TA-PreTextual/SET-CapaContraCapa/PaginaBranco/PaginaEmBranco.jpg>
Package pdftex.def Info: USPSC-TA-PreTextual/SET-CapaContraCapa/PaginaBranco/Pa
ginaEmBranco.jpg  used on input line 184.
(pdftex.def)             Requested size: 597.4945pt x 845.07095pt.
 [55]
File: USPSC-TA-PreTextual/SET-CapaContraCapa/CapaDoutorado.png Graphic file (ty
pe png)
<use USPSC-TA-PreTextual/SET-CapaContraCapa/CapaDoutorado.png>
Package pdftex.def Info: USPSC-TA-PreTextual/SET-CapaContraCapa/CapaDoutorado.p
ng  used on input line 195.
(pdftex.def)             Requested size: 597.50426pt x 845.02924pt.
File: USPSC-TA-PreTextual/SET-CapaContraCapa/PaginaBranco/PaginaEmBranco.jpg Gr
aphic file (type jpg)
<use USPSC-TA-PreTextual/SET-CapaContraCapa/PaginaBranco/PaginaEmBranco.jpg>
Package pdftex.def Info: USPSC-TA-PreTextual/SET-CapaContraCapa/PaginaBranco/Pa
ginaEmBranco.jpg  used on input line 195.
(pdftex.def)             Requested size: 597.4945pt x 845.07095pt.

[56])
File: USPSC-TA-PreTextual/SET-CapaContraCapa/CapaDoutorado.png Graphic file (ty
pe png)
<use USPSC-TA-PreTextual/SET-CapaContraCapa/CapaDoutorado.png>
Package pdftex.def Info: USPSC-TA-PreTextual/SET-CapaContraCapa/CapaDoutorado.p
ng  used on input line 513.
(pdftex.def)             Requested size: 597.50426pt x 845.02924pt.
File: USPSC-TA-PreTextual/SET-CapaContraCapa/PaginaBranco/PaginaEmBranco.jpg Gr
aphic file (type jpg)
<use USPSC-TA-PreTextual/SET-CapaContraCapa/PaginaBranco/PaginaEmBranco.jpg>
Package pdftex.def Info: USPSC-TA-PreTextual/SET-CapaContraCapa/PaginaBranco/Pa
ginaEmBranco.jpg  used on input line 513.
(pdftex.def)             Requested size: 597.4945pt x 845.07095pt.
 [57]
\openout2 = `Cap2.aux'.

 (./Cap2.tex
File: USPSC-TA-PreTextual/SET-CapaContraCapa/CapaDoutorado.png Graphic file (ty
pe png)
<use USPSC-TA-PreTextual/SET-CapaContraCapa/CapaDoutorado.png>
Package pdftex.def Info: USPSC-TA-PreTextual/SET-CapaContraCapa/CapaDoutorado.p
ng  used on input line 1.
(pdftex.def)             Requested size: 597.50426pt x 845.02924pt.
File: USPSC-TA-PreTextual/SET-CapaContraCapa/PaginaBranco/PaginaEmBranco.jpg Gr
aphic file (type jpg)
<use USPSC-TA-PreTextual/SET-CapaContraCapa/PaginaBranco/PaginaEmBranco.jpg>
Package pdftex.def Info: USPSC-TA-PreTextual/SET-CapaContraCapa/PaginaBranco/Pa
ginaEmBranco.jpg  used on input line 1.
(pdftex.def)             Requested size: 597.4945pt x 845.07095pt.
 [58




]
Underfull \vbox (badness 10000) has occurred while \output is active []

File: USPSC-TA-PreTextual/SET-CapaContraCapa/CapaDoutorado.png Graphic file (ty
pe png)
<use USPSC-TA-PreTextual/SET-CapaContraCapa/CapaDoutorado.png>
Package pdftex.def Info: USPSC-TA-PreTextual/SET-CapaContraCapa/CapaDoutorado.p
ng  used on input line 21.
(pdftex.def)             Requested size: 597.50426pt x 845.02924pt.
File: USPSC-TA-PreTextual/SET-CapaContraCapa/PaginaBranco/PaginaEmBranco.jpg Gr
aphic file (type jpg)
<use USPSC-TA-PreTextual/SET-CapaContraCapa/PaginaBranco/PaginaEmBranco.jpg>
Package pdftex.def Info: USPSC-TA-PreTextual/SET-CapaContraCapa/PaginaBranco/Pa
ginaEmBranco.jpg  used on input line 21.
(pdftex.def)             Requested size: 597.4945pt x 845.07095pt.
 [59]

pdfTeX warning: /usr/bin/pdflatex (file ./Imagens/Cap2/volInf_fluxoMassaT.pdf):
 PDF inclusion: found PDF version <1.7>, but at most version <1.5> allowed
<Imagens/Cap2/volInf_fluxoMassaT.pdf, id=1136, 542.025pt x 376.40625pt>
File: Imagens/Cap2/volInf_fluxoMassaT.pdf Graphic file (type pdf)
<use Imagens/Cap2/volInf_fluxoMassaT.pdf>
Package pdftex.def Info: Imagens/Cap2/volInf_fluxoMassaT.pdf  used on input lin
e 30.
(pdftex.def)             Requested size: 271.01183pt x 188.20265pt.
File: USPSC-TA-PreTextual/SET-CapaContraCapa/CapaDoutorado.png Graphic file (ty
pe png)
<use USPSC-TA-PreTextual/SET-CapaContraCapa/CapaDoutorado.png>
Package pdftex.def Info: USPSC-TA-PreTextual/SET-CapaContraCapa/CapaDoutorado.p
ng  used on input line 51.
(pdftex.def)             Requested size: 597.50426pt x 845.02924pt.
File: USPSC-TA-PreTextual/SET-CapaContraCapa/PaginaBranco/PaginaEmBranco.jpg Gr
aphic file (type jpg)
<use USPSC-TA-PreTextual/SET-CapaContraCapa/PaginaBranco/PaginaEmBranco.jpg>
Package pdftex.def Info: USPSC-TA-PreTextual/SET-CapaContraCapa/PaginaBranco/Pa
ginaEmBranco.jpg  used on input line 51.
(pdftex.def)             Requested size: 597.4945pt x 845.07095pt.
[60 <./Imagens/Cap2/volInf_fluxoMassaT.pdf>]

pdfTeX warning: /usr/bin/pdflatex (file ./Imagens/Cap2/volInf_tensaoT.pdf): PDF
 inclusion: found PDF version <1.7>, but at most version <1.5> allowed
<Imagens/Cap2/volInf_tensaoT.pdf, id=1151, 542.025pt x 376.40625pt>
File: Imagens/Cap2/volInf_tensaoT.pdf Graphic file (type pdf)
<use Imagens/Cap2/volInf_tensaoT.pdf>
Package pdftex.def Info: Imagens/Cap2/volInf_tensaoT.pdf  used on input line 66
.
(pdftex.def)             Requested size: 271.01183pt x 159.75pt.
File: USPSC-TA-PreTextual/SET-CapaContraCapa/CapaDoutorado.png Graphic file (ty
pe png)
<use USPSC-TA-PreTextual/SET-CapaContraCapa/CapaDoutorado.png>
Package pdftex.def Info: USPSC-TA-PreTextual/SET-CapaContraCapa/CapaDoutorado.p
ng  used on input line 83.
(pdftex.def)             Requested size: 597.50426pt x 845.02924pt.
File: USPSC-TA-PreTextual/SET-CapaContraCapa/PaginaBranco/PaginaEmBranco.jpg Gr
aphic file (type jpg)
<use USPSC-TA-PreTextual/SET-CapaContraCapa/PaginaBranco/PaginaEmBranco.jpg>
Package pdftex.def Info: USPSC-TA-PreTextual/SET-CapaContraCapa/PaginaBranco/Pa
ginaEmBranco.jpg  used on input line 83.
(pdftex.def)             Requested size: 597.4945pt x 845.07095pt.
[61 <./Imagens/Cap2/volInf_tensaoT.pdf>]

pdfTeX warning: /usr/bin/pdflatex (file ./Imagens/Cap2/volInf_consQtdeMovT.pdf)
: PDF inclusion: found PDF version <1.7>, but at most version <1.5> allowed
<Imagens/Cap2/volInf_consQtdeMovT.pdf, id=1166, 542.025pt x 376.40625pt>
File: Imagens/Cap2/volInf_consQtdeMovT.pdf Graphic file (type pdf)
<use Imagens/Cap2/volInf_consQtdeMovT.pdf>
Package pdftex.def Info: Imagens/Cap2/volInf_consQtdeMovT.pdf  used on input li
ne 96.
(pdftex.def)             Requested size: 271.01183pt x 188.20265pt.
File: USPSC-TA-PreTextual/SET-CapaContraCapa/CapaDoutorado.png Graphic file (ty
pe png)
<use USPSC-TA-PreTextual/SET-CapaContraCapa/CapaDoutorado.png>
Package pdftex.def Info: USPSC-TA-PreTextual/SET-CapaContraCapa/CapaDoutorado.p
ng  used on input line 126.
(pdftex.def)             Requested size: 597.50426pt x 845.02924pt.
File: USPSC-TA-PreTextual/SET-CapaContraCapa/PaginaBranco/PaginaEmBranco.jpg Gr
aphic file (type jpg)
<use USPSC-TA-PreTextual/SET-CapaContraCapa/PaginaBranco/PaginaEmBranco.jpg>
Package pdftex.def Info: USPSC-TA-PreTextual/SET-CapaContraCapa/PaginaBranco/Pa
ginaEmBranco.jpg  used on input line 126.
(pdftex.def)             Requested size: 597.4945pt x 845.07095pt.
[62 <./Imagens/Cap2/volInf_consQtdeMovT.pdf>]

pdfTeX warning: /usr/bin/pdflatex (file ./Imagens/Cap2/dominioALE.pdf): PDF inc
lusion: found PDF version <1.7>, but at most version <1.5> allowed
<Imagens/Cap2/dominioALE.pdf, id=1187, 214.51927pt x 222.78722pt>
File: Imagens/Cap2/dominioALE.pdf Graphic file (type pdf)
<use Imagens/Cap2/dominioALE.pdf>
Package pdftex.def Info: Imagens/Cap2/dominioALE.pdf  used on input line 143.
(pdftex.def)             Requested size: 214.51874pt x 222.78667pt.
File: USPSC-TA-PreTextual/SET-CapaContraCapa/CapaDoutorado.png Graphic file (ty
pe png)
<use USPSC-TA-PreTextual/SET-CapaContraCapa/CapaDoutorado.png>
Package pdftex.def Info: USPSC-TA-PreTextual/SET-CapaContraCapa/CapaDoutorado.p
ng  used on input line 164.
(pdftex.def)             Requested size: 597.50426pt x 845.02924pt.
File: USPSC-TA-PreTextual/SET-CapaContraCapa/PaginaBranco/PaginaEmBranco.jpg Gr
aphic file (type jpg)
<use USPSC-TA-PreTextual/SET-CapaContraCapa/PaginaBranco/PaginaEmBranco.jpg>
Package pdftex.def Info: USPSC-TA-PreTextual/SET-CapaContraCapa/PaginaBranco/Pa
ginaEmBranco.jpg  used on input line 164.
(pdftex.def)             Requested size: 597.4945pt x 845.07095pt.
[63]
File: USPSC-TA-PreTextual/SET-CapaContraCapa/CapaDoutorado.png Graphic file (ty
pe png)
<use USPSC-TA-PreTextual/SET-CapaContraCapa/CapaDoutorado.png>
Package pdftex.def Info: USPSC-TA-PreTextual/SET-CapaContraCapa/CapaDoutorado.p
ng  used on input line 218.
(pdftex.def)             Requested size: 597.50426pt x 845.02924pt.
File: USPSC-TA-PreTextual/SET-CapaContraCapa/PaginaBranco/PaginaEmBranco.jpg Gr
aphic file (type jpg)
<use USPSC-TA-PreTextual/SET-CapaContraCapa/PaginaBranco/PaginaEmBranco.jpg>
Package pdftex.def Info: USPSC-TA-PreTextual/SET-CapaContraCapa/PaginaBranco/Pa
ginaEmBranco.jpg  used on input line 218.
(pdftex.def)             Requested size: 597.4945pt x 845.07095pt.
 [64 <./Imagens/Cap2/dominioALE.pdf>]
File: USPSC-TA-PreTextual/SET-CapaContraCapa/CapaDoutorado.png Graphic file (ty
pe png)
<use USPSC-TA-PreTextual/SET-CapaContraCapa/CapaDoutorado.png>
Package pdftex.def Info: USPSC-TA-PreTextual/SET-CapaContraCapa/CapaDoutorado.p
ng  used on input line 289.
(pdftex.def)             Requested size: 597.50426pt x 845.02924pt.
File: USPSC-TA-PreTextual/SET-CapaContraCapa/PaginaBranco/PaginaEmBranco.jpg Gr
aphic file (type jpg)
<use USPSC-TA-PreTextual/SET-CapaContraCapa/PaginaBranco/PaginaEmBranco.jpg>
Package pdftex.def Info: USPSC-TA-PreTextual/SET-CapaContraCapa/PaginaBranco/Pa
ginaEmBranco.jpg  used on input line 289.
(pdftex.def)             Requested size: 597.4945pt x 845.07095pt.
 [65]

pdfTeX warning: /usr/bin/pdflatex (file ./Imagens/Cap2/dominioFluido.pdf): PDF 
inclusion: found PDF version <1.7>, but at most version <1.5> allowed
<Imagens/Cap2/dominioFluido.pdf, id=1250, 69.66087pt x 42.20113pt>
File: Imagens/Cap2/dominioFluido.pdf Graphic file (type pdf)
<use Imagens/Cap2/dominioFluido.pdf>
Package pdftex.def Info: Imagens/Cap2/dominioFluido.pdf  used on input line 317
.
(pdftex.def)             Requested size: 208.98207pt x 113.79868pt.
File: USPSC-TA-PreTextual/SET-CapaContraCapa/CapaDoutorado.png Graphic file (ty
pe png)
<use USPSC-TA-PreTextual/SET-CapaContraCapa/CapaDoutorado.png>
Package pdftex.def Info: USPSC-TA-PreTextual/SET-CapaContraCapa/CapaDoutorado.p
ng  used on input line 333.
(pdftex.def)             Requested size: 597.50426pt x 845.02924pt.
File: USPSC-TA-PreTextual/SET-CapaContraCapa/PaginaBranco/PaginaEmBranco.jpg Gr
aphic file (type jpg)
<use USPSC-TA-PreTextual/SET-CapaContraCapa/PaginaBranco/PaginaEmBranco.jpg>
Package pdftex.def Info: USPSC-TA-PreTextual/SET-CapaContraCapa/PaginaBranco/Pa
ginaEmBranco.jpg  used on input line 333.
(pdftex.def)             Requested size: 597.4945pt x 845.07095pt.
[66]
File: USPSC-TA-PreTextual/SET-CapaContraCapa/CapaDoutorado.png Graphic file (ty
pe png)
<use USPSC-TA-PreTextual/SET-CapaContraCapa/CapaDoutorado.png>
Package pdftex.def Info: USPSC-TA-PreTextual/SET-CapaContraCapa/CapaDoutorado.p
ng  used on input line 349.
(pdftex.def)             Requested size: 597.50426pt x 845.02924pt.
File: USPSC-TA-PreTextual/SET-CapaContraCapa/PaginaBranco/PaginaEmBranco.jpg Gr
aphic file (type jpg)
<use USPSC-TA-PreTextual/SET-CapaContraCapa/PaginaBranco/PaginaEmBranco.jpg>
Package pdftex.def Info: USPSC-TA-PreTextual/SET-CapaContraCapa/PaginaBranco/Pa
ginaEmBranco.jpg  used on input line 349.
(pdftex.def)             Requested size: 597.4945pt x 845.07095pt.
 [67 <./Imagens/Cap2/dominioFluido.pdf>]
File: USPSC-TA-PreTextual/SET-CapaContraCapa/CapaDoutorado.png Graphic file (ty
pe png)
<use USPSC-TA-PreTextual/SET-CapaContraCapa/CapaDoutorado.png>
Package pdftex.def Info: USPSC-TA-PreTextual/SET-CapaContraCapa/CapaDoutorado.p
ng  used on input line 382.
(pdftex.def)             Requested size: 597.50426pt x 845.02924pt.
File: USPSC-TA-PreTextual/SET-CapaContraCapa/PaginaBranco/PaginaEmBranco.jpg Gr
aphic file (type jpg)
<use USPSC-TA-PreTextual/SET-CapaContraCapa/PaginaBranco/PaginaEmBranco.jpg>
Package pdftex.def Info: USPSC-TA-PreTextual/SET-CapaContraCapa/PaginaBranco/Pa
ginaEmBranco.jpg  used on input line 382.
(pdftex.def)             Requested size: 597.4945pt x 845.07095pt.
 [68]

pdfTeX warning: /usr/bin/pdflatex (file ./Imagens/Cap2/elementoFinito2d.pdf): P
DF inclusion: found PDF version <1.7>, but at most version <1.5> allowed
<Imagens/Cap2/elementoFinito2d.pdf, id=1298, 315.19049pt x 273.18808pt>
File: Imagens/Cap2/elementoFinito2d.pdf Graphic file (type pdf)
<use Imagens/Cap2/elementoFinito2d.pdf>
Package pdftex.def Info: Imagens/Cap2/elementoFinito2d.pdf  used on input line 
388.
(pdftex.def)             Requested size: 157.59485pt x 136.59369pt.


pdfTeX warning: /usr/bin/pdflatex (file ./Imagens/Cap2/elementoFinito3d.pdf): P
DF inclusion: found PDF version <1.7>, but at most version <1.5> allowed
<Imagens/Cap2/elementoFinito3d.pdf, id=1300, 304.42851pt x 213.64893pt>
File: Imagens/Cap2/elementoFinito3d.pdf Graphic file (type pdf)
<use Imagens/Cap2/elementoFinito3d.pdf>
Package pdftex.def Info: Imagens/Cap2/elementoFinito3d.pdf  used on input line 
389.
(pdftex.def)             Requested size: 197.87617pt x 138.87015pt.

Underfull \vbox (badness 7814) has occurred while \output is active []

File: USPSC-TA-PreTextual/SET-CapaContraCapa/CapaDoutorado.png Graphic file (ty
pe png)
<use USPSC-TA-PreTextual/SET-CapaContraCapa/CapaDoutorado.png>
Package pdftex.def Info: USPSC-TA-PreTextual/SET-CapaContraCapa/CapaDoutorado.p
ng  used on input line 397.
(pdftex.def)             Requested size: 597.50426pt x 845.02924pt.
File: USPSC-TA-PreTextual/SET-CapaContraCapa/PaginaBranco/PaginaEmBranco.jpg Gr
aphic file (type jpg)
<use USPSC-TA-PreTextual/SET-CapaContraCapa/PaginaBranco/PaginaEmBranco.jpg>
Package pdftex.def Info: USPSC-TA-PreTextual/SET-CapaContraCapa/PaginaBranco/Pa
ginaEmBranco.jpg  used on input line 397.
(pdftex.def)             Requested size: 597.4945pt x 845.07095pt.
 [69 <./Imagens/Cap2/elementoFinito2d.pdf> <./Imagens/Cap2/elementoFinito3d.pdf
>]
File: USPSC-TA-PreTextual/SET-CapaContraCapa/CapaDoutorado.png Graphic file (ty
pe png)
<use USPSC-TA-PreTextual/SET-CapaContraCapa/CapaDoutorado.png>
Package pdftex.def Info: USPSC-TA-PreTextual/SET-CapaContraCapa/CapaDoutorado.p
ng  used on input line 430.
(pdftex.def)             Requested size: 597.50426pt x 845.02924pt.
File: USPSC-TA-PreTextual/SET-CapaContraCapa/PaginaBranco/PaginaEmBranco.jpg Gr
aphic file (type jpg)
<use USPSC-TA-PreTextual/SET-CapaContraCapa/PaginaBranco/PaginaEmBranco.jpg>
Package pdftex.def Info: USPSC-TA-PreTextual/SET-CapaContraCapa/PaginaBranco/Pa
ginaEmBranco.jpg  used on input line 430.
(pdftex.def)             Requested size: 597.4945pt x 845.07095pt.
 [70]
File: USPSC-TA-PreTextual/SET-CapaContraCapa/CapaDoutorado.png Graphic file (ty
pe png)
<use USPSC-TA-PreTextual/SET-CapaContraCapa/CapaDoutorado.png>
Package pdftex.def Info: USPSC-TA-PreTextual/SET-CapaContraCapa/CapaDoutorado.p
ng  used on input line 458.
(pdftex.def)             Requested size: 597.50426pt x 845.02924pt.
File: USPSC-TA-PreTextual/SET-CapaContraCapa/PaginaBranco/PaginaEmBranco.jpg Gr
aphic file (type jpg)
<use USPSC-TA-PreTextual/SET-CapaContraCapa/PaginaBranco/PaginaEmBranco.jpg>
Package pdftex.def Info: USPSC-TA-PreTextual/SET-CapaContraCapa/PaginaBranco/Pa
ginaEmBranco.jpg  used on input line 458.
(pdftex.def)             Requested size: 597.4945pt x 845.07095pt.

[71]
Overfull \hbox (1.51724pt too wide) detected at line 479
[]
 []

File: USPSC-TA-PreTextual/SET-CapaContraCapa/CapaDoutorado.png Graphic file (ty
pe png)
<use USPSC-TA-PreTextual/SET-CapaContraCapa/CapaDoutorado.png>
Package pdftex.def Info: USPSC-TA-PreTextual/SET-CapaContraCapa/CapaDoutorado.p
ng  used on input line 504.
(pdftex.def)             Requested size: 597.50426pt x 845.02924pt.
File: USPSC-TA-PreTextual/SET-CapaContraCapa/PaginaBranco/PaginaEmBranco.jpg Gr
aphic file (type jpg)
<use USPSC-TA-PreTextual/SET-CapaContraCapa/PaginaBranco/PaginaEmBranco.jpg>
Package pdftex.def Info: USPSC-TA-PreTextual/SET-CapaContraCapa/PaginaBranco/Pa
ginaEmBranco.jpg  used on input line 504.
(pdftex.def)             Requested size: 597.4945pt x 845.07095pt.
[72]
File: USPSC-TA-PreTextual/SET-CapaContraCapa/CapaDoutorado.png Graphic file (ty
pe png)
<use USPSC-TA-PreTextual/SET-CapaContraCapa/CapaDoutorado.png>
Package pdftex.def Info: USPSC-TA-PreTextual/SET-CapaContraCapa/CapaDoutorado.p
ng  used on input line 533.
(pdftex.def)             Requested size: 597.50426pt x 845.02924pt.
File: USPSC-TA-PreTextual/SET-CapaContraCapa/PaginaBranco/PaginaEmBranco.jpg Gr
aphic file (type jpg)
<use USPSC-TA-PreTextual/SET-CapaContraCapa/PaginaBranco/PaginaEmBranco.jpg>
Package pdftex.def Info: USPSC-TA-PreTextual/SET-CapaContraCapa/PaginaBranco/Pa
ginaEmBranco.jpg  used on input line 533.
(pdftex.def)             Requested size: 597.4945pt x 845.07095pt.
 [73]
File: USPSC-TA-PreTextual/SET-CapaContraCapa/CapaDoutorado.png Graphic file (ty
pe png)
<use USPSC-TA-PreTextual/SET-CapaContraCapa/CapaDoutorado.png>
Package pdftex.def Info: USPSC-TA-PreTextual/SET-CapaContraCapa/CapaDoutorado.p
ng  used on input line 582.
(pdftex.def)             Requested size: 597.50426pt x 845.02924pt.
File: USPSC-TA-PreTextual/SET-CapaContraCapa/PaginaBranco/PaginaEmBranco.jpg Gr
aphic file (type jpg)
<use USPSC-TA-PreTextual/SET-CapaContraCapa/PaginaBranco/PaginaEmBranco.jpg>
Package pdftex.def Info: USPSC-TA-PreTextual/SET-CapaContraCapa/PaginaBranco/Pa
ginaEmBranco.jpg  used on input line 582.
(pdftex.def)             Requested size: 597.4945pt x 845.07095pt.
 [74]
File: USPSC-TA-PreTextual/SET-CapaContraCapa/CapaDoutorado.png Graphic file (ty
pe png)
<use USPSC-TA-PreTextual/SET-CapaContraCapa/CapaDoutorado.png>
Package pdftex.def Info: USPSC-TA-PreTextual/SET-CapaContraCapa/CapaDoutorado.p
ng  used on input line 613.
(pdftex.def)             Requested size: 597.50426pt x 845.02924pt.
File: USPSC-TA-PreTextual/SET-CapaContraCapa/PaginaBranco/PaginaEmBranco.jpg Gr
aphic file (type jpg)
<use USPSC-TA-PreTextual/SET-CapaContraCapa/PaginaBranco/PaginaEmBranco.jpg>
Package pdftex.def Info: USPSC-TA-PreTextual/SET-CapaContraCapa/PaginaBranco/Pa
ginaEmBranco.jpg  used on input line 613.
(pdftex.def)             Requested size: 597.4945pt x 845.07095pt.
 [75]
File: USPSC-TA-PreTextual/SET-CapaContraCapa/CapaDoutorado.png Graphic file (ty
pe png)
<use USPSC-TA-PreTextual/SET-CapaContraCapa/CapaDoutorado.png>
Package pdftex.def Info: USPSC-TA-PreTextual/SET-CapaContraCapa/CapaDoutorado.p
ng  used on input line 651.
(pdftex.def)             Requested size: 597.50426pt x 845.02924pt.
File: USPSC-TA-PreTextual/SET-CapaContraCapa/PaginaBranco/PaginaEmBranco.jpg Gr
aphic file (type jpg)
<use USPSC-TA-PreTextual/SET-CapaContraCapa/PaginaBranco/PaginaEmBranco.jpg>
Package pdftex.def Info: USPSC-TA-PreTextual/SET-CapaContraCapa/PaginaBranco/Pa
ginaEmBranco.jpg  used on input line 651.
(pdftex.def)             Requested size: 597.4945pt x 845.07095pt.
 [76]
Package hyperref Info: bookmark level for unknown algorithm defaults to 0 on in
put line 684.
File: USPSC-TA-PreTextual/SET-CapaContraCapa/CapaDoutorado.png Graphic file (ty
pe png)
<use USPSC-TA-PreTextual/SET-CapaContraCapa/CapaDoutorado.png>
Package pdftex.def Info: USPSC-TA-PreTextual/SET-CapaContraCapa/CapaDoutorado.p
ng  used on input line 708.
(pdftex.def)             Requested size: 597.50426pt x 845.02924pt.
File: USPSC-TA-PreTextual/SET-CapaContraCapa/PaginaBranco/PaginaEmBranco.jpg Gr
aphic file (type jpg)
<use USPSC-TA-PreTextual/SET-CapaContraCapa/PaginaBranco/PaginaEmBranco.jpg>
Package pdftex.def Info: USPSC-TA-PreTextual/SET-CapaContraCapa/PaginaBranco/Pa
ginaEmBranco.jpg  used on input line 708.
(pdftex.def)             Requested size: 597.4945pt x 845.07095pt.
 [77]
File: USPSC-TA-PreTextual/SET-CapaContraCapa/CapaDoutorado.png Graphic file (ty
pe png)
<use USPSC-TA-PreTextual/SET-CapaContraCapa/CapaDoutorado.png>
Package pdftex.def Info: USPSC-TA-PreTextual/SET-CapaContraCapa/CapaDoutorado.p
ng  used on input line 718.
(pdftex.def)             Requested size: 597.50426pt x 845.02924pt.
File: USPSC-TA-PreTextual/SET-CapaContraCapa/PaginaBranco/PaginaEmBranco.jpg Gr
aphic file (type jpg)
<use USPSC-TA-PreTextual/SET-CapaContraCapa/PaginaBranco/PaginaEmBranco.jpg>
Package pdftex.def Info: USPSC-TA-PreTextual/SET-CapaContraCapa/PaginaBranco/Pa
ginaEmBranco.jpg  used on input line 718.
(pdftex.def)             Requested size: 597.4945pt x 845.07095pt.
 [78]

pdfTeX warning: /usr/bin/pdflatex (file ./Imagens/Cap2/cilindro_geometria.pdf):
 PDF inclusion: found PDF version <1.7>, but at most version <1.5> allowed
<Imagens/Cap2/cilindro_geometria.pdf, id=1499, 534.01968pt x 264.13432pt>
File: Imagens/Cap2/cilindro_geometria.pdf Graphic file (type pdf)
<use Imagens/Cap2/cilindro_geometria.pdf>
Package pdftex.def Info: Imagens/Cap2/cilindro_geometria.pdf  used on input lin
e 722.
(pdftex.def)             Requested size: 320.41429pt x 158.48181pt.


pdfTeX warning: /usr/bin/pdflatex (file ./Imagens/Cap2/cilindro_malha.pdf): PDF
 inclusion: found PDF version <1.7>, but at most version <1.5> allowed
<Imagens/Cap2/cilindro_malha.pdf, id=1501, 888.2448pt x 542.02524pt>
File: Imagens/Cap2/cilindro_malha.pdf Graphic file (type pdf)
<use Imagens/Cap2/cilindro_malha.pdf>
Package pdftex.def Info: Imagens/Cap2/cilindro_malha.pdf  used on input line 72
3.
(pdftex.def)             Requested size: 355.29163pt x 194.04445pt.
File: USPSC-TA-PreTextual/SET-CapaContraCapa/CapaDoutorado.png Graphic file (ty
pe png)
<use USPSC-TA-PreTextual/SET-CapaContraCapa/CapaDoutorado.png>
Package pdftex.def Info: USPSC-TA-PreTextual/SET-CapaContraCapa/CapaDoutorado.p
ng  used on input line 737.
(pdftex.def)             Requested size: 597.50426pt x 845.02924pt.
File: USPSC-TA-PreTextual/SET-CapaContraCapa/PaginaBranco/PaginaEmBranco.jpg Gr
aphic file (type jpg)
<use USPSC-TA-PreTextual/SET-CapaContraCapa/PaginaBranco/PaginaEmBranco.jpg>
Package pdftex.def Info: USPSC-TA-PreTextual/SET-CapaContraCapa/PaginaBranco/Pa
ginaEmBranco.jpg  used on input line 737.
(pdftex.def)             Requested size: 597.4945pt x 845.07095pt.
[79 <./Imagens/Cap2/cilindro_geometria.pdf> <./Imagens/Cap2/cilindro_malha.pdf>
]

pdfTeX warning: /usr/bin/pdflatex (file ./Imagens/Cap2/cilindro_CD.pdf): PDF in
clusion: found PDF version <1.7>, but at most version <1.5> allowed
<Imagens/Cap2/cilindro_CD.pdf, id=1535, 454.69875pt x 255.95625pt>
File: Imagens/Cap2/cilindro_CD.pdf Graphic file (type pdf)
<use Imagens/Cap2/cilindro_CD.pdf>
Package pdftex.def Info: Imagens/Cap2/cilindro_CD.pdf  used on input line 756.
(pdftex.def)             Requested size: 318.28694pt x 179.16814pt.


pdfTeX warning: /usr/bin/pdflatex (file ./Imagens/Cap2/cilindro_CL.pdf): PDF in
clusion: found PDF version <1.7>, but at most version <1.5> allowed
<Imagens/Cap2/cilindro_CL.pdf, id=1537, 454.69875pt x 255.95625pt>
File: Imagens/Cap2/cilindro_CL.pdf Graphic file (type pdf)
<use Imagens/Cap2/cilindro_CL.pdf>
Package pdftex.def Info: Imagens/Cap2/cilindro_CL.pdf  used on input line 757.
(pdftex.def)             Requested size: 318.28694pt x 179.16814pt.


pdfTeX warning: /usr/bin/pdflatex (file ./Imagens/Cap2/cilindro_vel2020.pdf): P
DF inclusion: found PDF version <1.7>, but at most version <1.5> allowed
<Imagens/Cap2/cilindro_vel2020.pdf, id=1541, 1445.4pt x 1084.05pt>
File: Imagens/Cap2/cilindro_vel2020.pdf Graphic file (type pdf)
<use Imagens/Cap2/cilindro_vel2020.pdf>
Package pdftex.def Info: Imagens/Cap2/cilindro_vel2020.pdf  used on input line 
782.
(pdftex.def)             Requested size: 174.12335pt x 115.65546pt.


pdfTeX warning: /usr/bin/pdflatex (file ./Imagens/Cap2/cilindro_vel2030.pdf): P
DF inclusion: found PDF version <1.7>, but at most version <1.5> allowed
<Imagens/Cap2/cilindro_vel2030.pdf, id=1543, 1445.4pt x 1084.05pt>
File: Imagens/Cap2/cilindro_vel2030.pdf Graphic file (type pdf)
<use Imagens/Cap2/cilindro_vel2030.pdf>
Package pdftex.def Info: Imagens/Cap2/cilindro_vel2030.pdf  used on input line 
783.
(pdftex.def)             Requested size: 174.12335pt x 115.65546pt.


pdfTeX warning: /usr/bin/pdflatex (file ./Imagens/Cap2/cilindro_vel2040.pdf): P
DF inclusion: found PDF version <1.7>, but at most version <1.5> allowed
<Imagens/Cap2/cilindro_vel2040.pdf, id=1545, 1445.4pt x 1084.05pt>
File: Imagens/Cap2/cilindro_vel2040.pdf Graphic file (type pdf)
<use Imagens/Cap2/cilindro_vel2040.pdf>
Package pdftex.def Info: Imagens/Cap2/cilindro_vel2040.pdf  used on input line 
784.
(pdftex.def)             Requested size: 174.12335pt x 115.65546pt.


pdfTeX warning: /usr/bin/pdflatex (file ./Imagens/Cap2/cilindro_vel2050.pdf): P
DF inclusion: found PDF version <1.7>, but at most version <1.5> allowed
<Imagens/Cap2/cilindro_vel2050.pdf, id=1547, 1445.4pt x 1084.05pt>
File: Imagens/Cap2/cilindro_vel2050.pdf Graphic file (type pdf)
<use Imagens/Cap2/cilindro_vel2050.pdf>
Package pdftex.def Info: Imagens/Cap2/cilindro_vel2050.pdf  used on input line 
785.
(pdftex.def)             Requested size: 174.12335pt x 115.65546pt.


pdfTeX warning: /usr/bin/pdflatex (file ./Imagens/Cap2/cilindro_vel2060.pdf): P
DF inclusion: found PDF version <1.7>, but at most version <1.5> allowed
<Imagens/Cap2/cilindro_vel2060.pdf, id=1549, 1445.4pt x 1084.05pt>
File: Imagens/Cap2/cilindro_vel2060.pdf Graphic file (type pdf)
<use Imagens/Cap2/cilindro_vel2060.pdf>
Package pdftex.def Info: Imagens/Cap2/cilindro_vel2060.pdf  used on input line 
786.
(pdftex.def)             Requested size: 174.12335pt x 115.65546pt.


pdfTeX warning: /usr/bin/pdflatex (file ./Imagens/Cap2/cilindro_vel2070.pdf): P
DF inclusion: found PDF version <1.7>, but at most version <1.5> allowed
<Imagens/Cap2/cilindro_vel2070.pdf, id=1551, 1445.4pt x 1084.05pt>
File: Imagens/Cap2/cilindro_vel2070.pdf Graphic file (type pdf)
<use Imagens/Cap2/cilindro_vel2070.pdf>
Package pdftex.def Info: Imagens/Cap2/cilindro_vel2070.pdf  used on input line 
787.
(pdftex.def)             Requested size: 174.12335pt x 115.65546pt.


pdfTeX warning: /usr/bin/pdflatex (file ./Imagens/Cap2/cilindro_legendaVel.pdf)
: PDF inclusion: found PDF version <1.7>, but at most version <1.5> allowed
<Imagens/Cap2/cilindro_legendaVel.pdf, id=1553, 555.5236pt x 127.40309pt>
File: Imagens/Cap2/cilindro_legendaVel.pdf Graphic file (type pdf)
<use Imagens/Cap2/cilindro_legendaVel.pdf>
Package pdftex.def Info: Imagens/Cap2/cilindro_legendaVel.pdf  used on input li
ne 788.
(pdftex.def)             Requested size: 166.65836pt x 36.51407pt.


pdfTeX warning: /usr/bin/pdflatex (file ./Imagens/Cap2/cilindro_press2020.pdf):
 PDF inclusion: found PDF version <1.7>, but at most version <1.5> allowed
<Imagens/Cap2/cilindro_press2020.pdf, id=1555, 1445.4pt x 1084.05pt>
File: Imagens/Cap2/cilindro_press2020.pdf Graphic file (type pdf)
<use Imagens/Cap2/cilindro_press2020.pdf>
Package pdftex.def Info: Imagens/Cap2/cilindro_press2020.pdf  used on input lin
e 796.
(pdftex.def)             Requested size: 174.12335pt x 115.65546pt.


pdfTeX warning: /usr/bin/pdflatex (file ./Imagens/Cap2/cilindro_press2030.pdf):
 PDF inclusion: found PDF version <1.7>, but at most version <1.5> allowed
<Imagens/Cap2/cilindro_press2030.pdf, id=1557, 1445.4pt x 1084.05pt>
File: Imagens/Cap2/cilindro_press2030.pdf Graphic file (type pdf)
<use Imagens/Cap2/cilindro_press2030.pdf>
Package pdftex.def Info: Imagens/Cap2/cilindro_press2030.pdf  used on input lin
e 797.
(pdftex.def)             Requested size: 174.12335pt x 115.65546pt.


pdfTeX warning: /usr/bin/pdflatex (file ./Imagens/Cap2/cilindro_press2040.pdf):
 PDF inclusion: found PDF version <1.7>, but at most version <1.5> allowed
<Imagens/Cap2/cilindro_press2040.pdf, id=1559, 1445.4pt x 1084.05pt>
File: Imagens/Cap2/cilindro_press2040.pdf Graphic file (type pdf)
<use Imagens/Cap2/cilindro_press2040.pdf>
Package pdftex.def Info: Imagens/Cap2/cilindro_press2040.pdf  used on input lin
e 798.
(pdftex.def)             Requested size: 174.12335pt x 115.65546pt.


pdfTeX warning: /usr/bin/pdflatex (file ./Imagens/Cap2/cilindro_press2050.pdf):
 PDF inclusion: found PDF version <1.7>, but at most version <1.5> allowed
<Imagens/Cap2/cilindro_press2050.pdf, id=1561, 1445.4pt x 1084.05pt>
File: Imagens/Cap2/cilindro_press2050.pdf Graphic file (type pdf)
<use Imagens/Cap2/cilindro_press2050.pdf>
Package pdftex.def Info: Imagens/Cap2/cilindro_press2050.pdf  used on input lin
e 799.
(pdftex.def)             Requested size: 174.12335pt x 115.65546pt.


pdfTeX warning: /usr/bin/pdflatex (file ./Imagens/Cap2/cilindro_press2060.pdf):
 PDF inclusion: found PDF version <1.7>, but at most version <1.5> allowed
<Imagens/Cap2/cilindro_press2060.pdf, id=1563, 1445.4pt x 1084.05pt>
File: Imagens/Cap2/cilindro_press2060.pdf Graphic file (type pdf)
<use Imagens/Cap2/cilindro_press2060.pdf>
Package pdftex.def Info: Imagens/Cap2/cilindro_press2060.pdf  used on input lin
e 800.
(pdftex.def)             Requested size: 174.12335pt x 115.65546pt.


pdfTeX warning: /usr/bin/pdflatex (file ./Imagens/Cap2/cilindro_press2070.pdf):
 PDF inclusion: found PDF version <1.7>, but at most version <1.5> allowed
<Imagens/Cap2/cilindro_press2070.pdf, id=1565, 1445.4pt x 1084.05pt>
File: Imagens/Cap2/cilindro_press2070.pdf Graphic file (type pdf)
<use Imagens/Cap2/cilindro_press2070.pdf>
Package pdftex.def Info: Imagens/Cap2/cilindro_press2070.pdf  used on input lin
e 801.
(pdftex.def)             Requested size: 174.12335pt x 115.65546pt.


pdfTeX warning: /usr/bin/pdflatex (file ./Imagens/Cap2/cilindro_legendaPress.pd
f): PDF inclusion: found PDF version <1.7>, but at most version <1.5> allowed
<Imagens/Cap2/cilindro_legendaPress.pdf, id=1567, 555.72824pt x 119.92165pt>
File: Imagens/Cap2/cilindro_legendaPress.pdf Graphic file (type pdf)
<use Imagens/Cap2/cilindro_legendaPress.pdf>
Package pdftex.def Info: Imagens/Cap2/cilindro_legendaPress.pdf  used on input 
line 802.
(pdftex.def)             Requested size: 166.71976pt x 34.2696pt.
File: USPSC-TA-PreTextual/SET-CapaContraCapa/CapaDoutorado.png Graphic file (ty
pe png)
<use USPSC-TA-PreTextual/SET-CapaContraCapa/CapaDoutorado.png>
Package pdftex.def Info: USPSC-TA-PreTextual/SET-CapaContraCapa/CapaDoutorado.p
ng  used on input line 810.
(pdftex.def)             Requested size: 597.50426pt x 845.02924pt.
File: USPSC-TA-PreTextual/SET-CapaContraCapa/PaginaBranco/PaginaEmBranco.jpg Gr
aphic file (type jpg)
<use USPSC-TA-PreTextual/SET-CapaContraCapa/PaginaBranco/PaginaEmBranco.jpg>
Package pdftex.def Info: USPSC-TA-PreTextual/SET-CapaContraCapa/PaginaBranco/Pa
ginaEmBranco.jpg  used on input line 810.
(pdftex.def)             Requested size: 597.4945pt x 845.07095pt.
[80]
File: USPSC-TA-PreTextual/SET-CapaContraCapa/CapaDoutorado.png Graphic file (ty
pe png)
<use USPSC-TA-PreTextual/SET-CapaContraCapa/CapaDoutorado.png>
Package pdftex.def Info: USPSC-TA-PreTextual/SET-CapaContraCapa/CapaDoutorado.p
ng  used on input line 810.
(pdftex.def)             Requested size: 597.50426pt x 845.02924pt.
File: USPSC-TA-PreTextual/SET-CapaContraCapa/PaginaBranco/PaginaEmBranco.jpg Gr
aphic file (type jpg)
<use USPSC-TA-PreTextual/SET-CapaContraCapa/PaginaBranco/PaginaEmBranco.jpg>
Package pdftex.def Info: USPSC-TA-PreTextual/SET-CapaContraCapa/PaginaBranco/Pa
ginaEmBranco.jpg  used on input line 810.
(pdftex.def)             Requested size: 597.4945pt x 845.07095pt.
 [81 <./Imagens/Cap2/cilindro_CD.pdf> <./Imagens/Cap2/cilindro_CL.pdf>]
File: USPSC-TA-PreTextual/SET-CapaContraCapa/CapaDoutorado.png Graphic file (ty
pe png)
<use USPSC-TA-PreTextual/SET-CapaContraCapa/CapaDoutorado.png>
Package pdftex.def Info: USPSC-TA-PreTextual/SET-CapaContraCapa/CapaDoutorado.p
ng  used on input line 810.
(pdftex.def)             Requested size: 597.50426pt x 845.02924pt.
File: USPSC-TA-PreTextual/SET-CapaContraCapa/PaginaBranco/PaginaEmBranco.jpg Gr
aphic file (type jpg)
<use USPSC-TA-PreTextual/SET-CapaContraCapa/PaginaBranco/PaginaEmBranco.jpg>
Package pdftex.def Info: USPSC-TA-PreTextual/SET-CapaContraCapa/PaginaBranco/Pa
ginaEmBranco.jpg  used on input line 810.
(pdftex.def)             Requested size: 597.4945pt x 845.07095pt.

[82 <./Imagens/Cap2/cilindro_vel2020.pdf> <./Imagens/Cap2/cilindro_vel2030.pdf>
 <./Imagens/Cap2/cilindro_vel2040.pdf> <./Imagens/Cap2/cilindro_vel2050.pdf> <.
/Imagens/Cap2/cilindro_vel2060.pdf> <./Imagens/Cap2/cilindro_vel2070.pdf> <./Im
agens/Cap2/cilindro_legendaVel.pdf>]
File: USPSC-TA-PreTextual/SET-CapaContraCapa/CapaDoutorado.png Graphic file (ty
pe png)
<use USPSC-TA-PreTextual/SET-CapaContraCapa/CapaDoutorado.png>
Package pdftex.def Info: USPSC-TA-PreTextual/SET-CapaContraCapa/CapaDoutorado.p
ng  used on input line 810.
(pdftex.def)             Requested size: 597.50426pt x 845.02924pt.
File: USPSC-TA-PreTextual/SET-CapaContraCapa/PaginaBranco/PaginaEmBranco.jpg Gr
aphic file (type jpg)
<use USPSC-TA-PreTextual/SET-CapaContraCapa/PaginaBranco/PaginaEmBranco.jpg>
Package pdftex.def Info: USPSC-TA-PreTextual/SET-CapaContraCapa/PaginaBranco/Pa
ginaEmBranco.jpg  used on input line 810.
(pdftex.def)             Requested size: 597.4945pt x 845.07095pt.
 [83 <./Imagens/Cap2/cilindro_press2020.pdf> <./Imagens/Cap2/cilindro_press2030
.pdf> <./Imagens/Cap2/cilindro_press2040.pdf> <./Imagens/Cap2/cilindro_press205
0.pdf> <./Imagens/Cap2/cilindro_press2060.pdf> <./Imagens/Cap2/cilindro_press20
70.pdf> <./Imagens/Cap2/cilindro_legendaPress.pdf>]

pdfTeX warning: /usr/bin/pdflatex (file ./Imagens/Cap2/cavidade_geometria.pdf):
 PDF inclusion: found PDF version <1.7>, but at most version <1.5> allowed
<Imagens/Cap2/cavidade_geometria.pdf, id=1722, 190.64525pt x 173.42844pt>
File: Imagens/Cap2/cavidade_geometria.pdf Graphic file (type pdf)
<use Imagens/Cap2/cavidade_geometria.pdf>
Package pdftex.def Info: Imagens/Cap2/cavidade_geometria.pdf  used on input lin
e 814.
(pdftex.def)             Requested size: 190.64476pt x 173.42801pt.


pdfTeX warning: /usr/bin/pdflatex (file ./Imagens/Cap2/cavidade_malha.png): PDF
 inclusion: found PDF version <1.7>, but at most version <1.5> allowed
<Imagens/Cap2/cavidade_malha.png, id=1724, 712.0115pt x 941.1816pt>
File: Imagens/Cap2/cavidade_malha.png Graphic file (type png)
<use Imagens/Cap2/cavidade_malha.png>
Package pdftex.def Info: Imagens/Cap2/cavidade_malha.png  used on input line 81
5.
(pdftex.def)             Requested size: 128.15654pt x 169.40538pt.


pdfTeX warning: /usr/bin/pdflatex (file ./Imagens/Cap2/cavidade_Re100.pdf): PDF
 inclusion: found PDF version <1.7>, but at most version <1.5> allowed
<Imagens/Cap2/cavidade_Re100.pdf, id=1730, 262.73157pt x 274.02374pt>
File: Imagens/Cap2/cavidade_Re100.pdf Graphic file (type pdf)
<use Imagens/Cap2/cavidade_Re100.pdf>
Package pdftex.def Info: Imagens/Cap2/cavidade_Re100.pdf  used on input line 82
6.
(pdftex.def)             Requested size: 177.93575pt x 187.83202pt.


pdfTeX warning: /usr/bin/pdflatex (file ./Imagens/Cap2/cavidade_Re400.pdf): PDF
 inclusion: found PDF version <1.7>, but at most version <1.5> allowed
<Imagens/Cap2/cavidade_Re400.pdf, id=1732, 262.73157pt x 274.02374pt>
File: Imagens/Cap2/cavidade_Re400.pdf Graphic file (type pdf)
<use Imagens/Cap2/cavidade_Re400.pdf>
Package pdftex.def Info: Imagens/Cap2/cavidade_Re400.pdf  used on input line 82
6.
(pdftex.def)             Requested size: 177.93575pt x 187.83202pt.


pdfTeX warning: /usr/bin/pdflatex (file ./Imagens/Cap2/cavidade_Re1000.pdf): PD
F inclusion: found PDF version <1.7>, but at most version <1.5> allowed
<Imagens/Cap2/cavidade_Re1000.pdf, id=1734, 262.73157pt x 274.02374pt>
File: Imagens/Cap2/cavidade_Re1000.pdf Graphic file (type pdf)
<use Imagens/Cap2/cavidade_Re1000.pdf>
Package pdftex.def Info: Imagens/Cap2/cavidade_Re1000.pdf  used on input line 8
27.
(pdftex.def)             Requested size: 177.93575pt x 187.83202pt.
<Imagens/Cap2/cavidade_legenda.pdf, id=1736, 122.34311pt x 27.63289pt>
File: Imagens/Cap2/cavidade_legenda.pdf Graphic file (type pdf)
<use Imagens/Cap2/cavidade_legenda.pdf>
Package pdftex.def Info: Imagens/Cap2/cavidade_legenda.pdf  used on input line 
828.
(pdftex.def)             Requested size: 122.34279pt x 27.6328pt.


pdfTeX warning: /usr/bin/pdflatex (file ./Imagens/Cap2/cavidade_velRe100.pdf): 
PDF inclusion: found PDF version <1.7>, but at most version <1.5> allowed
<Imagens/Cap2/cavidade_velRe100.pdf, id=1739, 1445.4pt x 1084.05pt>
File: Imagens/Cap2/cavidade_velRe100.pdf Graphic file (type pdf)
<use Imagens/Cap2/cavidade_velRe100.pdf>
Package pdftex.def Info: Imagens/Cap2/cavidade_velRe100.pdf  used on input line
 839.
(pdftex.def)             Requested size: 152.50407pt x 157.05643pt.


pdfTeX warning: /usr/bin/pdflatex (file ./Imagens/Cap2/cavidade_velRe400.pdf): 
PDF inclusion: found PDF version <1.7>, but at most version <1.5> allowed
<Imagens/Cap2/cavidade_velRe400.pdf, id=1741, 1445.4pt x 1084.05pt>
File: Imagens/Cap2/cavidade_velRe400.pdf Graphic file (type pdf)
<use Imagens/Cap2/cavidade_velRe400.pdf>
Package pdftex.def Info: Imagens/Cap2/cavidade_velRe400.pdf  used on input line
 840.
(pdftex.def)             Requested size: 152.50407pt x 157.05643pt.


pdfTeX warning: /usr/bin/pdflatex (file ./Imagens/Cap2/cavidade_velRe1000.pdf):
 PDF inclusion: found PDF version <1.7>, but at most version <1.5> allowed
<Imagens/Cap2/cavidade_velRe1000.pdf, id=1743, 1445.4pt x 1084.05pt>
File: Imagens/Cap2/cavidade_velRe1000.pdf Graphic file (type pdf)
<use Imagens/Cap2/cavidade_velRe1000.pdf>
Package pdftex.def Info: Imagens/Cap2/cavidade_velRe1000.pdf  used on input lin
e 841.
(pdftex.def)             Requested size: 152.50407pt x 156.48735pt.

Overfull \hbox (2.51222pt too wide) in paragraph at lines 839--841
 [][][][][][] 
 []

File: Imagens/Cap2/cavidade_velRe1000.pdf Graphic file (type pdf)
<use Imagens/Cap2/cavidade_velRe1000.pdf>
Package pdftex.def Info: Imagens/Cap2/cavidade_velRe1000.pdf  used on input lin
e 843.
(pdftex.def)             Requested size: 190.63301pt x 24.89606pt.


pdfTeX warning: /usr/bin/pdflatex (file ./Imagens/Cap2/cavidade_pressRe100.pdf)
: PDF inclusion: found PDF version <1.7>, but at most version <1.5> allowed
<Imagens/Cap2/cavidade_pressRe100.pdf, id=1746, 1445.4pt x 1084.05pt>
File: Imagens/Cap2/cavidade_pressRe100.pdf Graphic file (type pdf)
<use Imagens/Cap2/cavidade_pressRe100.pdf>
Package pdftex.def Info: Imagens/Cap2/cavidade_pressRe100.pdf  used on input li
ne 851.
(pdftex.def)             Requested size: 152.50407pt x 176.973pt.


pdfTeX warning: /usr/bin/pdflatex (file ./Imagens/Cap2/cavidade_pressRe400.pdf)
: PDF inclusion: found PDF version <1.7>, but at most version <1.5> allowed
<Imagens/Cap2/cavidade_pressRe400.pdf, id=1748, 1445.4pt x 1084.05pt>
File: Imagens/Cap2/cavidade_pressRe400.pdf Graphic file (type pdf)
<use Imagens/Cap2/cavidade_pressRe400.pdf>
Package pdftex.def Info: Imagens/Cap2/cavidade_pressRe400.pdf  used on input li
ne 852.
(pdftex.def)             Requested size: 152.50407pt x 176.973pt.


pdfTeX warning: /usr/bin/pdflatex (file ./Imagens/Cap2/cavidade_pressRe1000.pdf
): PDF inclusion: found PDF version <1.7>, but at most version <1.5> allowed
<Imagens/Cap2/cavidade_pressRe1000.pdf, id=1750, 1445.4pt x 1084.05pt>
File: Imagens/Cap2/cavidade_pressRe1000.pdf Graphic file (type pdf)
<use Imagens/Cap2/cavidade_pressRe1000.pdf>
Package pdftex.def Info: Imagens/Cap2/cavidade_pressRe1000.pdf  used on input l
ine 853.
(pdftex.def)             Requested size: 152.50407pt x 176.973pt.

Overfull \hbox (2.51222pt too wide) in paragraph at lines 851--854
 [][][][][][] 
 []

)
File: USPSC-TA-PreTextual/SET-CapaContraCapa/CapaDoutorado.png Graphic file (ty
pe png)
<use USPSC-TA-PreTextual/SET-CapaContraCapa/CapaDoutorado.png>
Package pdftex.def Info: USPSC-TA-PreTextual/SET-CapaContraCapa/CapaDoutorado.p
ng  used on input line 514.
(pdftex.def)             Requested size: 597.50426pt x 845.02924pt.
File: USPSC-TA-PreTextual/SET-CapaContraCapa/PaginaBranco/PaginaEmBranco.jpg Gr
aphic file (type jpg)
<use USPSC-TA-PreTextual/SET-CapaContraCapa/PaginaBranco/PaginaEmBranco.jpg>
Package pdftex.def Info: USPSC-TA-PreTextual/SET-CapaContraCapa/PaginaBranco/Pa
ginaEmBranco.jpg  used on input line 514.
(pdftex.def)             Requested size: 597.4945pt x 845.07095pt.
 [84 <./Imagens/Cap2/cavidade_geometria.pdf> <./Imagens/Cap2/cavidade_malha.png
>]
File: USPSC-TA-PreTextual/SET-CapaContraCapa/CapaDoutorado.png Graphic file (ty
pe png)
<use USPSC-TA-PreTextual/SET-CapaContraCapa/CapaDoutorado.png>
Package pdftex.def Info: USPSC-TA-PreTextual/SET-CapaContraCapa/CapaDoutorado.p
ng  used on input line 514.
(pdftex.def)             Requested size: 597.50426pt x 845.02924pt.
File: USPSC-TA-PreTextual/SET-CapaContraCapa/PaginaBranco/PaginaEmBranco.jpg Gr
aphic file (type jpg)
<use USPSC-TA-PreTextual/SET-CapaContraCapa/PaginaBranco/PaginaEmBranco.jpg>
Package pdftex.def Info: USPSC-TA-PreTextual/SET-CapaContraCapa/PaginaBranco/Pa
ginaEmBranco.jpg  used on input line 514.
(pdftex.def)             Requested size: 597.4945pt x 845.07095pt.
 [85 <./Imagens/Cap2/cavidade_legenda.pdf> <./Imagens/Cap2/cavidade_Re100.pdf> 
<./Imagens/Cap2/cavidade_Re400.pdf> <./Imagens/Cap2/cavidade_Re1000.pdf>]
File: USPSC-TA-PreTextual/SET-CapaContraCapa/CapaDoutorado.png Graphic file (ty
pe png)
<use USPSC-TA-PreTextual/SET-CapaContraCapa/CapaDoutorado.png>
Package pdftex.def Info: USPSC-TA-PreTextual/SET-CapaContraCapa/CapaDoutorado.p
ng  used on input line 514.
(pdftex.def)             Requested size: 597.50426pt x 845.02924pt.
File: USPSC-TA-PreTextual/SET-CapaContraCapa/PaginaBranco/PaginaEmBranco.jpg Gr
aphic file (type jpg)
<use USPSC-TA-PreTextual/SET-CapaContraCapa/PaginaBranco/PaginaEmBranco.jpg>
Package pdftex.def Info: USPSC-TA-PreTextual/SET-CapaContraCapa/PaginaBranco/Pa
ginaEmBranco.jpg  used on input line 514.
(pdftex.def)             Requested size: 597.4945pt x 845.07095pt.

[86 <./Imagens/Cap2/cavidade_velRe100.pdf> <./Imagens/Cap2/cavidade_velRe400.pd
f> <./Imagens/Cap2/cavidade_velRe1000.pdf> <./Imagens/Cap2/cavidade_pressRe100.
pdf> <./Imagens/Cap2/cavidade_pressRe400.pdf> <./Imagens/Cap2/cavidade_pressRe1
000.pdf>]
\openout2 = `Cap3.aux'.

 (./Cap3.tex
File: USPSC-TA-PreTextual/SET-CapaContraCapa/CapaDoutorado.png Graphic file (ty
pe png)
<use USPSC-TA-PreTextual/SET-CapaContraCapa/CapaDoutorado.png>
Package pdftex.def Info: USPSC-TA-PreTextual/SET-CapaContraCapa/CapaDoutorado.p
ng  used on input line 17.
(pdftex.def)             Requested size: 597.50426pt x 845.02924pt.
File: USPSC-TA-PreTextual/SET-CapaContraCapa/PaginaBranco/PaginaEmBranco.jpg Gr
aphic file (type jpg)
<use USPSC-TA-PreTextual/SET-CapaContraCapa/PaginaBranco/PaginaEmBranco.jpg>
Package pdftex.def Info: USPSC-TA-PreTextual/SET-CapaContraCapa/PaginaBranco/Pa
ginaEmBranco.jpg  used on input line 17.
(pdftex.def)             Requested size: 597.4945pt x 845.07095pt.
 [87




]

pdfTeX warning: /usr/bin/pdflatex (file ./Imagens/Cap3/espacos_NURBS.pdf): PDF 
inclusion: found PDF version <1.7>, but at most version <1.5> allowed
<Imagens/Cap3/espacos_NURBS.pdf, id=1900, 597.81442pt x 386.81116pt>
File: Imagens/Cap3/espacos_NURBS.pdf Graphic file (type pdf)
<use Imagens/Cap3/espacos_NURBS.pdf>
Package pdftex.def Info: Imagens/Cap3/espacos_NURBS.pdf  used on input line 21.

(pdftex.def)             Requested size: 418.46724pt x 270.76596pt.
File: USPSC-TA-PreTextual/SET-CapaContraCapa/CapaDoutorado.png Graphic file (ty
pe png)
<use USPSC-TA-PreTextual/SET-CapaContraCapa/CapaDoutorado.png>
Package pdftex.def Info: USPSC-TA-PreTextual/SET-CapaContraCapa/CapaDoutorado.p
ng  used on input line 30.
(pdftex.def)             Requested size: 597.50426pt x 845.02924pt.
File: USPSC-TA-PreTextual/SET-CapaContraCapa/PaginaBranco/PaginaEmBranco.jpg Gr
aphic file (type jpg)
<use USPSC-TA-PreTextual/SET-CapaContraCapa/PaginaBranco/PaginaEmBranco.jpg>
Package pdftex.def Info: USPSC-TA-PreTextual/SET-CapaContraCapa/PaginaBranco/Pa
ginaEmBranco.jpg  used on input line 30.
(pdftex.def)             Requested size: 597.4945pt x 845.07095pt.
[88 <./Imagens/Cap3/espacos_NURBS.pdf>]
File: USPSC-TA-PreTextual/SET-CapaContraCapa/CapaDoutorado.png Graphic file (ty
pe png)
<use USPSC-TA-PreTextual/SET-CapaContraCapa/CapaDoutorado.png>
Package pdftex.def Info: USPSC-TA-PreTextual/SET-CapaContraCapa/CapaDoutorado.p
ng  used on input line 50.
(pdftex.def)             Requested size: 597.50426pt x 845.02924pt.
File: USPSC-TA-PreTextual/SET-CapaContraCapa/PaginaBranco/PaginaEmBranco.jpg Gr
aphic file (type jpg)
<use USPSC-TA-PreTextual/SET-CapaContraCapa/PaginaBranco/PaginaEmBranco.jpg>
Package pdftex.def Info: USPSC-TA-PreTextual/SET-CapaContraCapa/PaginaBranco/Pa
ginaEmBranco.jpg  used on input line 50.
(pdftex.def)             Requested size: 597.4945pt x 845.07095pt.
 [89]
<Imagens/Cap3/bspline_funcoes.pdf, id=9554, 597.55246pt x 845.07718pt>
File: Imagens/Cap3/bspline_funcoes.pdf Graphic file (type pdf)
<use Imagens/Cap3/bspline_funcoes.pdf>
Package pdftex.def Info: Imagens/Cap3/bspline_funcoes.pdf  used on input line 6
5.
(pdftex.def)             Requested size: 358.53351pt x 103.58858pt.
File: USPSC-TA-PreTextual/SET-CapaContraCapa/CapaDoutorado.png Graphic file (ty
pe png)
<use USPSC-TA-PreTextual/SET-CapaContraCapa/CapaDoutorado.png>
Package pdftex.def Info: USPSC-TA-PreTextual/SET-CapaContraCapa/CapaDoutorado.p
ng  used on input line 79.
(pdftex.def)             Requested size: 597.50426pt x 845.02924pt.
File: USPSC-TA-PreTextual/SET-CapaContraCapa/PaginaBranco/PaginaEmBranco.jpg Gr
aphic file (type jpg)
<use USPSC-TA-PreTextual/SET-CapaContraCapa/PaginaBranco/PaginaEmBranco.jpg>
Package pdftex.def Info: USPSC-TA-PreTextual/SET-CapaContraCapa/PaginaBranco/Pa
ginaEmBranco.jpg  used on input line 79.
(pdftex.def)             Requested size: 597.4945pt x 845.07095pt.
 [90 <./Imagens/Cap3/bspline_funcoes.pdf>]
File: USPSC-TA-PreTextual/SET-CapaContraCapa/CapaDoutorado.png Graphic file (ty
pe png)
<use USPSC-TA-PreTextual/SET-CapaContraCapa/CapaDoutorado.png>
Package pdftex.def Info: USPSC-TA-PreTextual/SET-CapaContraCapa/CapaDoutorado.p
ng  used on input line 111.
(pdftex.def)             Requested size: 597.50426pt x 845.02924pt.
File: USPSC-TA-PreTextual/SET-CapaContraCapa/PaginaBranco/PaginaEmBranco.jpg Gr
aphic file (type jpg)
<use USPSC-TA-PreTextual/SET-CapaContraCapa/PaginaBranco/PaginaEmBranco.jpg>
Package pdftex.def Info: USPSC-TA-PreTextual/SET-CapaContraCapa/PaginaBranco/Pa
ginaEmBranco.jpg  used on input line 111.
(pdftex.def)             Requested size: 597.4945pt x 845.07095pt.
 [91]

pdfTeX warning: /usr/bin/pdflatex (file ./Imagens/Cap3/bspline_malhaPC.pdf): PD
F inclusion: found PDF version <1.7>, but at most version <1.5> allowed
<Imagens/Cap3/bspline_malhaPC.pdf, id=9600, 495.71796pt x 373.89108pt>
File: Imagens/Cap3/bspline_malhaPC.pdf Graphic file (type pdf)
<use Imagens/Cap3/bspline_malhaPC.pdf>
Package pdftex.def Info: Imagens/Cap3/bspline_malhaPC.pdf  used on input line 1
21.
(pdftex.def)             Requested size: 198.28366pt x 149.55377pt.


pdfTeX warning: /usr/bin/pdflatex (file ./Imagens/Cap3/bspline_curva.pdf): PDF 
inclusion: found PDF version <1.7>, but at most version <1.5> allowed
<Imagens/Cap3/bspline_curva.pdf, id=9602, 523.30675pt x 415.80438pt>
File: Imagens/Cap3/bspline_curva.pdf Graphic file (type pdf)
<use Imagens/Cap3/bspline_curva.pdf>
Package pdftex.def Info: Imagens/Cap3/bspline_curva.pdf  used on input line 125
.
(pdftex.def)             Requested size: 209.31898pt x 158.3522pt.
File: USPSC-TA-PreTextual/SET-CapaContraCapa/CapaDoutorado.png Graphic file (ty
pe png)
<use USPSC-TA-PreTextual/SET-CapaContraCapa/CapaDoutorado.png>
Package pdftex.def Info: USPSC-TA-PreTextual/SET-CapaContraCapa/CapaDoutorado.p
ng  used on input line 135.
(pdftex.def)             Requested size: 597.50426pt x 845.02924pt.
File: USPSC-TA-PreTextual/SET-CapaContraCapa/PaginaBranco/PaginaEmBranco.jpg Gr
aphic file (type jpg)
<use USPSC-TA-PreTextual/SET-CapaContraCapa/PaginaBranco/PaginaEmBranco.jpg>
Package pdftex.def Info: USPSC-TA-PreTextual/SET-CapaContraCapa/PaginaBranco/Pa
ginaEmBranco.jpg  used on input line 135.
(pdftex.def)             Requested size: 597.4945pt x 845.07095pt.
[92 <./Imagens/Cap3/bspline_malhaPC.pdf> <./Imagens/Cap3/bspline_curva.pdf>]
File: USPSC-TA-PreTextual/SET-CapaContraCapa/CapaDoutorado.png Graphic file (ty
pe png)
<use USPSC-TA-PreTextual/SET-CapaContraCapa/CapaDoutorado.png>
Package pdftex.def Info: USPSC-TA-PreTextual/SET-CapaContraCapa/CapaDoutorado.p
ng  used on input line 160.
(pdftex.def)             Requested size: 597.50426pt x 845.02924pt.
File: USPSC-TA-PreTextual/SET-CapaContraCapa/PaginaBranco/PaginaEmBranco.jpg Gr
aphic file (type jpg)
<use USPSC-TA-PreTextual/SET-CapaContraCapa/PaginaBranco/PaginaEmBranco.jpg>
Package pdftex.def Info: USPSC-TA-PreTextual/SET-CapaContraCapa/PaginaBranco/Pa
ginaEmBranco.jpg  used on input line 160.
(pdftex.def)             Requested size: 597.4945pt x 845.07095pt.

[93]

pdfTeX warning: /usr/bin/pdflatex (file ./Imagens/Cap3/bspline_pc_ai.pdf): PDF 
inclusion: found PDF version <1.7>, but at most version <1.5> allowed
<Imagens/Cap3/bspline_pc_ai.pdf, id=9633, 288.9278pt x 288.9278pt>
File: Imagens/Cap3/bspline_pc_ai.pdf Graphic file (type pdf)
<use Imagens/Cap3/bspline_pc_ai.pdf>
Package pdftex.def Info: Imagens/Cap3/bspline_pc_ai.pdf  used on input line 179
.
(pdftex.def)             Requested size: 187.80083pt x 169.30676pt.


pdfTeX warning: /usr/bin/pdflatex (file ./Imagens/Cap3/bspline_pc_di.pdf): PDF 
inclusion: found PDF version <1.7>, but at most version <1.5> allowed
<Imagens/Cap3/bspline_pc_di.pdf, id=9635, 288.9278pt x 288.9278pt>
File: Imagens/Cap3/bspline_pc_di.pdf Graphic file (type pdf)
<use Imagens/Cap3/bspline_pc_di.pdf>
Package pdftex.def Info: Imagens/Cap3/bspline_pc_di.pdf  used on input line 180
.
(pdftex.def)             Requested size: 187.80083pt x 169.30676pt.


pdfTeX warning: /usr/bin/pdflatex (file ./Imagens/Cap3/bspline_curva_ai.pdf): P
DF inclusion: found PDF version <1.7>, but at most version <1.5> allowed
<Imagens/Cap3/bspline_curva_ai.pdf, id=9637, 288.9278pt x 288.9278pt>
File: Imagens/Cap3/bspline_curva_ai.pdf Graphic file (type pdf)
<use Imagens/Cap3/bspline_curva_ai.pdf>
Package pdftex.def Info: Imagens/Cap3/bspline_curva_ai.pdf  used on input line 
181.
(pdftex.def)             Requested size: 187.80083pt x 169.30676pt.


pdfTeX warning: /usr/bin/pdflatex (file ./Imagens/Cap3/bspline_curva_di.pdf): P
DF inclusion: found PDF version <1.7>, but at most version <1.5> allowed
<Imagens/Cap3/bspline_curva_di.pdf, id=9639, 288.9278pt x 288.9278pt>
File: Imagens/Cap3/bspline_curva_di.pdf Graphic file (type pdf)
<use Imagens/Cap3/bspline_curva_di.pdf>
Package pdftex.def Info: Imagens/Cap3/bspline_curva_di.pdf  used on input line 
182.
(pdftex.def)             Requested size: 187.80083pt x 169.30676pt.


pdfTeX warning: /usr/bin/pdflatex (file ./Imagens/Cap3/bspline_base_ai.pdf): PD
F inclusion: found PDF version <1.7>, but at most version <1.5> allowed
<Imagens/Cap3/bspline_base_ai.pdf, id=9641, 305.69557pt x 295.66122pt>
File: Imagens/Cap3/bspline_base_ai.pdf Graphic file (type pdf)
<use Imagens/Cap3/bspline_base_ai.pdf>
Package pdftex.def Info: Imagens/Cap3/bspline_base_ai.pdf  used on input line 1
83.
(pdftex.def)             Requested size: 198.69975pt x 182.93048pt.


pdfTeX warning: /usr/bin/pdflatex (file ./Imagens/Cap3/bspline_base_di.pdf): PD
F inclusion: found PDF version <1.7>, but at most version <1.5> allowed
<Imagens/Cap3/bspline_base_di.pdf, id=9643, 288.9278pt x 288.9278pt>
File: Imagens/Cap3/bspline_base_di.pdf Graphic file (type pdf)
<use Imagens/Cap3/bspline_base_di.pdf>
Package pdftex.def Info: Imagens/Cap3/bspline_base_di.pdf  used on input line 1
84.
(pdftex.def)             Requested size: 187.80083pt x 180.40332pt.
File: USPSC-TA-PreTextual/SET-CapaContraCapa/CapaDoutorado.png Graphic file (ty
pe png)
<use USPSC-TA-PreTextual/SET-CapaContraCapa/CapaDoutorado.png>
Package pdftex.def Info: USPSC-TA-PreTextual/SET-CapaContraCapa/CapaDoutorado.p
ng  used on input line 196.
(pdftex.def)             Requested size: 597.50426pt x 845.02924pt.
File: USPSC-TA-PreTextual/SET-CapaContraCapa/PaginaBranco/PaginaEmBranco.jpg Gr
aphic file (type jpg)
<use USPSC-TA-PreTextual/SET-CapaContraCapa/PaginaBranco/PaginaEmBranco.jpg>
Package pdftex.def Info: USPSC-TA-PreTextual/SET-CapaContraCapa/PaginaBranco/Pa
ginaEmBranco.jpg  used on input line 196.
(pdftex.def)             Requested size: 597.4945pt x 845.07095pt.
[94]
File: USPSC-TA-PreTextual/SET-CapaContraCapa/CapaDoutorado.png Graphic file (ty
pe png)
<use USPSC-TA-PreTextual/SET-CapaContraCapa/CapaDoutorado.png>
Package pdftex.def Info: USPSC-TA-PreTextual/SET-CapaContraCapa/CapaDoutorado.p
ng  used on input line 196.
(pdftex.def)             Requested size: 597.50426pt x 845.02924pt.
File: USPSC-TA-PreTextual/SET-CapaContraCapa/PaginaBranco/PaginaEmBranco.jpg Gr
aphic file (type jpg)
<use USPSC-TA-PreTextual/SET-CapaContraCapa/PaginaBranco/PaginaEmBranco.jpg>
Package pdftex.def Info: USPSC-TA-PreTextual/SET-CapaContraCapa/PaginaBranco/Pa
ginaEmBranco.jpg  used on input line 196.
(pdftex.def)             Requested size: 597.4945pt x 845.07095pt.
 [95 <./Imagens/Cap3/bspline_pc_ai.pdf> <./Imagens/Cap3/bspline_pc_di.pdf> <./I
magens/Cap3/bspline_curva_ai.pdf> <./Imagens/Cap3/bspline_curva_di.pdf> <./Imag
ens/Cap3/bspline_base_ai.pdf> <./Imagens/Cap3/bspline_base_di.pdf>]

pdfTeX warning: /usr/bin/pdflatex (file ./Imagens/Cap3/NURBS_curva_projetiva.pd
f): PDF inclusion: found PDF version <1.7>, but at most version <1.5> allowed
<Imagens/Cap3/NURBS_curva_projetiva.pdf, id=9755, 505.41022pt x 371.02515pt>
File: Imagens/Cap3/NURBS_curva_projetiva.pdf Graphic file (type pdf)
<use Imagens/Cap3/NURBS_curva_projetiva.pdf>
Package pdftex.def Info: Imagens/Cap3/NURBS_curva_projetiva.pdf  used on input 
line 201.
(pdftex.def)             Requested size: 222.38118pt x 163.25156pt.


pdfTeX warning: /usr/bin/pdflatex (file ./Imagens/Cap3/NURBS_pc_projetiva.pdf):
 PDF inclusion: found PDF version <1.7>, but at most version <1.5> allowed
<Imagens/Cap3/NURBS_PC_projetiva.pdf, id=9757, 505.21747pt x 371.02515pt>
File: Imagens/Cap3/NURBS_PC_projetiva.pdf Graphic file (type pdf)
<use Imagens/Cap3/NURBS_PC_projetiva.pdf>
Package pdftex.def Info: Imagens/Cap3/NURBS_PC_projetiva.pdf  used on input lin
e 202.
(pdftex.def)             Requested size: 222.29637pt x 163.25156pt.
File: USPSC-TA-PreTextual/SET-CapaContraCapa/CapaDoutorado.png Graphic file (ty
pe png)
<use USPSC-TA-PreTextual/SET-CapaContraCapa/CapaDoutorado.png>
Package pdftex.def Info: USPSC-TA-PreTextual/SET-CapaContraCapa/CapaDoutorado.p
ng  used on input line 225.
(pdftex.def)             Requested size: 597.50426pt x 845.02924pt.
File: USPSC-TA-PreTextual/SET-CapaContraCapa/PaginaBranco/PaginaEmBranco.jpg Gr
aphic file (type jpg)
<use USPSC-TA-PreTextual/SET-CapaContraCapa/PaginaBranco/PaginaEmBranco.jpg>
Package pdftex.def Info: USPSC-TA-PreTextual/SET-CapaContraCapa/PaginaBranco/Pa
ginaEmBranco.jpg  used on input line 225.
(pdftex.def)             Requested size: 597.4945pt x 845.07095pt.
[96 <./Imagens/Cap3/NURBS_curva_projetiva.pdf> <./Imagens/Cap3/NURBS_pc_projeti
va.pdf>]
File: USPSC-TA-PreTextual/SET-CapaContraCapa/CapaDoutorado.png Graphic file (ty
pe png)
<use USPSC-TA-PreTextual/SET-CapaContraCapa/CapaDoutorado.png>
Package pdftex.def Info: USPSC-TA-PreTextual/SET-CapaContraCapa/CapaDoutorado.p
ng  used on input line 268.
(pdftex.def)             Requested size: 597.50426pt x 845.02924pt.
File: USPSC-TA-PreTextual/SET-CapaContraCapa/PaginaBranco/PaginaEmBranco.jpg Gr
aphic file (type jpg)
<use USPSC-TA-PreTextual/SET-CapaContraCapa/PaginaBranco/PaginaEmBranco.jpg>
Package pdftex.def Info: USPSC-TA-PreTextual/SET-CapaContraCapa/PaginaBranco/Pa
ginaEmBranco.jpg  used on input line 268.
(pdftex.def)             Requested size: 597.4945pt x 845.07095pt.
 [97]
File: USPSC-TA-PreTextual/SET-CapaContraCapa/CapaDoutorado.png Graphic file (ty
pe png)
<use USPSC-TA-PreTextual/SET-CapaContraCapa/CapaDoutorado.png>
Package pdftex.def Info: USPSC-TA-PreTextual/SET-CapaContraCapa/CapaDoutorado.p
ng  used on input line 299.
(pdftex.def)             Requested size: 597.50426pt x 845.02924pt.
File: USPSC-TA-PreTextual/SET-CapaContraCapa/PaginaBranco/PaginaEmBranco.jpg Gr
aphic file (type jpg)
<use USPSC-TA-PreTextual/SET-CapaContraCapa/PaginaBranco/PaginaEmBranco.jpg>
Package pdftex.def Info: USPSC-TA-PreTextual/SET-CapaContraCapa/PaginaBranco/Pa
ginaEmBranco.jpg  used on input line 299.
(pdftex.def)             Requested size: 597.4945pt x 845.07095pt.
 [98]

pdfTeX warning: /usr/bin/pdflatex (file ./Imagens/Cap3/patches.pdf): PDF inclus
ion: found PDF version <1.7>, but at most version <1.5> allowed
<Imagens/Cap3/patches.pdf, id=12204, 722.6744pt x 216.51837pt>
File: Imagens/Cap3/patches.pdf Graphic file (type pdf)
<use Imagens/Cap3/patches.pdf>
Package pdftex.def Info: Imagens/Cap3/patches.pdf  used on input line 305.
(pdftex.def)             Requested size: 361.3363pt x 108.25891pt.
File: USPSC-TA-PreTextual/SET-CapaContraCapa/CapaDoutorado.png Graphic file (ty
pe png)
<use USPSC-TA-PreTextual/SET-CapaContraCapa/CapaDoutorado.png>
Package pdftex.def Info: USPSC-TA-PreTextual/SET-CapaContraCapa/CapaDoutorado.p
ng  used on input line 317.
(pdftex.def)             Requested size: 597.50426pt x 845.02924pt.
File: USPSC-TA-PreTextual/SET-CapaContraCapa/PaginaBranco/PaginaEmBranco.jpg Gr
aphic file (type jpg)
<use USPSC-TA-PreTextual/SET-CapaContraCapa/PaginaBranco/PaginaEmBranco.jpg>
Package pdftex.def Info: USPSC-TA-PreTextual/SET-CapaContraCapa/PaginaBranco/Pa
ginaEmBranco.jpg  used on input line 317.
(pdftex.def)             Requested size: 597.4945pt x 845.07095pt.
[99 <./Imagens/Cap3/patches.pdf>]
File: USPSC-TA-PreTextual/SET-CapaContraCapa/CapaDoutorado.png Graphic file (ty
pe png)
<use USPSC-TA-PreTextual/SET-CapaContraCapa/CapaDoutorado.png>
Package pdftex.def Info: USPSC-TA-PreTextual/SET-CapaContraCapa/CapaDoutorado.p
ng  used on input line 350.
(pdftex.def)             Requested size: 597.50426pt x 845.02924pt.
File: USPSC-TA-PreTextual/SET-CapaContraCapa/PaginaBranco/PaginaEmBranco.jpg Gr
aphic file (type jpg)
<use USPSC-TA-PreTextual/SET-CapaContraCapa/PaginaBranco/PaginaEmBranco.jpg>
Package pdftex.def Info: USPSC-TA-PreTextual/SET-CapaContraCapa/PaginaBranco/Pa
ginaEmBranco.jpg  used on input line 350.
(pdftex.def)             Requested size: 597.4945pt x 845.07095pt.
 [100]
File: USPSC-TA-PreTextual/SET-CapaContraCapa/CapaDoutorado.png Graphic file (ty
pe png)
<use USPSC-TA-PreTextual/SET-CapaContraCapa/CapaDoutorado.png>
Package pdftex.def Info: USPSC-TA-PreTextual/SET-CapaContraCapa/CapaDoutorado.p
ng  used on input line 383.
(pdftex.def)             Requested size: 597.50426pt x 845.02924pt.
File: USPSC-TA-PreTextual/SET-CapaContraCapa/PaginaBranco/PaginaEmBranco.jpg Gr
aphic file (type jpg)
<use USPSC-TA-PreTextual/SET-CapaContraCapa/PaginaBranco/PaginaEmBranco.jpg>
Package pdftex.def Info: USPSC-TA-PreTextual/SET-CapaContraCapa/PaginaBranco/Pa
ginaEmBranco.jpg  used on input line 383.
(pdftex.def)             Requested size: 597.4945pt x 845.07095pt.
 [101]

pdfTeX warning: /usr/bin/pdflatex (file ./Imagens/Cap3/cilindro_geometria3d.pdf
): PDF inclusion: found PDF version <1.7>, but at most version <1.5> allowed
<Imagens/Cap3/cilindro_geometria3d.pdf, id=12303, 566.53136pt x 277.1839pt>
File: Imagens/Cap3/cilindro_geometria3d.pdf Graphic file (type pdf)
<use Imagens/Cap3/cilindro_geometria3d.pdf>
Package pdftex.def Info: Imagens/Cap3/cilindro_geometria3d.pdf  used on input l
ine 403.
(pdftex.def)             Requested size: 311.5932pt x 150.88661pt.


pdfTeX warning: /usr/bin/pdflatex (file ./Imagens/Cap3/cilindro_AIG_patches.pdf
): PDF inclusion: found PDF version <1.7>, but at most version <1.5> allowed
<Imagens/Cap3/cilindro_AIG_patches.pdf, id=12307, 439.52733pt x 232.39095pt>
File: Imagens/Cap3/cilindro_AIG_patches.pdf Graphic file (type pdf)
<use Imagens/Cap3/cilindro_AIG_patches.pdf>
Package pdftex.def Info: Imagens/Cap3/cilindro_AIG_patches.pdf  used on input l
ine 416.
(pdftex.def)             Requested size: 241.74077pt x 127.8154pt.
File: USPSC-TA-PreTextual/SET-CapaContraCapa/CapaDoutorado.png Graphic file (ty
pe png)
<use USPSC-TA-PreTextual/SET-CapaContraCapa/CapaDoutorado.png>
Package pdftex.def Info: USPSC-TA-PreTextual/SET-CapaContraCapa/CapaDoutorado.p
ng  used on input line 423.
(pdftex.def)             Requested size: 597.50426pt x 845.02924pt.
File: USPSC-TA-PreTextual/SET-CapaContraCapa/PaginaBranco/PaginaEmBranco.jpg Gr
aphic file (type jpg)
<use USPSC-TA-PreTextual/SET-CapaContraCapa/PaginaBranco/PaginaEmBranco.jpg>
Package pdftex.def Info: USPSC-TA-PreTextual/SET-CapaContraCapa/PaginaBranco/Pa
ginaEmBranco.jpg  used on input line 423.
(pdftex.def)             Requested size: 597.4945pt x 845.07095pt.
[102]

pdfTeX warning: /usr/bin/pdflatex (file ./Imagens/Cap3/cilindro_circ_ini.pdf): 
PDF inclusion: found PDF version <1.7>, but at most version <1.5> allowed
<Imagens/Cap3/cilindro_circ_ini.pdf, id=12317, 291.01123pt x 288.92671pt>
File: Imagens/Cap3/cilindro_circ_ini.pdf Graphic file (type pdf)
<use Imagens/Cap3/cilindro_circ_ini.pdf>
Package pdftex.def Info: Imagens/Cap3/cilindro_circ_ini.pdf  used on input line
 428.
(pdftex.def)             Requested size: 172.51024pt x 180.40262pt.


pdfTeX warning: /usr/bin/pdflatex (file ./Imagens/Cap3/cilindro_circ_ref.pdf): 
PDF inclusion: found PDF version <1.7>, but at most version <1.5> allowed
<Imagens/Cap3/cilindro_circ_ref.pdf, id=12319, 205.94391pt x 267.09561pt>
File: Imagens/Cap3/cilindro_circ_ref.pdf Graphic file (type pdf)
<use Imagens/Cap3/cilindro_circ_ref.pdf>
Package pdftex.def Info: Imagens/Cap3/cilindro_circ_ref.pdf  used on input line
 429.
(pdftex.def)             Requested size: 133.86194pt x 166.21259pt.
File: USPSC-TA-PreTextual/SET-CapaContraCapa/CapaDoutorado.png Graphic file (ty
pe png)
<use USPSC-TA-PreTextual/SET-CapaContraCapa/CapaDoutorado.png>
Package pdftex.def Info: USPSC-TA-PreTextual/SET-CapaContraCapa/CapaDoutorado.p
ng  used on input line 437.
(pdftex.def)             Requested size: 597.50426pt x 845.02924pt.
File: USPSC-TA-PreTextual/SET-CapaContraCapa/PaginaBranco/PaginaEmBranco.jpg Gr
aphic file (type jpg)
<use USPSC-TA-PreTextual/SET-CapaContraCapa/PaginaBranco/PaginaEmBranco.jpg>
Package pdftex.def Info: USPSC-TA-PreTextual/SET-CapaContraCapa/PaginaBranco/Pa
ginaEmBranco.jpg  used on input line 437.
(pdftex.def)             Requested size: 597.4945pt x 845.07095pt.
[103 <./Imagens/Cap3/cilindro_geometria3d.pdf> <./Imagens/Cap3/cilindro_AIG_pat
ches.pdf>]

pdfTeX warning: /usr/bin/pdflatex (file ./Imagens/Cap3/cilindro_pc_superficie.p
df): PDF inclusion: found PDF version <1.7>, but at most version <1.5> allowed
<Imagens/Cap3/cilindro_pc_superficie.pdf, id=12346, 291.012pt x 288.92743pt>
File: Imagens/Cap3/cilindro_pc_superficie.pdf Graphic file (type pdf)
<use Imagens/Cap3/cilindro_pc_superficie.pdf>
Package pdftex.def Info: Imagens/Cap3/cilindro_pc_superficie.pdf  used on input
 line 443.
(pdftex.def)             Requested size: 232.8099pt x 185.6178pt.
<Imagens/Cap3/cilindro_malhafisica_superficie.pdf, id=12348, 361.33719pt x 361.
33719pt>
File: Imagens/Cap3/cilindro_malhafisica_superficie.pdf Graphic file (type pdf)
<use Imagens/Cap3/cilindro_malhafisica_superficie.pdf>
Package pdftex.def Info: Imagens/Cap3/cilindro_malhafisica_superficie.pdf  used
 on input line 444.
(pdftex.def)             Requested size: 152.49673pt x 209.40234pt.

Underfull \vbox (badness 10000) has occurred while \output is active []

File: USPSC-TA-PreTextual/SET-CapaContraCapa/CapaDoutorado.png Graphic file (ty
pe png)
<use USPSC-TA-PreTextual/SET-CapaContraCapa/CapaDoutorado.png>
Package pdftex.def Info: USPSC-TA-PreTextual/SET-CapaContraCapa/CapaDoutorado.p
ng  used on input line 452.
(pdftex.def)             Requested size: 597.50426pt x 845.02924pt.
File: USPSC-TA-PreTextual/SET-CapaContraCapa/PaginaBranco/PaginaEmBranco.jpg Gr
aphic file (type jpg)
<use USPSC-TA-PreTextual/SET-CapaContraCapa/PaginaBranco/PaginaEmBranco.jpg>
Package pdftex.def Info: USPSC-TA-PreTextual/SET-CapaContraCapa/PaginaBranco/Pa
ginaEmBranco.jpg  used on input line 452.
(pdftex.def)             Requested size: 597.4945pt x 845.07095pt.
 [104 <./Imagens/Cap3/cilindro_circ_ini.pdf> <./Imagens/Cap3/cilindro_circ_ref.
pdf>]
<Imagens/Cap3/cilindro_pc_solido.pdf, id=12397, 433.03671pt x 433.03671pt>
File: Imagens/Cap3/cilindro_pc_solido.pdf Graphic file (type pdf)
<use Imagens/Cap3/cilindro_pc_solido.pdf>
Package pdftex.def Info: Imagens/Cap3/cilindro_pc_solido.pdf  used on input lin
e 456.
(pdftex.def)             Requested size: 209.85645pt x 177.98947pt.


pdfTeX warning: /usr/bin/pdflatex (file ./Imagens/Cap3/cilindro_malhafisica_sol
ido.pdf): PDF inclusion: found PDF version <1.7>, but at most version <1.5> all
owed
<Imagens/Cap3/cilindro_malhafisica_solido.pdf, id=12399, 187.07541pt x 172.1245
6pt>
File: Imagens/Cap3/cilindro_malhafisica_solido.pdf Graphic file (type pdf)
<use Imagens/Cap3/cilindro_malhafisica_solido.pdf>
Package pdftex.def Info: Imagens/Cap3/cilindro_malhafisica_solido.pdf  used on 
input line 457.
(pdftex.def)             Requested size: 187.07494pt x 172.12413pt.
File: USPSC-TA-PreTextual/SET-CapaContraCapa/CapaDoutorado.png Graphic file (ty
pe png)
<use USPSC-TA-PreTextual/SET-CapaContraCapa/CapaDoutorado.png>
Package pdftex.def Info: USPSC-TA-PreTextual/SET-CapaContraCapa/CapaDoutorado.p
ng  used on input line 463.
(pdftex.def)             Requested size: 597.50426pt x 845.02924pt.
File: USPSC-TA-PreTextual/SET-CapaContraCapa/PaginaBranco/PaginaEmBranco.jpg Gr
aphic file (type jpg)
<use USPSC-TA-PreTextual/SET-CapaContraCapa/PaginaBranco/PaginaEmBranco.jpg>
Package pdftex.def Info: USPSC-TA-PreTextual/SET-CapaContraCapa/PaginaBranco/Pa
ginaEmBranco.jpg  used on input line 463.
(pdftex.def)             Requested size: 597.4945pt x 845.07095pt.
[105 <./Imagens/Cap3/cilindro_pc_superficie.pdf> <./Imagens/Cap3/cilindro_malha
fisica_superficie.pdf> <./Imagens/Cap3/cilindro_pc_solido.pdf> <./Imagens/Cap3/
cilindro_malhafisica_solido.pdf>]

pdfTeX warning: /usr/bin/pdflatex (file ./Imagens/Cap3/cilindro_malha.pdf): PDF
 inclusion: found PDF version <1.7>, but at most version <1.5> allowed
<Imagens/Cap3/cilindro_malha.pdf, id=12544, 229.78609pt x 127.71463pt>
File: Imagens/Cap3/cilindro_malha.pdf Graphic file (type pdf)
<use Imagens/Cap3/cilindro_malha.pdf>
Package pdftex.def Info: Imagens/Cap3/cilindro_malha.pdf  used on input line 47
2.
(pdftex.def)             Requested size: 344.67828pt x 191.57144pt.
File: USPSC-TA-PreTextual/SET-CapaContraCapa/CapaDoutorado.png Graphic file (ty
pe png)
<use USPSC-TA-PreTextual/SET-CapaContraCapa/CapaDoutorado.png>
Package pdftex.def Info: USPSC-TA-PreTextual/SET-CapaContraCapa/CapaDoutorado.p
ng  used on input line 527.
(pdftex.def)             Requested size: 597.50426pt x 845.02924pt.
File: USPSC-TA-PreTextual/SET-CapaContraCapa/PaginaBranco/PaginaEmBranco.jpg Gr
aphic file (type jpg)
<use USPSC-TA-PreTextual/SET-CapaContraCapa/PaginaBranco/PaginaEmBranco.jpg>
Package pdftex.def Info: USPSC-TA-PreTextual/SET-CapaContraCapa/PaginaBranco/Pa
ginaEmBranco.jpg  used on input line 527.
(pdftex.def)             Requested size: 597.4945pt x 845.07095pt.
[106 <./Imagens/Cap3/cilindro_malha.pdf>]

pdfTeX warning: /usr/bin/pdflatex (file ./Imagens/Cap3/cilindro_CD.pdf): PDF in
clusion: found PDF version <1.7>, but at most version <1.5> allowed
<Imagens/Cap3/cilindro_CD.pdf, id=12568, 454.69875pt x 255.95625pt>
File: Imagens/Cap3/cilindro_CD.pdf Graphic file (type pdf)
<use Imagens/Cap3/cilindro_CD.pdf>
Package pdftex.def Info: Imagens/Cap3/cilindro_CD.pdf  used on input line 543.
(pdftex.def)             Requested size: 363.75949pt x 204.76526pt.


pdfTeX warning: /usr/bin/pdflatex (file ./Imagens/Cap3/cilindro_CL.pdf): PDF in
clusion: found PDF version <1.7>, but at most version <1.5> allowed
<Imagens/Cap3/cilindro_CL.pdf, id=12570, 454.69875pt x 255.95625pt>
File: Imagens/Cap3/cilindro_CL.pdf Graphic file (type pdf)
<use Imagens/Cap3/cilindro_CL.pdf>
Package pdftex.def Info: Imagens/Cap3/cilindro_CL.pdf  used on input line 544.
(pdftex.def)             Requested size: 363.75949pt x 204.76526pt.


pdfTeX warning: /usr/bin/pdflatex (file ./Imagens/Cap3/cilindro_vel_tn.pdf): PD
F inclusion: found PDF version <1.7>, but at most version <1.5> allowed
<Imagens/Cap3/cilindro_vel_tn.pdf, id=12574, 277.51682pt x 156.10321pt>
File: Imagens/Cap3/cilindro_vel_tn.pdf Graphic file (type pdf)
<use Imagens/Cap3/cilindro_vel_tn.pdf>
Package pdftex.def Info: Imagens/Cap3/cilindro_vel_tn.pdf  used on input line 5
54.
(pdftex.def)             Requested size: 194.26044pt x 109.27148pt.


pdfTeX warning: /usr/bin/pdflatex (file ./Imagens/Cap3/cilindro_vel_tn6.pdf): P
DF inclusion: found PDF version <1.7>, but at most version <1.5> allowed
<Imagens/Cap3/cilindro_vel_tn6.pdf, id=12576, 277.51682pt x 156.10321pt>
File: Imagens/Cap3/cilindro_vel_tn6.pdf Graphic file (type pdf)
<use Imagens/Cap3/cilindro_vel_tn6.pdf>
Package pdftex.def Info: Imagens/Cap3/cilindro_vel_tn6.pdf  used on input line 
555.
(pdftex.def)             Requested size: 194.26044pt x 109.27148pt.


pdfTeX warning: /usr/bin/pdflatex (file ./Imagens/Cap3/cilindro_vel_tn3.pdf): P
DF inclusion: found PDF version <1.7>, but at most version <1.5> allowed
<Imagens/Cap3/cilindro_vel_tn3.pdf, id=12578, 277.51682pt x 156.10321pt>
File: Imagens/Cap3/cilindro_vel_tn3.pdf Graphic file (type pdf)
<use Imagens/Cap3/cilindro_vel_tn3.pdf>
Package pdftex.def Info: Imagens/Cap3/cilindro_vel_tn3.pdf  used on input line 
556.
(pdftex.def)             Requested size: 194.26044pt x 109.27148pt.


pdfTeX warning: /usr/bin/pdflatex (file ./Imagens/Cap3/cilindro_vel_tn2.pdf): P
DF inclusion: found PDF version <1.7>, but at most version <1.5> allowed
<Imagens/Cap3/cilindro_vel_tn2.pdf, id=12580, 277.51682pt x 156.10321pt>
File: Imagens/Cap3/cilindro_vel_tn2.pdf Graphic file (type pdf)
<use Imagens/Cap3/cilindro_vel_tn2.pdf>
Package pdftex.def Info: Imagens/Cap3/cilindro_vel_tn2.pdf  used on input line 
557.
(pdftex.def)             Requested size: 194.26044pt x 109.27148pt.


pdfTeX warning: /usr/bin/pdflatex (file ./Imagens/Cap3/cilindro_vel_2tn3.pdf): 
PDF inclusion: found PDF version <1.7>, but at most version <1.5> allowed
<Imagens/Cap3/cilindro_vel_2tn3.pdf, id=12582, 277.51682pt x 156.10321pt>
File: Imagens/Cap3/cilindro_vel_2tn3.pdf Graphic file (type pdf)
<use Imagens/Cap3/cilindro_vel_2tn3.pdf>
Package pdftex.def Info: Imagens/Cap3/cilindro_vel_2tn3.pdf  used on input line
 558.
(pdftex.def)             Requested size: 194.26044pt x 109.27148pt.


pdfTeX warning: /usr/bin/pdflatex (file ./Imagens/Cap3/cilindro_vel_5tn6.pdf): 
PDF inclusion: found PDF version <1.7>, but at most version <1.5> allowed
<Imagens/Cap3/cilindro_vel_5tn6.pdf, id=12584, 277.51682pt x 156.10321pt>
File: Imagens/Cap3/cilindro_vel_5tn6.pdf Graphic file (type pdf)
<use Imagens/Cap3/cilindro_vel_5tn6.pdf>
Package pdftex.def Info: Imagens/Cap3/cilindro_vel_5tn6.pdf  used on input line
 559.
(pdftex.def)             Requested size: 194.26044pt x 109.27148pt.


pdfTeX warning: /usr/bin/pdflatex (file ./Imagens/Cap3/cilindro_vel_legenda.pdf
): PDF inclusion: found PDF version <1.7>, but at most version <1.5> allowed
<Imagens/Cap3/cilindro_vel_legenda.pdf, id=12586, 116.35278pt x 30.78731pt>
File: Imagens/Cap3/cilindro_vel_legenda.pdf Graphic file (type pdf)
<use Imagens/Cap3/cilindro_vel_legenda.pdf>
Package pdftex.def Info: Imagens/Cap3/cilindro_vel_legenda.pdf  used on input l
ine 560.
(pdftex.def)             Requested size: 162.89275pt x 43.10193pt.


pdfTeX warning: /usr/bin/pdflatex (file ./Imagens/Cap3/cilindro_press_tn.pdf): 
PDF inclusion: found PDF version <1.7>, but at most version <1.5> allowed
<Imagens/Cap3/cilindro_press_tn.pdf, id=12588, 277.51682pt x 156.10321pt>
File: Imagens/Cap3/cilindro_press_tn.pdf Graphic file (type pdf)
<use Imagens/Cap3/cilindro_press_tn.pdf>
Package pdftex.def Info: Imagens/Cap3/cilindro_press_tn.pdf  used on input line
 568.
(pdftex.def)             Requested size: 194.26044pt x 109.27148pt.


pdfTeX warning: /usr/bin/pdflatex (file ./Imagens/Cap3/cilindro_press_tn6.pdf):
 PDF inclusion: found PDF version <1.7>, but at most version <1.5> allowed
<Imagens/Cap3/cilindro_press_tn6.pdf, id=12590, 277.51682pt x 156.10321pt>
File: Imagens/Cap3/cilindro_press_tn6.pdf Graphic file (type pdf)
<use Imagens/Cap3/cilindro_press_tn6.pdf>
Package pdftex.def Info: Imagens/Cap3/cilindro_press_tn6.pdf  used on input lin
e 569.
(pdftex.def)             Requested size: 194.26044pt x 109.27148pt.


pdfTeX warning: /usr/bin/pdflatex (file ./Imagens/Cap3/cilindro_press_tn3.pdf):
 PDF inclusion: found PDF version <1.7>, but at most version <1.5> allowed
<Imagens/Cap3/cilindro_press_tn3.pdf, id=12592, 277.51682pt x 156.10321pt>
File: Imagens/Cap3/cilindro_press_tn3.pdf Graphic file (type pdf)
<use Imagens/Cap3/cilindro_press_tn3.pdf>
Package pdftex.def Info: Imagens/Cap3/cilindro_press_tn3.pdf  used on input lin
e 570.
(pdftex.def)             Requested size: 194.26044pt x 109.27148pt.


pdfTeX warning: /usr/bin/pdflatex (file ./Imagens/Cap3/cilindro_press_tn2.pdf):
 PDF inclusion: found PDF version <1.7>, but at most version <1.5> allowed
<Imagens/Cap3/cilindro_press_tn2.pdf, id=12594, 277.51682pt x 156.10321pt>
File: Imagens/Cap3/cilindro_press_tn2.pdf Graphic file (type pdf)
<use Imagens/Cap3/cilindro_press_tn2.pdf>
Package pdftex.def Info: Imagens/Cap3/cilindro_press_tn2.pdf  used on input lin
e 571.
(pdftex.def)             Requested size: 194.26044pt x 109.27148pt.


pdfTeX warning: /usr/bin/pdflatex (file ./Imagens/Cap3/cilindro_press_2tn3.pdf)
: PDF inclusion: found PDF version <1.7>, but at most version <1.5> allowed
<Imagens/Cap3/cilindro_press_2tn3.pdf, id=12596, 277.51682pt x 156.10321pt>
File: Imagens/Cap3/cilindro_press_2tn3.pdf Graphic file (type pdf)
<use Imagens/Cap3/cilindro_press_2tn3.pdf>
Package pdftex.def Info: Imagens/Cap3/cilindro_press_2tn3.pdf  used on input li
ne 572.
(pdftex.def)             Requested size: 194.26044pt x 109.27148pt.


pdfTeX warning: /usr/bin/pdflatex (file ./Imagens/Cap3/cilindro_press_5tn6.pdf)
: PDF inclusion: found PDF version <1.7>, but at most version <1.5> allowed
<Imagens/Cap3/cilindro_press_5tn6.pdf, id=12598, 277.51682pt x 156.10321pt>
File: Imagens/Cap3/cilindro_press_5tn6.pdf Graphic file (type pdf)
<use Imagens/Cap3/cilindro_press_5tn6.pdf>
Package pdftex.def Info: Imagens/Cap3/cilindro_press_5tn6.pdf  used on input li
ne 573.
(pdftex.def)             Requested size: 194.26044pt x 109.27148pt.


pdfTeX warning: /usr/bin/pdflatex (file ./Imagens/Cap3/cilindro_press_legenda.p
df): PDF inclusion: found PDF version <1.7>, but at most version <1.5> allowed
<Imagens/Cap3/cilindro_press_legenda.pdf, id=12600, 112.59952pt x 31.8342pt>
File: Imagens/Cap3/cilindro_press_legenda.pdf Graphic file (type pdf)
<use Imagens/Cap3/cilindro_press_legenda.pdf>
Package pdftex.def Info: Imagens/Cap3/cilindro_press_legenda.pdf  used on input
 line 574.
(pdftex.def)             Requested size: 157.63824pt x 44.56755pt.


pdfTeX warning: /usr/bin/pdflatex (file ./Imagens/Cap3/degrau_geometria.pdf): P
DF inclusion: found PDF version <1.7>, but at most version <1.5> allowed
<Imagens/Cap3/degrau_geometria.pdf, id=12603, 314.11325pt x 87.62437pt>
File: Imagens/Cap3/degrau_geometria.pdf Graphic file (type pdf)
<use Imagens/Cap3/degrau_geometria.pdf>
Package pdftex.def Info: Imagens/Cap3/degrau_geometria.pdf  used on input line 
586.
(pdftex.def)             Requested size: 376.934pt x 105.14871pt.
File: USPSC-TA-PreTextual/SET-CapaContraCapa/CapaDoutorado.png Graphic file (ty
pe png)
<use USPSC-TA-PreTextual/SET-CapaContraCapa/CapaDoutorado.png>
Package pdftex.def Info: USPSC-TA-PreTextual/SET-CapaContraCapa/CapaDoutorado.p
ng  used on input line 597.
(pdftex.def)             Requested size: 597.50426pt x 845.02924pt.
File: USPSC-TA-PreTextual/SET-CapaContraCapa/PaginaBranco/PaginaEmBranco.jpg Gr
aphic file (type jpg)
<use USPSC-TA-PreTextual/SET-CapaContraCapa/PaginaBranco/PaginaEmBranco.jpg>
Package pdftex.def Info: USPSC-TA-PreTextual/SET-CapaContraCapa/PaginaBranco/Pa
ginaEmBranco.jpg  used on input line 597.
(pdftex.def)             Requested size: 597.4945pt x 845.07095pt.
[107]
File: USPSC-TA-PreTextual/SET-CapaContraCapa/CapaDoutorado.png Graphic file (ty
pe png)
<use USPSC-TA-PreTextual/SET-CapaContraCapa/CapaDoutorado.png>
Package pdftex.def Info: USPSC-TA-PreTextual/SET-CapaContraCapa/CapaDoutorado.p
ng  used on input line 597.
(pdftex.def)             Requested size: 597.50426pt x 845.02924pt.
File: USPSC-TA-PreTextual/SET-CapaContraCapa/PaginaBranco/PaginaEmBranco.jpg Gr
aphic file (type jpg)
<use USPSC-TA-PreTextual/SET-CapaContraCapa/PaginaBranco/PaginaEmBranco.jpg>
Package pdftex.def Info: USPSC-TA-PreTextual/SET-CapaContraCapa/PaginaBranco/Pa
ginaEmBranco.jpg  used on input line 597.
(pdftex.def)             Requested size: 597.4945pt x 845.07095pt.
 [108 <./Imagens/Cap3/cilindro_CD.pdf> <./Imagens/Cap3/cilindro_CL.pdf>]
File: USPSC-TA-PreTextual/SET-CapaContraCapa/CapaDoutorado.png Graphic file (ty
pe png)
<use USPSC-TA-PreTextual/SET-CapaContraCapa/CapaDoutorado.png>
Package pdftex.def Info: USPSC-TA-PreTextual/SET-CapaContraCapa/CapaDoutorado.p
ng  used on input line 597.
(pdftex.def)             Requested size: 597.50426pt x 845.02924pt.
File: USPSC-TA-PreTextual/SET-CapaContraCapa/PaginaBranco/PaginaEmBranco.jpg Gr
aphic file (type jpg)
<use USPSC-TA-PreTextual/SET-CapaContraCapa/PaginaBranco/PaginaEmBranco.jpg>
Package pdftex.def Info: USPSC-TA-PreTextual/SET-CapaContraCapa/PaginaBranco/Pa
ginaEmBranco.jpg  used on input line 597.
(pdftex.def)             Requested size: 597.4945pt x 845.07095pt.

[109 <./Imagens/Cap3/cilindro_vel_tn.pdf> <./Imagens/Cap3/cilindro_vel_tn6.pdf>
 <./Imagens/Cap3/cilindro_vel_tn3.pdf> <./Imagens/Cap3/cilindro_vel_tn2.pdf> <.
/Imagens/Cap3/cilindro_vel_2tn3.pdf> <./Imagens/Cap3/cilindro_vel_5tn6.pdf> <./
Imagens/Cap3/cilindro_vel_legenda.pdf>]
File: USPSC-TA-PreTextual/SET-CapaContraCapa/CapaDoutorado.png Graphic file (ty
pe png)
<use USPSC-TA-PreTextual/SET-CapaContraCapa/CapaDoutorado.png>
Package pdftex.def Info: USPSC-TA-PreTextual/SET-CapaContraCapa/CapaDoutorado.p
ng  used on input line 597.
(pdftex.def)             Requested size: 597.50426pt x 845.02924pt.
File: USPSC-TA-PreTextual/SET-CapaContraCapa/PaginaBranco/PaginaEmBranco.jpg Gr
aphic file (type jpg)
<use USPSC-TA-PreTextual/SET-CapaContraCapa/PaginaBranco/PaginaEmBranco.jpg>
Package pdftex.def Info: USPSC-TA-PreTextual/SET-CapaContraCapa/PaginaBranco/Pa
ginaEmBranco.jpg  used on input line 597.
(pdftex.def)             Requested size: 597.4945pt x 845.07095pt.
 [110 <./Imagens/Cap3/cilindro_press_tn.pdf> <./Imagens/Cap3/cilindro_press_tn6
.pdf> <./Imagens/Cap3/cilindro_press_tn3.pdf> <./Imagens/Cap3/cilindro_press_tn
2.pdf> <./Imagens/Cap3/cilindro_press_2tn3.pdf> <./Imagens/Cap3/cilindro_press_
5tn6.pdf> <./Imagens/Cap3/cilindro_press_legenda.pdf> <./Imagens/Cap3/degrau_ge
ometria.pdf>]

pdfTeX warning: /usr/bin/pdflatex (file ./Imagens/Cap3/degrau_malha.pdf): PDF i
nclusion: found PDF version <1.7>, but at most version <1.5> allowed
<Imagens/Cap3/degrau_malha.pdf, id=12766, 227.24115pt x 41.0293pt>
File: Imagens/Cap3/degrau_malha.pdf Graphic file (type pdf)
<use Imagens/Cap3/degrau_malha.pdf>
Package pdftex.def Info: Imagens/Cap3/degrau_malha.pdf  used on input line 608.

(pdftex.def)             Requested size: 454.48117pt x 59.29578pt.
File: USPSC-TA-PreTextual/SET-CapaContraCapa/CapaDoutorado.png Graphic file (ty
pe png)
<use USPSC-TA-PreTextual/SET-CapaContraCapa/CapaDoutorado.png>
Package pdftex.def Info: USPSC-TA-PreTextual/SET-CapaContraCapa/CapaDoutorado.p
ng  used on input line 641.
(pdftex.def)             Requested size: 597.50426pt x 845.02924pt.
File: USPSC-TA-PreTextual/SET-CapaContraCapa/PaginaBranco/PaginaEmBranco.jpg Gr
aphic file (type jpg)
<use USPSC-TA-PreTextual/SET-CapaContraCapa/PaginaBranco/PaginaEmBranco.jpg>
Package pdftex.def Info: USPSC-TA-PreTextual/SET-CapaContraCapa/PaginaBranco/Pa
ginaEmBranco.jpg  used on input line 641.
(pdftex.def)             Requested size: 597.4945pt x 845.07095pt.
[111 <./Imagens/Cap3/degrau_malha.pdf>]

pdfTeX warning: /usr/bin/pdflatex (file ./Imagens/Cap3/degrau_vort_prim.pdf): P
DF inclusion: found PDF version <1.7>, but at most version <1.5> allowed
<Imagens/Cap3/degrau_vort_prim.pdf, id=12809, 284.06125pt x 255.95625pt>
File: Imagens/Cap3/degrau_vort_prim.pdf Graphic file (type pdf)
<use Imagens/Cap3/degrau_vort_prim.pdf>
Package pdftex.def Info: Imagens/Cap3/degrau_vort_prim.pdf  used on input line 
649.
(pdftex.def)             Requested size: 340.87177pt x 307.14595pt.
File: USPSC-TA-PreTextual/SET-CapaContraCapa/CapaDoutorado.png Graphic file (ty
pe png)
<use USPSC-TA-PreTextual/SET-CapaContraCapa/CapaDoutorado.png>
Package pdftex.def Info: USPSC-TA-PreTextual/SET-CapaContraCapa/CapaDoutorado.p
ng  used on input line 655.
(pdftex.def)             Requested size: 597.50426pt x 845.02924pt.
File: USPSC-TA-PreTextual/SET-CapaContraCapa/PaginaBranco/PaginaEmBranco.jpg Gr
aphic file (type jpg)
<use USPSC-TA-PreTextual/SET-CapaContraCapa/PaginaBranco/PaginaEmBranco.jpg>
Package pdftex.def Info: USPSC-TA-PreTextual/SET-CapaContraCapa/PaginaBranco/Pa
ginaEmBranco.jpg  used on input line 655.
(pdftex.def)             Requested size: 597.4945pt x 845.07095pt.
[112 <./Imagens/Cap3/degrau_vort_prim.pdf>]

pdfTeX warning: /usr/bin/pdflatex (file ./Imagens/Cap3/degrau_vel_100.pdf): PDF
 inclusion: found PDF version <1.7>, but at most version <1.5> allowed
<Imagens/Cap3/degrau_vel_100.pdf, id=12842, 265.9931pt x 47.14859pt>
File: Imagens/Cap3/degrau_vel_100.pdf Graphic file (type pdf)
<use Imagens/Cap3/degrau_vel_100.pdf>
Package pdftex.def Info: Imagens/Cap3/degrau_vel_100.pdf  used on input line 66
1.
(pdftex.def)             Requested size: 412.2891pt x 73.08023pt.


pdfTeX warning: /usr/bin/pdflatex (file ./Imagens/Cap3/degrau_vor_100.pdf): PDF
 inclusion: found PDF version <1.7>, but at most version <1.5> allowed
<Imagens/Cap3/degrau_vor_100.pdf, id=12844, 112.88083pt x 64.86842pt>
File: Imagens/Cap3/degrau_vor_100.pdf Graphic file (type pdf)
<use Imagens/Cap3/degrau_vor_100.pdf>
Package pdftex.def Info: Imagens/Cap3/degrau_vor_100.pdf  used on input line 66
2.
(pdftex.def)             Requested size: 174.96518pt x 100.54599pt.


pdfTeX warning: /usr/bin/pdflatex (file ./Imagens/Cap3/degrau_vel_400.pdf): PDF
 inclusion: found PDF version <1.7>, but at most version <1.5> allowed
<Imagens/Cap3/degrau_vel_400.pdf, id=12847, 264.99pt x 49.48833pt>
File: Imagens/Cap3/degrau_vel_400.pdf Graphic file (type pdf)
<use Imagens/Cap3/degrau_vel_400.pdf>
Package pdftex.def Info: Imagens/Cap3/degrau_vel_400.pdf  used on input line 67
2.
(pdftex.def)             Requested size: 410.7343pt x 76.70683pt.


pdfTeX warning: /usr/bin/pdflatex (file ./Imagens/Cap3/degrau_vor_400.pdf): PDF
 inclusion: found PDF version <1.7>, but at most version <1.5> allowed
<Imagens/Cap3/degrau_vor_400.pdf, id=12849, 171.7818pt x 69.48227pt>
File: Imagens/Cap3/degrau_vor_400.pdf Graphic file (type pdf)
<use Imagens/Cap3/degrau_vor_400.pdf>
Package pdftex.def Info: Imagens/Cap3/degrau_vor_400.pdf  used on input line 67
3.
(pdftex.def)             Requested size: 266.26164pt x 107.69743pt.


pdfTeX warning: /usr/bin/pdflatex (file ./Imagens/Cap3/degrau_vel_800.pdf): PDF
 inclusion: found PDF version <1.7>, but at most version <1.5> allowed
<Imagens/Cap3/degrau_vel_800.pdf, id=12851, 277.51682pt x 156.10321pt>
File: Imagens/Cap3/degrau_vel_800.pdf Graphic file (type pdf)
<use Imagens/Cap3/degrau_vel_800.pdf>
Package pdftex.def Info: Imagens/Cap3/degrau_vel_800.pdf  used on input line 68
1.
(pdftex.def)             Requested size: 430.15083pt x 78.78357pt.


pdfTeX warning: /usr/bin/pdflatex (file ./Imagens/Cap3/degrau_vor_800.pdf): PDF
 inclusion: found PDF version <1.7>, but at most version <1.5> allowed
<Imagens/Cap3/degrau_vor_800.pdf, id=12853, 277.51682pt x 156.10321pt>
File: Imagens/Cap3/degrau_vor_800.pdf Graphic file (type pdf)
<use Imagens/Cap3/degrau_vor_800.pdf>
Package pdftex.def Info: Imagens/Cap3/degrau_vor_800.pdf  used on input line 68
2.
(pdftex.def)             Requested size: 430.15083pt x 100.83444pt.


pdfTeX warning: /usr/bin/pdflatex (file ./Imagens/Cap3/degrau_vor_sec_800.pdf):
 PDF inclusion: found PDF version <1.7>, but at most version <1.5> allowed
<Imagens/Cap3/degrau_vor_sec_800.pdf, id=12855, 275.47032pt x 105.21156pt>
File: Imagens/Cap3/degrau_vor_sec_800.pdf Graphic file (type pdf)
<use Imagens/Cap3/degrau_vor_sec_800.pdf>
Package pdftex.def Info: Imagens/Cap3/degrau_vor_sec_800.pdf  used on input lin
e 683.
(pdftex.def)             Requested size: 385.6558pt x 99.49503pt.


pdfTeX warning: /usr/bin/pdflatex (file ./Imagens/Cap3/degrau_press_100.pdf): P
DF inclusion: found PDF version <1.7>, but at most version <1.5> allowed
<Imagens/Cap3/degrau_press_100.pdf, id=12857, 263.90793pt x 54.65938pt>
File: Imagens/Cap3/degrau_press_100.pdf Graphic file (type pdf)
<use Imagens/Cap3/degrau_press_100.pdf>
Package pdftex.def Info: Imagens/Cap3/degrau_press_100.pdf  used on input line 
691.
(pdftex.def)             Requested size: 395.8609pt x 73.45319pt.


pdfTeX warning: /usr/bin/pdflatex (file ./Imagens/Cap3/degrau_press_400.pdf): P
DF inclusion: found PDF version <1.7>, but at most version <1.5> allowed
<Imagens/Cap3/degrau_press_400.pdf, id=12859, 265.71913pt x 53.84428pt>
File: Imagens/Cap3/degrau_press_400.pdf Graphic file (type pdf)
<use Imagens/Cap3/degrau_press_400.pdf>
Package pdftex.def Info: Imagens/Cap3/degrau_press_400.pdf  used on input line 
692.
(pdftex.def)             Requested size: 398.57771pt x 72.23058pt.


pdfTeX warning: /usr/bin/pdflatex (file ./Imagens/Cap3/degrau_press_800.pdf): P
DF inclusion: found PDF version <1.7>, but at most version <1.5> allowed
<Imagens/Cap3/degrau_press_800.pdf, id=12861, 262.23364pt x 54.77405pt>
File: Imagens/Cap3/degrau_press_800.pdf Graphic file (type pdf)
<use Imagens/Cap3/degrau_press_800.pdf>
Package pdftex.def Info: Imagens/Cap3/degrau_press_800.pdf  used on input line 
693.
(pdftex.def)             Requested size: 393.34947pt x 73.6252pt.
)
File: USPSC-TA-PreTextual/SET-CapaContraCapa/CapaDoutorado.png Graphic file (ty
pe png)
<use USPSC-TA-PreTextual/SET-CapaContraCapa/CapaDoutorado.png>
Package pdftex.def Info: USPSC-TA-PreTextual/SET-CapaContraCapa/CapaDoutorado.p
ng  used on input line 515.
(pdftex.def)             Requested size: 597.50426pt x 845.02924pt.
File: USPSC-TA-PreTextual/SET-CapaContraCapa/PaginaBranco/PaginaEmBranco.jpg Gr
aphic file (type jpg)
<use USPSC-TA-PreTextual/SET-CapaContraCapa/PaginaBranco/PaginaEmBranco.jpg>
Package pdftex.def Info: USPSC-TA-PreTextual/SET-CapaContraCapa/PaginaBranco/Pa
ginaEmBranco.jpg  used on input line 515.
(pdftex.def)             Requested size: 597.4945pt x 845.07095pt.
 [113 <./Imagens/Cap3/degrau_vel_100.pdf> <./Imagens/Cap3/degrau_vor_100.pdf>]
File: USPSC-TA-PreTextual/SET-CapaContraCapa/CapaDoutorado.png Graphic file (ty
pe png)
<use USPSC-TA-PreTextual/SET-CapaContraCapa/CapaDoutorado.png>
Package pdftex.def Info: USPSC-TA-PreTextual/SET-CapaContraCapa/CapaDoutorado.p
ng  used on input line 515.
(pdftex.def)             Requested size: 597.50426pt x 845.02924pt.
File: USPSC-TA-PreTextual/SET-CapaContraCapa/PaginaBranco/PaginaEmBranco.jpg Gr
aphic file (type jpg)
<use USPSC-TA-PreTextual/SET-CapaContraCapa/PaginaBranco/PaginaEmBranco.jpg>
Package pdftex.def Info: USPSC-TA-PreTextual/SET-CapaContraCapa/PaginaBranco/Pa
ginaEmBranco.jpg  used on input line 515.
(pdftex.def)             Requested size: 597.4945pt x 845.07095pt.
[114 <./Imagens/Cap3/degrau_vel_400.pdf> <./Imagens/Cap3/degrau_vor_400.pdf> <.
/Imagens/Cap3/degrau_vel_800.pdf> <./Imagens/Cap3/degrau_vor_800.pdf> <./Imagen
s/Cap3/degrau_vor_sec_800.pdf>]
File: USPSC-TA-PreTextual/SET-CapaContraCapa/CapaDoutorado.png Graphic file (ty
pe png)
<use USPSC-TA-PreTextual/SET-CapaContraCapa/CapaDoutorado.png>
Package pdftex.def Info: USPSC-TA-PreTextual/SET-CapaContraCapa/CapaDoutorado.p
ng  used on input line 515.
(pdftex.def)             Requested size: 597.50426pt x 845.02924pt.
File: USPSC-TA-PreTextual/SET-CapaContraCapa/PaginaBranco/PaginaEmBranco.jpg Gr
aphic file (type jpg)
<use USPSC-TA-PreTextual/SET-CapaContraCapa/PaginaBranco/PaginaEmBranco.jpg>
Package pdftex.def Info: USPSC-TA-PreTextual/SET-CapaContraCapa/PaginaBranco/Pa
ginaEmBranco.jpg  used on input line 515.
(pdftex.def)             Requested size: 597.4945pt x 845.07095pt.
 [115 <./Imagens/Cap3/degrau_press_100.pdf> <./Imagens/Cap3/degrau_press_400.pd
f> <./Imagens/Cap3/degrau_press_800.pdf>]
\openout2 = `Cap4.aux'.


(./Cap4.tex
File: USPSC-TA-PreTextual/SET-CapaContraCapa/CapaDoutorado.png Graphic file (ty
pe png)
<use USPSC-TA-PreTextual/SET-CapaContraCapa/CapaDoutorado.png>
Package pdftex.def Info: USPSC-TA-PreTextual/SET-CapaContraCapa/CapaDoutorado.p
ng  used on input line 1.
(pdftex.def)             Requested size: 597.50426pt x 845.02924pt.
File: USPSC-TA-PreTextual/SET-CapaContraCapa/PaginaBranco/PaginaEmBranco.jpg Gr
aphic file (type jpg)
<use USPSC-TA-PreTextual/SET-CapaContraCapa/PaginaBranco/PaginaEmBranco.jpg>
Package pdftex.def Info: USPSC-TA-PreTextual/SET-CapaContraCapa/PaginaBranco/Pa
ginaEmBranco.jpg  used on input line 1.
(pdftex.def)             Requested size: 597.4945pt x 845.07095pt.
 [116




]
Underfull \vbox (badness 10000) has occurred while \output is active []

File: USPSC-TA-PreTextual/SET-CapaContraCapa/CapaDoutorado.png Graphic file (ty
pe png)
<use USPSC-TA-PreTextual/SET-CapaContraCapa/CapaDoutorado.png>
Package pdftex.def Info: USPSC-TA-PreTextual/SET-CapaContraCapa/CapaDoutorado.p
ng  used on input line 19.
(pdftex.def)             Requested size: 597.50426pt x 845.02924pt.
File: USPSC-TA-PreTextual/SET-CapaContraCapa/PaginaBranco/PaginaEmBranco.jpg Gr
aphic file (type jpg)
<use USPSC-TA-PreTextual/SET-CapaContraCapa/PaginaBranco/PaginaEmBranco.jpg>
Package pdftex.def Info: USPSC-TA-PreTextual/SET-CapaContraCapa/PaginaBranco/Pa
ginaEmBranco.jpg  used on input line 19.
(pdftex.def)             Requested size: 597.4945pt x 845.07095pt.
 [117]

pdfTeX warning: /usr/bin/pdflatex (file ./Imagens/Cap4/sol_cinematica.pdf): PDF
 inclusion: found PDF version <1.7>, but at most version <1.5> allowed
<Imagens/Cap4/sol_cinematica.pdf, id=13142, 122.28009pt x 100.55693pt>
File: Imagens/Cap4/sol_cinematica.pdf Graphic file (type pdf)
<use Imagens/Cap4/sol_cinematica.pdf>
Package pdftex.def Info: Imagens/Cap4/sol_cinematica.pdf  used on input line 27
.
(pdftex.def)             Requested size: 207.87526pt x 170.94603pt.
File: USPSC-TA-PreTextual/SET-CapaContraCapa/CapaDoutorado.png Graphic file (ty
pe png)
<use USPSC-TA-PreTextual/SET-CapaContraCapa/CapaDoutorado.png>
Package pdftex.def Info: USPSC-TA-PreTextual/SET-CapaContraCapa/CapaDoutorado.p
ng  used on input line 40.
(pdftex.def)             Requested size: 597.50426pt x 845.02924pt.
File: USPSC-TA-PreTextual/SET-CapaContraCapa/PaginaBranco/PaginaEmBranco.jpg Gr
aphic file (type jpg)
<use USPSC-TA-PreTextual/SET-CapaContraCapa/PaginaBranco/PaginaEmBranco.jpg>
Package pdftex.def Info: USPSC-TA-PreTextual/SET-CapaContraCapa/PaginaBranco/Pa
ginaEmBranco.jpg  used on input line 40.
(pdftex.def)             Requested size: 597.4945pt x 845.07095pt.
[118 <./Imagens/Cap4/sol_cinematica.pdf>]

pdfTeX warning: /usr/bin/pdflatex (file ./Imagens/Cap4/sol_def_vol.pdf): PDF in
clusion: found PDF version <1.7>, but at most version <1.5> allowed
<Imagens/Cap4/sol_def_vol.pdf, id=13168, 118.7139pt x 94.52199pt>
File: Imagens/Cap4/sol_def_vol.pdf Graphic file (type pdf)
<use Imagens/Cap4/sol_def_vol.pdf>
Package pdftex.def Info: Imagens/Cap4/sol_def_vol.pdf  used on input line 70.
(pdftex.def)             Requested size: 237.42722pt x 177.66263pt.
File: USPSC-TA-PreTextual/SET-CapaContraCapa/CapaDoutorado.png Graphic file (ty
pe png)
<use USPSC-TA-PreTextual/SET-CapaContraCapa/CapaDoutorado.png>
Package pdftex.def Info: USPSC-TA-PreTextual/SET-CapaContraCapa/CapaDoutorado.p
ng  used on input line 85.
(pdftex.def)             Requested size: 597.50426pt x 845.02924pt.
File: USPSC-TA-PreTextual/SET-CapaContraCapa/PaginaBranco/PaginaEmBranco.jpg Gr
aphic file (type jpg)
<use USPSC-TA-PreTextual/SET-CapaContraCapa/PaginaBranco/PaginaEmBranco.jpg>
Package pdftex.def Info: USPSC-TA-PreTextual/SET-CapaContraCapa/PaginaBranco/Pa
ginaEmBranco.jpg  used on input line 85.
(pdftex.def)             Requested size: 597.4945pt x 845.07095pt.
[119]

pdfTeX warning: /usr/bin/pdflatex (file ./Imagens/Cap4/sol_def_area.pdf): PDF i
nclusion: found PDF version <1.7>, but at most version <1.5> allowed
<Imagens/Cap4/sol_def_area.pdf, id=13184, 49.18375pt x 29.10875pt>
File: Imagens/Cap4/sol_def_area.pdf Graphic file (type pdf)
<use Imagens/Cap4/sol_def_area.pdf>
Package pdftex.def Info: Imagens/Cap4/sol_def_area.pdf  used on input line 91.
(pdftex.def)             Requested size: 295.10165pt x 106.36679pt.
File: USPSC-TA-PreTextual/SET-CapaContraCapa/CapaDoutorado.png Graphic file (ty
pe png)
<use USPSC-TA-PreTextual/SET-CapaContraCapa/CapaDoutorado.png>
Package pdftex.def Info: USPSC-TA-PreTextual/SET-CapaContraCapa/CapaDoutorado.p
ng  used on input line 104.
(pdftex.def)             Requested size: 597.50426pt x 845.02924pt.
File: USPSC-TA-PreTextual/SET-CapaContraCapa/PaginaBranco/PaginaEmBranco.jpg Gr
aphic file (type jpg)
<use USPSC-TA-PreTextual/SET-CapaContraCapa/PaginaBranco/PaginaEmBranco.jpg>
Package pdftex.def Info: USPSC-TA-PreTextual/SET-CapaContraCapa/PaginaBranco/Pa
ginaEmBranco.jpg  used on input line 104.
(pdftex.def)             Requested size: 597.4945pt x 845.07095pt.
[120 <./Imagens/Cap4/sol_def_vol.pdf> <./Imagens/Cap4/sol_def_area.pdf>]

pdfTeX warning: /usr/bin/pdflatex (file ./Imagens/Cap4/sol_vol_equi.pdf): PDF i
nclusion: found PDF version <1.7>, but at most version <1.5> allowed
<Imagens/Cap4/sol_vol_equi.pdf, id=13221, 323.4188pt x 278.33739pt>
File: Imagens/Cap4/sol_vol_equi.pdf Graphic file (type pdf)
<use Imagens/Cap4/sol_vol_equi.pdf>
Package pdftex.def Info: Imagens/Cap4/sol_vol_equi.pdf  used on input line 117.

(pdftex.def)             Requested size: 161.709pt x 139.16835pt.
File: USPSC-TA-PreTextual/SET-CapaContraCapa/CapaDoutorado.png Graphic file (ty
pe png)
<use USPSC-TA-PreTextual/SET-CapaContraCapa/CapaDoutorado.png>
Package pdftex.def Info: USPSC-TA-PreTextual/SET-CapaContraCapa/CapaDoutorado.p
ng  used on input line 140.
(pdftex.def)             Requested size: 597.50426pt x 845.02924pt.
File: USPSC-TA-PreTextual/SET-CapaContraCapa/PaginaBranco/PaginaEmBranco.jpg Gr
aphic file (type jpg)
<use USPSC-TA-PreTextual/SET-CapaContraCapa/PaginaBranco/PaginaEmBranco.jpg>
Package pdftex.def Info: USPSC-TA-PreTextual/SET-CapaContraCapa/PaginaBranco/Pa
ginaEmBranco.jpg  used on input line 140.
(pdftex.def)             Requested size: 597.4945pt x 845.07095pt.
[121 <./Imagens/Cap4/sol_vol_equi.pdf>]

pdfTeX warning: /usr/bin/pdflatex (file ./Imagens/Cap4/sol_tetra_equi.pdf): PDF
 inclusion: found PDF version <1.7>, but at most version <1.5> allowed
<Imagens/Cap4/sol_tetra_equi.pdf, id=13234, 489.32813pt x 377.91188pt>
File: Imagens/Cap4/sol_tetra_equi.pdf Graphic file (type pdf)
<use Imagens/Cap4/sol_tetra_equi.pdf>
Package pdftex.def Info: Imagens/Cap4/sol_tetra_equi.pdf  used on input line 15
2.
(pdftex.def)             Requested size: 244.66345pt x 188.95547pt.
File: USPSC-TA-PreTextual/SET-CapaContraCapa/CapaDoutorado.png Graphic file (ty
pe png)
<use USPSC-TA-PreTextual/SET-CapaContraCapa/CapaDoutorado.png>
Package pdftex.def Info: USPSC-TA-PreTextual/SET-CapaContraCapa/CapaDoutorado.p
ng  used on input line 165.
(pdftex.def)             Requested size: 597.50426pt x 845.02924pt.
File: USPSC-TA-PreTextual/SET-CapaContraCapa/PaginaBranco/PaginaEmBranco.jpg Gr
aphic file (type jpg)
<use USPSC-TA-PreTextual/SET-CapaContraCapa/PaginaBranco/PaginaEmBranco.jpg>
Package pdftex.def Info: USPSC-TA-PreTextual/SET-CapaContraCapa/PaginaBranco/Pa
ginaEmBranco.jpg  used on input line 165.
(pdftex.def)             Requested size: 597.4945pt x 845.07095pt.
[122 <./Imagens/Cap4/sol_tetra_equi.pdf>]

pdfTeX warning: /usr/bin/pdflatex (file ./Imagens/Cap4/sol_cargas.pdf): PDF inc
lusion: found PDF version <1.7>, but at most version <1.5> allowed
<Imagens/Cap4/sol_cargas.pdf, id=13247, 50.80663pt x 44.78166pt>
File: Imagens/Cap4/sol_cargas.pdf Graphic file (type pdf)
<use Imagens/Cap4/sol_cargas.pdf>
Package pdftex.def Info: Imagens/Cap4/sol_cargas.pdf  used on input line 177.
(pdftex.def)             Requested size: 203.22595pt x 156.36444pt.
File: USPSC-TA-PreTextual/SET-CapaContraCapa/CapaDoutorado.png Graphic file (ty
pe png)
<use USPSC-TA-PreTextual/SET-CapaContraCapa/CapaDoutorado.png>
Package pdftex.def Info: USPSC-TA-PreTextual/SET-CapaContraCapa/CapaDoutorado.p
ng  used on input line 203.
(pdftex.def)             Requested size: 597.50426pt x 845.02924pt.
File: USPSC-TA-PreTextual/SET-CapaContraCapa/PaginaBranco/PaginaEmBranco.jpg Gr
aphic file (type jpg)
<use USPSC-TA-PreTextual/SET-CapaContraCapa/PaginaBranco/PaginaEmBranco.jpg>
Package pdftex.def Info: USPSC-TA-PreTextual/SET-CapaContraCapa/PaginaBranco/Pa
ginaEmBranco.jpg  used on input line 203.
(pdftex.def)             Requested size: 597.4945pt x 845.07095pt.
[123 <./Imagens/Cap4/sol_cargas.pdf>]
File: USPSC-TA-PreTextual/SET-CapaContraCapa/CapaDoutorado.png Graphic file (ty
pe png)
<use USPSC-TA-PreTextual/SET-CapaContraCapa/CapaDoutorado.png>
Package pdftex.def Info: USPSC-TA-PreTextual/SET-CapaContraCapa/CapaDoutorado.p
ng  used on input line 239.
(pdftex.def)             Requested size: 597.50426pt x 845.02924pt.
File: USPSC-TA-PreTextual/SET-CapaContraCapa/PaginaBranco/PaginaEmBranco.jpg Gr
aphic file (type jpg)
<use USPSC-TA-PreTextual/SET-CapaContraCapa/PaginaBranco/PaginaEmBranco.jpg>
Package pdftex.def Info: USPSC-TA-PreTextual/SET-CapaContraCapa/PaginaBranco/Pa
ginaEmBranco.jpg  used on input line 239.
(pdftex.def)             Requested size: 597.4945pt x 845.07095pt.
 [124]
File: USPSC-TA-PreTextual/SET-CapaContraCapa/CapaDoutorado.png Graphic file (ty
pe png)
<use USPSC-TA-PreTextual/SET-CapaContraCapa/CapaDoutorado.png>
Package pdftex.def Info: USPSC-TA-PreTextual/SET-CapaContraCapa/CapaDoutorado.p
ng  used on input line 281.
(pdftex.def)             Requested size: 597.50426pt x 845.02924pt.
File: USPSC-TA-PreTextual/SET-CapaContraCapa/PaginaBranco/PaginaEmBranco.jpg Gr
aphic file (type jpg)
<use USPSC-TA-PreTextual/SET-CapaContraCapa/PaginaBranco/PaginaEmBranco.jpg>
Package pdftex.def Info: USPSC-TA-PreTextual/SET-CapaContraCapa/PaginaBranco/Pa
ginaEmBranco.jpg  used on input line 281.
(pdftex.def)             Requested size: 597.4945pt x 845.07095pt.
 [125]
File: USPSC-TA-PreTextual/SET-CapaContraCapa/CapaDoutorado.png Graphic file (ty
pe png)
<use USPSC-TA-PreTextual/SET-CapaContraCapa/CapaDoutorado.png>
Package pdftex.def Info: USPSC-TA-PreTextual/SET-CapaContraCapa/CapaDoutorado.p
ng  used on input line 301.
(pdftex.def)             Requested size: 597.50426pt x 845.02924pt.
File: USPSC-TA-PreTextual/SET-CapaContraCapa/PaginaBranco/PaginaEmBranco.jpg Gr
aphic file (type jpg)
<use USPSC-TA-PreTextual/SET-CapaContraCapa/PaginaBranco/PaginaEmBranco.jpg>
Package pdftex.def Info: USPSC-TA-PreTextual/SET-CapaContraCapa/PaginaBranco/Pa
ginaEmBranco.jpg  used on input line 301.
(pdftex.def)             Requested size: 597.4945pt x 845.07095pt.
 [126]

pdfTeX warning: /usr/bin/pdflatex (file ./Imagens/Cap4/casca_super_media.pdf): 
PDF inclusion: found PDF version <1.7>, but at most version <1.5> allowed
<Imagens/Cap4/casca_super_media.pdf, id=13313, 374.6896pt x 295.29674pt>
File: Imagens/Cap4/casca_super_media.pdf Graphic file (type pdf)
<use Imagens/Cap4/casca_super_media.pdf>
Package pdftex.def Info: Imagens/Cap4/casca_super_media.pdf  used on input line
 310.
(pdftex.def)             Requested size: 299.75209pt x 236.2377pt.


pdfTeX warning: /usr/bin/pdflatex (file ./Imagens/Cap4/casca_vetores_generaliza
dos.pdf): PDF inclusion: found PDF version <1.7>, but at most version <1.5> all
owed
<Imagens/Cap4/casca_vetores_generalizados.pdf, id=13316, 359.82704pt x 287.4838
9pt>
File: Imagens/Cap4/casca_vetores_generalizados.pdf Graphic file (type pdf)
<use Imagens/Cap4/casca_vetores_generalizados.pdf>
Package pdftex.def Info: Imagens/Cap4/casca_vetores_generalizados.pdf  used on 
input line 325.
(pdftex.def)             Requested size: 287.86201pt x 229.98741pt.
File: USPSC-TA-PreTextual/SET-CapaContraCapa/CapaDoutorado.png Graphic file (ty
pe png)
<use USPSC-TA-PreTextual/SET-CapaContraCapa/CapaDoutorado.png>
Package pdftex.def Info: USPSC-TA-PreTextual/SET-CapaContraCapa/CapaDoutorado.p
ng  used on input line 334.
(pdftex.def)             Requested size: 597.50426pt x 845.02924pt.
File: USPSC-TA-PreTextual/SET-CapaContraCapa/PaginaBranco/PaginaEmBranco.jpg Gr
aphic file (type jpg)
<use USPSC-TA-PreTextual/SET-CapaContraCapa/PaginaBranco/PaginaEmBranco.jpg>
Package pdftex.def Info: USPSC-TA-PreTextual/SET-CapaContraCapa/PaginaBranco/Pa
ginaEmBranco.jpg  used on input line 334.
(pdftex.def)             Requested size: 597.4945pt x 845.07095pt.
[127 <./Imagens/Cap4/casca_super_media.pdf>]
File: USPSC-TA-PreTextual/SET-CapaContraCapa/CapaDoutorado.png Graphic file (ty
pe png)
<use USPSC-TA-PreTextual/SET-CapaContraCapa/CapaDoutorado.png>
Package pdftex.def Info: USPSC-TA-PreTextual/SET-CapaContraCapa/CapaDoutorado.p
ng  used on input line 358.
(pdftex.def)             Requested size: 597.50426pt x 845.02924pt.
File: USPSC-TA-PreTextual/SET-CapaContraCapa/PaginaBranco/PaginaEmBranco.jpg Gr
aphic file (type jpg)
<use USPSC-TA-PreTextual/SET-CapaContraCapa/PaginaBranco/PaginaEmBranco.jpg>
Package pdftex.def Info: USPSC-TA-PreTextual/SET-CapaContraCapa/PaginaBranco/Pa
ginaEmBranco.jpg  used on input line 358.
(pdftex.def)             Requested size: 597.4945pt x 845.07095pt.
 [128 <./Imagens/Cap4/casca_vetores_generalizados.pdf>]
LaTeX Font Info:    Calculating math sizes for size <8.4> on input line 386.
LaTeX Font Info:    External font `lmex10' loaded for size
(Font)              <8.4> on input line 386.
LaTeX Font Info:    External font `lmex10' loaded for size
(Font)              <5.87996> on input line 386.
LaTeX Font Info:    External font `lmex10' loaded for size
(Font)              <4.2> on input line 386.


LaTeX Font Warning: Font shape `U/rsfs/m/n' in size <4.2> not available
(Font)              size <5> substituted on input line 386.


Package microtype Warning: Unknown slot number of character
(microtype)                `\textasteriskcentered '
(microtype)                in font encoding `TS1' in protrusion list
(microtype)                `cmr-textcomp'.


Package microtype Warning: Unknown slot number of character
(microtype)                `\textasteriskcentered '
(microtype)                in font encoding `TS1' in protrusion list
(microtype)                `cmr-textcomp'.


Package microtype Warning: Unknown slot number of character
(microtype)                `\textasteriskcentered '
(microtype)                in font encoding `TS1' in protrusion list
(microtype)                `cmr-textcomp'.

File: USPSC-TA-PreTextual/SET-CapaContraCapa/CapaDoutorado.png Graphic file (ty
pe png)
<use USPSC-TA-PreTextual/SET-CapaContraCapa/CapaDoutorado.png>
Package pdftex.def Info: USPSC-TA-PreTextual/SET-CapaContraCapa/CapaDoutorado.p
ng  used on input line 389.
(pdftex.def)             Requested size: 597.50426pt x 845.02924pt.
File: USPSC-TA-PreTextual/SET-CapaContraCapa/PaginaBranco/PaginaEmBranco.jpg Gr
aphic file (type jpg)
<use USPSC-TA-PreTextual/SET-CapaContraCapa/PaginaBranco/PaginaEmBranco.jpg>
Package pdftex.def Info: USPSC-TA-PreTextual/SET-CapaContraCapa/PaginaBranco/Pa
ginaEmBranco.jpg  used on input line 389.
(pdftex.def)             Requested size: 597.4945pt x 845.07095pt.
[129]
File: USPSC-TA-PreTextual/SET-CapaContraCapa/CapaDoutorado.png Graphic file (ty
pe png)
<use USPSC-TA-PreTextual/SET-CapaContraCapa/CapaDoutorado.png>
Package pdftex.def Info: USPSC-TA-PreTextual/SET-CapaContraCapa/CapaDoutorado.p
ng  used on input line 432.
(pdftex.def)             Requested size: 597.50426pt x 845.02924pt.
File: USPSC-TA-PreTextual/SET-CapaContraCapa/PaginaBranco/PaginaEmBranco.jpg Gr
aphic file (type jpg)
<use USPSC-TA-PreTextual/SET-CapaContraCapa/PaginaBranco/PaginaEmBranco.jpg>
Package pdftex.def Info: USPSC-TA-PreTextual/SET-CapaContraCapa/PaginaBranco/Pa
ginaEmBranco.jpg  used on input line 432.
(pdftex.def)             Requested size: 597.4945pt x 845.07095pt.
 [130]
File: USPSC-TA-PreTextual/SET-CapaContraCapa/CapaDoutorado.png Graphic file (ty
pe png)
<use USPSC-TA-PreTextual/SET-CapaContraCapa/CapaDoutorado.png>
Package pdftex.def Info: USPSC-TA-PreTextual/SET-CapaContraCapa/CapaDoutorado.p
ng  used on input line 479.
(pdftex.def)             Requested size: 597.50426pt x 845.02924pt.
File: USPSC-TA-PreTextual/SET-CapaContraCapa/PaginaBranco/PaginaEmBranco.jpg Gr
aphic file (type jpg)
<use USPSC-TA-PreTextual/SET-CapaContraCapa/PaginaBranco/PaginaEmBranco.jpg>
Package pdftex.def Info: USPSC-TA-PreTextual/SET-CapaContraCapa/PaginaBranco/Pa
ginaEmBranco.jpg  used on input line 479.
(pdftex.def)             Requested size: 597.4945pt x 845.07095pt.
 [131]

pdfTeX warning: /usr/bin/pdflatex (file ./Imagens/Cap4/casca_geometria.pdf): PD
F inclusion: found PDF version <1.7>, but at most version <1.5> allowed
<Imagens/Cap4/casca_geometria.pdf, id=13408, 882.32033pt x 579.90425pt>
File: Imagens/Cap4/casca_geometria.pdf Graphic file (type pdf)
<use Imagens/Cap4/casca_geometria.pdf>
Package pdftex.def Info: Imagens/Cap4/casca_geometria.pdf  used on input line 4
84.
(pdftex.def)             Requested size: 202.9294pt x 133.37517pt.


pdfTeX warning: /usr/bin/pdflatex (file ./Imagens/Cap4/casca_malha.pdf): PDF in
clusion: found PDF version <1.7>, but at most version <1.5> allowed
<Imagens/Cap4/casca_malha.pdf, id=13410, 277.51682pt x 156.10321pt>
File: Imagens/Cap4/casca_malha.pdf Graphic file (type pdf)
<use Imagens/Cap4/casca_malha.pdf>
Package pdftex.def Info: Imagens/Cap4/casca_malha.pdf  used on input line 485.
(pdftex.def)             Requested size: 180.07695pt x 140.41597pt.


pdfTeX warning: /usr/bin/pdflatex (file ./Imagens/Cap4/casca_deslocamentoA.pdf)
: PDF inclusion: found PDF version <1.7>, but at most version <1.5> allowed
<Imagens/Cap4/casca_deslocamentoA.pdf, id=13412, 454.69875pt x 255.95625pt>
File: Imagens/Cap4/casca_deslocamentoA.pdf Graphic file (type pdf)
<use Imagens/Cap4/casca_deslocamentoA.pdf>
Package pdftex.def Info: Imagens/Cap4/casca_deslocamentoA.pdf  used on input li
ne 493.
(pdftex.def)             Requested size: 272.82135pt x 153.57492pt.
<Imagens/Cap4/casca_deslocamento_referencia.png.png, id=13414, 1104.125pt x 640
.3925pt>
File: Imagens/Cap4/casca_deslocamento_referencia.png.png Graphic file (type png
)
<use Imagens/Cap4/casca_deslocamento_referencia.png.png>
Package pdftex.def Info: Imagens/Cap4/casca_deslocamento_referencia.png.png  us
ed on input line 501.
(pdftex.def)             Requested size: 276.03058pt x 160.09773pt.


pdfTeX warning: /usr/bin/pdflatex (file ./Imagens/Cap4/casca_140ms.pdf): PDF in
clusion: found PDF version <1.7>, but at most version <1.5> allowed
<Imagens/Cap4/casca_140ms.pdf, id=13420, 187.45032pt x 108.405pt>
File: Imagens/Cap4/casca_140ms.pdf Graphic file (type pdf)
<use Imagens/Cap4/casca_140ms.pdf>
Package pdftex.def Info: Imagens/Cap4/casca_140ms.pdf  used on input line 509.
(pdftex.def)             Requested size: 184.50345pt x 96.54031pt.


pdfTeX warning: /usr/bin/pdflatex (file ./Imagens/Cap4/casca_165ms.pdf): PDF in
clusion: found PDF version <1.7>, but at most version <1.5> allowed
<Imagens/Cap4/casca_165ms.pdf, id=13422, 187.45032pt x 108.405pt>
File: Imagens/Cap4/casca_165ms.pdf Graphic file (type pdf)
<use Imagens/Cap4/casca_165ms.pdf>
Package pdftex.def Info: Imagens/Cap4/casca_165ms.pdf  used on input line 510.
(pdftex.def)             Requested size: 184.50345pt x 96.54031pt.


pdfTeX warning: /usr/bin/pdflatex (file ./Imagens/Cap4/casca_174ms.pdf): PDF in
clusion: found PDF version <1.7>, but at most version <1.5> allowed
<Imagens/Cap4/casca_174ms.pdf, id=13424, 187.45032pt x 108.405pt>
File: Imagens/Cap4/casca_174ms.pdf Graphic file (type pdf)
<use Imagens/Cap4/casca_174ms.pdf>
Package pdftex.def Info: Imagens/Cap4/casca_174ms.pdf  used on input line 511.
(pdftex.def)             Requested size: 191.90161pt x 96.54031pt.


pdfTeX warning: /usr/bin/pdflatex (file ./Imagens/Cap4/casca_177ms.pdf): PDF in
clusion: found PDF version <1.7>, but at most version <1.5> allowed
<Imagens/Cap4/casca_177ms.pdf, id=13426, 187.45032pt x 108.405pt>
File: Imagens/Cap4/casca_177ms.pdf Graphic file (type pdf)
<use Imagens/Cap4/casca_177ms.pdf>
Package pdftex.def Info: Imagens/Cap4/casca_177ms.pdf  used on input line 512.
(pdftex.def)             Requested size: 191.90161pt x 96.54031pt.


pdfTeX warning: /usr/bin/pdflatex (file ./Imagens/Cap4/casca_legenda.pdf): PDF 
inclusion: found PDF version <1.7>, but at most version <1.5> allowed
<Imagens/Cap4/casca_legenda.pdf, id=13428, 10471.79538pt x 2655.39857pt>
File: Imagens/Cap4/casca_legenda.pdf Graphic file (type pdf)
<use Imagens/Cap4/casca_legenda.pdf>
Package pdftex.def Info: Imagens/Cap4/casca_legenda.pdf  used on input line 513
.
(pdftex.def)             Requested size: 157.07014pt x 31.2938pt.
)
File: USPSC-TA-PreTextual/SET-CapaContraCapa/CapaDoutorado.png Graphic file (ty
pe png)
<use USPSC-TA-PreTextual/SET-CapaContraCapa/CapaDoutorado.png>
Package pdftex.def Info: USPSC-TA-PreTextual/SET-CapaContraCapa/CapaDoutorado.p
ng  used on input line 516.
(pdftex.def)             Requested size: 597.50426pt x 845.02924pt.
File: USPSC-TA-PreTextual/SET-CapaContraCapa/PaginaBranco/PaginaEmBranco.jpg Gr
aphic file (type jpg)
<use USPSC-TA-PreTextual/SET-CapaContraCapa/PaginaBranco/PaginaEmBranco.jpg>
Package pdftex.def Info: USPSC-TA-PreTextual/SET-CapaContraCapa/PaginaBranco/Pa
ginaEmBranco.jpg  used on input line 516.
(pdftex.def)             Requested size: 597.4945pt x 845.07095pt.
 [132]
File: USPSC-TA-PreTextual/SET-CapaContraCapa/CapaDoutorado.png Graphic file (ty
pe png)
<use USPSC-TA-PreTextual/SET-CapaContraCapa/CapaDoutorado.png>
Package pdftex.def Info: USPSC-TA-PreTextual/SET-CapaContraCapa/CapaDoutorado.p
ng  used on input line 516.
(pdftex.def)             Requested size: 597.50426pt x 845.02924pt.
File: USPSC-TA-PreTextual/SET-CapaContraCapa/PaginaBranco/PaginaEmBranco.jpg Gr
aphic file (type jpg)
<use USPSC-TA-PreTextual/SET-CapaContraCapa/PaginaBranco/PaginaEmBranco.jpg>
Package pdftex.def Info: USPSC-TA-PreTextual/SET-CapaContraCapa/PaginaBranco/Pa
ginaEmBranco.jpg  used on input line 516.
(pdftex.def)             Requested size: 597.4945pt x 845.07095pt.
 [133 <./Imagens/Cap4/casca_geometria.pdf> <./Imagens/Cap4/casca_malha.pdf> <./
Imagens/Cap4/casca_deslocamentoA.pdf> <./Imagens/Cap4/casca_deslocamento_refere
ncia.png.png>]
File: USPSC-TA-PreTextual/SET-CapaContraCapa/CapaDoutorado.png Graphic file (ty
pe png)
<use USPSC-TA-PreTextual/SET-CapaContraCapa/CapaDoutorado.png>
Package pdftex.def Info: USPSC-TA-PreTextual/SET-CapaContraCapa/CapaDoutorado.p
ng  used on input line 516.
(pdftex.def)             Requested size: 597.50426pt x 845.02924pt.
File: USPSC-TA-PreTextual/SET-CapaContraCapa/PaginaBranco/PaginaEmBranco.jpg Gr
aphic file (type jpg)
<use USPSC-TA-PreTextual/SET-CapaContraCapa/PaginaBranco/PaginaEmBranco.jpg>
Package pdftex.def Info: USPSC-TA-PreTextual/SET-CapaContraCapa/PaginaBranco/Pa
ginaEmBranco.jpg  used on input line 516.
(pdftex.def)             Requested size: 597.4945pt x 845.07095pt.
 [134 <./Imagens/Cap4/casca_140ms.pdf> <./Imagens/Cap4/casca_165ms.pdf> <./Imag
ens/Cap4/casca_174ms.pdf> <./Imagens/Cap4/casca_177ms.pdf> <./Imagens/Cap4/casc
a_legenda.pdf>]
\openout2 = `Cap5.aux'.

 (./Cap5.tex
<Imagens/Cap5/dominio_global.pdf, id=13524, 274.09047pt x 223.73445pt>
File: Imagens/Cap5/dominio_global.pdf Graphic file (type pdf)
<use Imagens/Cap5/dominio_global.pdf>
Package pdftex.def Info: Imagens/Cap5/dominio_global.pdf  used on input line 14
.
(pdftex.def)             Requested size: 164.45554pt x 134.2417pt.
<Imagens/Cap5/dominio_local.pdf, id=13526, 152.39647pt x 129.03342pt>
File: Imagens/Cap5/dominio_local.pdf Graphic file (type pdf)
<use Imagens/Cap5/dominio_local.pdf>
Package pdftex.def Info: Imagens/Cap5/dominio_local.pdf  used on input line 15.

(pdftex.def)             Requested size: 91.43857pt x 77.42062pt.
<Imagens/Cap5/dominio_sobreposto.pdf, id=13528, 334.0105pt x 303.99461pt>
File: Imagens/Cap5/dominio_sobreposto.pdf Graphic file (type pdf)
<use Imagens/Cap5/dominio_sobreposto.pdf>
Package pdftex.def Info: Imagens/Cap5/dominio_sobreposto.pdf  used on input lin
e 16.
(pdftex.def)             Requested size: 200.40784pt x 182.39816pt.
File: USPSC-TA-PreTextual/SET-CapaContraCapa/CapaDoutorado.png Graphic file (ty
pe png)
<use USPSC-TA-PreTextual/SET-CapaContraCapa/CapaDoutorado.png>
Package pdftex.def Info: USPSC-TA-PreTextual/SET-CapaContraCapa/CapaDoutorado.p
ng  used on input line 23.
(pdftex.def)             Requested size: 597.50426pt x 845.02924pt.
File: USPSC-TA-PreTextual/SET-CapaContraCapa/PaginaBranco/PaginaEmBranco.jpg Gr
aphic file (type jpg)
<use USPSC-TA-PreTextual/SET-CapaContraCapa/PaginaBranco/PaginaEmBranco.jpg>
Package pdftex.def Info: USPSC-TA-PreTextual/SET-CapaContraCapa/PaginaBranco/Pa
ginaEmBranco.jpg  used on input line 23.
(pdftex.def)             Requested size: 597.4945pt x 845.07095pt.
 [135




]
File: USPSC-TA-PreTextual/SET-CapaContraCapa/CapaDoutorado.png Graphic file (ty
pe png)
<use USPSC-TA-PreTextual/SET-CapaContraCapa/CapaDoutorado.png>
Package pdftex.def Info: USPSC-TA-PreTextual/SET-CapaContraCapa/CapaDoutorado.p
ng  used on input line 33.
(pdftex.def)             Requested size: 597.50426pt x 845.02924pt.
File: USPSC-TA-PreTextual/SET-CapaContraCapa/PaginaBranco/PaginaEmBranco.jpg Gr
aphic file (type jpg)
<use USPSC-TA-PreTextual/SET-CapaContraCapa/PaginaBranco/PaginaEmBranco.jpg>
Package pdftex.def Info: USPSC-TA-PreTextual/SET-CapaContraCapa/PaginaBranco/Pa
ginaEmBranco.jpg  used on input line 33.
(pdftex.def)             Requested size: 597.4945pt x 845.07095pt.
 [136 <./Imagens/Cap5/dominio_global.pdf> <./Imagens/Cap5/dominio_local.pdf> <.
/Imagens/Cap5/dominio_sobreposto.pdf>]
File: USPSC-TA-PreTextual/SET-CapaContraCapa/CapaDoutorado.png Graphic file (ty
pe png)
<use USPSC-TA-PreTextual/SET-CapaContraCapa/CapaDoutorado.png>
Package pdftex.def Info: USPSC-TA-PreTextual/SET-CapaContraCapa/CapaDoutorado.p
ng  used on input line 56.
(pdftex.def)             Requested size: 597.50426pt x 845.02924pt.
File: USPSC-TA-PreTextual/SET-CapaContraCapa/PaginaBranco/PaginaEmBranco.jpg Gr
aphic file (type jpg)
<use USPSC-TA-PreTextual/SET-CapaContraCapa/PaginaBranco/PaginaEmBranco.jpg>
Package pdftex.def Info: USPSC-TA-PreTextual/SET-CapaContraCapa/PaginaBranco/Pa
ginaEmBranco.jpg  used on input line 56.
(pdftex.def)             Requested size: 597.4945pt x 845.07095pt.
 [137]

pdfTeX warning: /usr/bin/pdflatex (file ./Imagens/Cap5/funcoes_dom_global.pdf):
 PDF inclusion: found PDF version <1.7>, but at most version <1.5> allowed
<Imagens/Cap5/funcoes_dom_global.pdf, id=13648, 635.37375pt x 303.38344pt>
File: Imagens/Cap5/funcoes_dom_global.pdf Graphic file (type pdf)
<use Imagens/Cap5/funcoes_dom_global.pdf>
Package pdftex.def Info: Imagens/Cap5/funcoes_dom_global.pdf  used on input lin
e 68.
(pdftex.def)             Requested size: 254.14499pt x 121.35121pt.


pdfTeX warning: /usr/bin/pdflatex (file ./Imagens/Cap5/funcoes_dom_local.pdf): 
PDF inclusion: found PDF version <1.7>, but at most version <1.5> allowed
<Imagens/Cap5/funcoes_dom_local.pdf, id=13650, 631.60968pt x 297.36093pt>
File: Imagens/Cap5/funcoes_dom_local.pdf Graphic file (type pdf)
<use Imagens/Cap5/funcoes_dom_local.pdf>
Package pdftex.def Info: Imagens/Cap5/funcoes_dom_local.pdf  used on input line
 69.
(pdftex.def)             Requested size: 252.63939pt x 118.94226pt.


pdfTeX warning: /usr/bin/pdflatex (file ./Imagens/Cap5/funcoes_modificadas.pdf)
: PDF inclusion: found PDF version <1.7>, but at most version <1.5> allowed
<Imagens/Cap5/funcoes_modificadas.pdf, id=13652, 623.32875pt x 292.84406pt>
File: Imagens/Cap5/funcoes_modificadas.pdf Graphic file (type pdf)
<use Imagens/Cap5/funcoes_modificadas.pdf>
Package pdftex.def Info: Imagens/Cap5/funcoes_modificadas.pdf  used on input li
ne 70.
(pdftex.def)             Requested size: 249.32707pt x 117.13554pt.
File: USPSC-TA-PreTextual/SET-CapaContraCapa/CapaDoutorado.png Graphic file (ty
pe png)
<use USPSC-TA-PreTextual/SET-CapaContraCapa/CapaDoutorado.png>
Package pdftex.def Info: USPSC-TA-PreTextual/SET-CapaContraCapa/CapaDoutorado.p
ng  used on input line 87.
(pdftex.def)             Requested size: 597.50426pt x 845.02924pt.
File: USPSC-TA-PreTextual/SET-CapaContraCapa/PaginaBranco/PaginaEmBranco.jpg Gr
aphic file (type jpg)
<use USPSC-TA-PreTextual/SET-CapaContraCapa/PaginaBranco/PaginaEmBranco.jpg>
Package pdftex.def Info: USPSC-TA-PreTextual/SET-CapaContraCapa/PaginaBranco/Pa
ginaEmBranco.jpg  used on input line 87.
(pdftex.def)             Requested size: 597.4945pt x 845.07095pt.
[138]
File: USPSC-TA-PreTextual/SET-CapaContraCapa/CapaDoutorado.png Graphic file (ty
pe png)
<use USPSC-TA-PreTextual/SET-CapaContraCapa/CapaDoutorado.png>
Package pdftex.def Info: USPSC-TA-PreTextual/SET-CapaContraCapa/CapaDoutorado.p
ng  used on input line 90.
(pdftex.def)             Requested size: 597.50426pt x 845.02924pt.
File: USPSC-TA-PreTextual/SET-CapaContraCapa/PaginaBranco/PaginaEmBranco.jpg Gr
aphic file (type jpg)
<use USPSC-TA-PreTextual/SET-CapaContraCapa/PaginaBranco/PaginaEmBranco.jpg>
Package pdftex.def Info: USPSC-TA-PreTextual/SET-CapaContraCapa/PaginaBranco/Pa
ginaEmBranco.jpg  used on input line 90.
(pdftex.def)             Requested size: 597.4945pt x 845.07095pt.
 [139 <./Imagens/Cap5/funcoes_dom_global.pdf> <./Imagens/Cap5/funcoes_dom_local
.pdf> <./Imagens/Cap5/funcoes_modificadas.pdf>]
Underfull \vbox (badness 1371) has occurred while \output is active []

File: USPSC-TA-PreTextual/SET-CapaContraCapa/CapaDoutorado.png Graphic file (ty
pe png)
<use USPSC-TA-PreTextual/SET-CapaContraCapa/CapaDoutorado.png>
Package pdftex.def Info: USPSC-TA-PreTextual/SET-CapaContraCapa/CapaDoutorado.p
ng  used on input line 126.
(pdftex.def)             Requested size: 597.50426pt x 845.02924pt.
File: USPSC-TA-PreTextual/SET-CapaContraCapa/PaginaBranco/PaginaEmBranco.jpg Gr
aphic file (type jpg)
<use USPSC-TA-PreTextual/SET-CapaContraCapa/PaginaBranco/PaginaEmBranco.jpg>
Package pdftex.def Info: USPSC-TA-PreTextual/SET-CapaContraCapa/PaginaBranco/Pa
ginaEmBranco.jpg  used on input line 126.
(pdftex.def)             Requested size: 597.4945pt x 845.07095pt.
 [140]

pdfTeX warning: /usr/bin/pdflatex (file ./Imagens/Cap5/cav2d_geometria.pdf): PD
F inclusion: found PDF version <1.7>, but at most version <1.5> allowed
<Imagens/Cap5/cav2d_geometria.pdf, id=13716, 178.23654pt x 173.86223pt>
File: Imagens/Cap5/cav2d_geometria.pdf Graphic file (type pdf)
<use Imagens/Cap5/cav2d_geometria.pdf>
Package pdftex.def Info: Imagens/Cap5/cav2d_geometria.pdf  used on input line 1
38.
(pdftex.def)             Requested size: 196.06079pt x 191.24902pt.
File: USPSC-TA-PreTextual/SET-CapaContraCapa/CapaDoutorado.png Graphic file (ty
pe png)
<use USPSC-TA-PreTextual/SET-CapaContraCapa/CapaDoutorado.png>
Package pdftex.def Info: USPSC-TA-PreTextual/SET-CapaContraCapa/CapaDoutorado.p
ng  used on input line 146.
(pdftex.def)             Requested size: 597.50426pt x 845.02924pt.
File: USPSC-TA-PreTextual/SET-CapaContraCapa/PaginaBranco/PaginaEmBranco.jpg Gr
aphic file (type jpg)
<use USPSC-TA-PreTextual/SET-CapaContraCapa/PaginaBranco/PaginaEmBranco.jpg>
Package pdftex.def Info: USPSC-TA-PreTextual/SET-CapaContraCapa/PaginaBranco/Pa
ginaEmBranco.jpg  used on input line 146.
(pdftex.def)             Requested size: 597.4945pt x 845.07095pt.
[141 <./Imagens/Cap5/cav2d_geometria.pdf>]

pdfTeX warning: /usr/bin/pdflatex (file ./Imagens/Cap5/cav2d_malha_local.pdf): 
PDF inclusion: found PDF version <1.7>, but at most version <1.5> allowed
<Imagens/Cap5/cav2d_malha_local.pdf, id=13733, 277.51682pt x 156.10321pt>
File: Imagens/Cap5/cav2d_malha_local.pdf Graphic file (type pdf)
<use Imagens/Cap5/cav2d_malha_local.pdf>
Package pdftex.def Info: Imagens/Cap5/cav2d_malha_local.pdf  used on input line
 150.
(pdftex.def)             Requested size: 245.55812pt x 191.47527pt.


pdfTeX warning: /usr/bin/pdflatex (file ./Imagens/Cap5/cav2d_malha_global.pdf):
 PDF inclusion: found PDF version <1.7>, but at most version <1.5> allowed
<Imagens/Cap5/cav2d_malha_global.pdf, id=13735, 277.51682pt x 156.10321pt>
File: Imagens/Cap5/cav2d_malha_global.pdf Graphic file (type pdf)
<use Imagens/Cap5/cav2d_malha_global.pdf>
Package pdftex.def Info: Imagens/Cap5/cav2d_malha_global.pdf  used on input lin
e 151.
(pdftex.def)             Requested size: 245.55812pt x 191.47527pt.

Overfull \hbox (36.11624pt too wide) in paragraph at lines 150--153
 [][][][][] 
 []



pdfTeX warning: /usr/bin/pdflatex (file ./Imagens/Cap5/cav2d_nosDesativos.pdf):
 PDF inclusion: found PDF version <1.7>, but at most version <1.5> allowed
<Imagens/Cap5/cav2d_nosDesativos.pdf, id=13737, 277.51682pt x 156.10321pt>
File: Imagens/Cap5/cav2d_nosDesativos.pdf Graphic file (type pdf)
<use Imagens/Cap5/cav2d_nosDesativos.pdf>
Package pdftex.def Info: Imagens/Cap5/cav2d_nosDesativos.pdf  used on input lin
e 159.
(pdftex.def)             Requested size: 245.55812pt x 191.47527pt.
File: USPSC-TA-PreTextual/SET-CapaContraCapa/CapaDoutorado.png Graphic file (ty
pe png)
<use USPSC-TA-PreTextual/SET-CapaContraCapa/CapaDoutorado.png>
Package pdftex.def Info: USPSC-TA-PreTextual/SET-CapaContraCapa/CapaDoutorado.p
ng  used on input line 165.
(pdftex.def)             Requested size: 597.50426pt x 845.02924pt.
File: USPSC-TA-PreTextual/SET-CapaContraCapa/PaginaBranco/PaginaEmBranco.jpg Gr
aphic file (type jpg)
<use USPSC-TA-PreTextual/SET-CapaContraCapa/PaginaBranco/PaginaEmBranco.jpg>
Package pdftex.def Info: USPSC-TA-PreTextual/SET-CapaContraCapa/PaginaBranco/Pa
ginaEmBranco.jpg  used on input line 165.
(pdftex.def)             Requested size: 597.4945pt x 845.07095pt.
[142 <./Imagens/Cap5/cav2d_malha_local.pdf> <./Imagens/Cap5/cav2d_malha_global.
pdf> <./Imagens/Cap5/cav2d_nosDesativos.pdf>]

pdfTeX warning: /usr/bin/pdflatex (file ./Imagens/Cap5/cav2d_perfil.pdf): PDF i
nclusion: found PDF version <1.7>, but at most version <1.5> allowed
<Imagens/Cap5/cav2d_perfil.pdf, id=13763, 259.7203pt x 263.48438pt>
File: Imagens/Cap5/cav2d_perfil.pdf Graphic file (type pdf)
<use Imagens/Cap5/cav2d_perfil.pdf>
Package pdftex.def Info: Imagens/Cap5/cav2d_perfil.pdf  used on input line 169.

(pdftex.def)             Requested size: 220.76329pt x 223.96277pt.


pdfTeX warning: /usr/bin/pdflatex (file ./Imagens/Cap5/cav2d_vel.pdf): PDF incl
usion: found PDF version <1.7>, but at most version <1.5> allowed
<Imagens/Cap5/cav2d_vel.pdf, id=13765, 277.51682pt x 156.10321pt>
File: Imagens/Cap5/cav2d_vel.pdf Graphic file (type pdf)
<use Imagens/Cap5/cav2d_vel.pdf>
Package pdftex.def Info: Imagens/Cap5/cav2d_vel.pdf  used on input line 177.
(pdftex.def)             Requested size: 177.27141pt x 212.81474pt.


pdfTeX warning: /usr/bin/pdflatex (file ./Imagens/Cap5/cav2d_press.pdf): PDF in
clusion: found PDF version <1.7>, but at most version <1.5> allowed
<Imagens/Cap5/cav2d_press.pdf, id=13767, 277.51682pt x 156.10321pt>
File: Imagens/Cap5/cav2d_press.pdf Graphic file (type pdf)
<use Imagens/Cap5/cav2d_press.pdf>
Package pdftex.def Info: Imagens/Cap5/cav2d_press.pdf  used on input line 178.
(pdftex.def)             Requested size: 177.27141pt x 217.08289pt.

Underfull \vbox (badness 3919) has occurred while \output is active []

File: USPSC-TA-PreTextual/SET-CapaContraCapa/CapaDoutorado.png Graphic file (ty
pe png)
<use USPSC-TA-PreTextual/SET-CapaContraCapa/CapaDoutorado.png>
Package pdftex.def Info: USPSC-TA-PreTextual/SET-CapaContraCapa/CapaDoutorado.p
ng  used on input line 185.
(pdftex.def)             Requested size: 597.50426pt x 845.02924pt.
File: USPSC-TA-PreTextual/SET-CapaContraCapa/PaginaBranco/PaginaEmBranco.jpg Gr
aphic file (type jpg)
<use USPSC-TA-PreTextual/SET-CapaContraCapa/PaginaBranco/PaginaEmBranco.jpg>
Package pdftex.def Info: USPSC-TA-PreTextual/SET-CapaContraCapa/PaginaBranco/Pa
ginaEmBranco.jpg  used on input line 185.
(pdftex.def)             Requested size: 597.4945pt x 845.07095pt.
 [143 <./Imagens/Cap5/cav2d_perfil.pdf> <./Imagens/Cap5/cav2d_vel.pdf> <./Image
ns/Cap5/cav2d_press.pdf>]

pdfTeX warning: /usr/bin/pdflatex (file ./Imagens/Cap5/aerofolio_malha.pdf): PD
F inclusion: found PDF version <1.7>, but at most version <1.5> allowed
<Imagens/Cap5/aerofolio_malha.pdf, id=13822, 277.51682pt x 156.10321pt>
File: Imagens/Cap5/aerofolio_malha.pdf Graphic file (type pdf)
<use Imagens/Cap5/aerofolio_malha.pdf>
Package pdftex.def Info: Imagens/Cap5/aerofolio_malha.pdf  used on input line 1
91.
(pdftex.def)             Requested size: 416.27419pt x 208.54662pt.


pdfTeX warning: /usr/bin/pdflatex (file ./Imagens/Cap5/aerofolio_vel.pdf): PDF 
inclusion: found PDF version <1.7>, but at most version <1.5> allowed
<Imagens/Cap5/aerofolio_vel.pdf, id=13826, 277.51682pt x 156.10321pt>
File: Imagens/Cap5/aerofolio_vel.pdf Graphic file (type pdf)
<use Imagens/Cap5/aerofolio_vel.pdf>
Package pdftex.def Info: Imagens/Cap5/aerofolio_vel.pdf  used on input line 201
.
(pdftex.def)             Requested size: 245.55812pt x 191.47527pt.


pdfTeX warning: /usr/bin/pdflatex (file ./Imagens/Cap5/aerofolio_press.pdf): PD
F inclusion: found PDF version <1.7>, but at most version <1.5> allowed
<Imagens/Cap5/aerofolio_press.pdf, id=13828, 277.51682pt x 156.10321pt>
File: Imagens/Cap5/aerofolio_press.pdf Graphic file (type pdf)
<use Imagens/Cap5/aerofolio_press.pdf>
Package pdftex.def Info: Imagens/Cap5/aerofolio_press.pdf  used on input line 2
02.
(pdftex.def)             Requested size: 245.55812pt x 191.47527pt.
)
File: USPSC-TA-PreTextual/SET-CapaContraCapa/CapaDoutorado.png Graphic file (ty
pe png)
<use USPSC-TA-PreTextual/SET-CapaContraCapa/CapaDoutorado.png>
Package pdftex.def Info: USPSC-TA-PreTextual/SET-CapaContraCapa/CapaDoutorado.p
ng  used on input line 517.
(pdftex.def)             Requested size: 597.50426pt x 845.02924pt.
File: USPSC-TA-PreTextual/SET-CapaContraCapa/PaginaBranco/PaginaEmBranco.jpg Gr
aphic file (type jpg)
<use USPSC-TA-PreTextual/SET-CapaContraCapa/PaginaBranco/PaginaEmBranco.jpg>
Package pdftex.def Info: USPSC-TA-PreTextual/SET-CapaContraCapa/PaginaBranco/Pa
ginaEmBranco.jpg  used on input line 517.
(pdftex.def)             Requested size: 597.4945pt x 845.07095pt.
 [144 <./Imagens/Cap5/aerofolio_malha.pdf>]
File: USPSC-TA-PreTextual/SET-CapaContraCapa/CapaDoutorado.png Graphic file (ty
pe png)
<use USPSC-TA-PreTextual/SET-CapaContraCapa/CapaDoutorado.png>
Package pdftex.def Info: USPSC-TA-PreTextual/SET-CapaContraCapa/CapaDoutorado.p
ng  used on input line 517.
(pdftex.def)             Requested size: 597.50426pt x 845.02924pt.
File: USPSC-TA-PreTextual/SET-CapaContraCapa/PaginaBranco/PaginaEmBranco.jpg Gr
aphic file (type jpg)
<use USPSC-TA-PreTextual/SET-CapaContraCapa/PaginaBranco/PaginaEmBranco.jpg>
Package pdftex.def Info: USPSC-TA-PreTextual/SET-CapaContraCapa/PaginaBranco/Pa
ginaEmBranco.jpg  used on input line 517.
(pdftex.def)             Requested size: 597.4945pt x 845.07095pt.
 [145 <./Imagens/Cap5/aerofolio_vel.pdf> <./Imagens/Cap5/aerofolio_press.pdf>]
\openout2 = `Cap6.aux'.

 (./Cap6.tex
File: USPSC-TA-PreTextual/SET-CapaContraCapa/CapaDoutorado.png Graphic file (ty
pe png)
<use USPSC-TA-PreTextual/SET-CapaContraCapa/CapaDoutorado.png>
Package pdftex.def Info: USPSC-TA-PreTextual/SET-CapaContraCapa/CapaDoutorado.p
ng  used on input line 1.
(pdftex.def)             Requested size: 597.50426pt x 845.02924pt.
File: USPSC-TA-PreTextual/SET-CapaContraCapa/PaginaBranco/PaginaEmBranco.jpg Gr
aphic file (type jpg)
<use USPSC-TA-PreTextual/SET-CapaContraCapa/PaginaBranco/PaginaEmBranco.jpg>
Package pdftex.def Info: USPSC-TA-PreTextual/SET-CapaContraCapa/PaginaBranco/Pa
ginaEmBranco.jpg  used on input line 1.
(pdftex.def)             Requested size: 597.4945pt x 845.07095pt.
 [146




]

pdfTeX warning: /usr/bin/pdflatex (file ./Imagens/Cap6/dominioArlequin.pdf): PD
F inclusion: found PDF version <1.7>, but at most version <1.5> allowed
<Imagens/Cap6/dominioArlequin.pdf, id=13871, 182.24277pt x 88.7982pt>
File: Imagens/Cap6/dominioArlequin.pdf Graphic file (type pdf)
<use Imagens/Cap6/dominioArlequin.pdf>
Package pdftex.def Info: Imagens/Cap6/dominioArlequin.pdf  used on input line 3
1.
(pdftex.def)             Requested size: 273.36346pt x 133.19696pt.
File: USPSC-TA-PreTextual/SET-CapaContraCapa/CapaDoutorado.png Graphic file (ty
pe png)
<use USPSC-TA-PreTextual/SET-CapaContraCapa/CapaDoutorado.png>
Package pdftex.def Info: USPSC-TA-PreTextual/SET-CapaContraCapa/CapaDoutorado.p
ng  used on input line 35.
(pdftex.def)             Requested size: 597.50426pt x 845.02924pt.
File: USPSC-TA-PreTextual/SET-CapaContraCapa/PaginaBranco/PaginaEmBranco.jpg Gr
aphic file (type jpg)
<use USPSC-TA-PreTextual/SET-CapaContraCapa/PaginaBranco/PaginaEmBranco.jpg>
Package pdftex.def Info: USPSC-TA-PreTextual/SET-CapaContraCapa/PaginaBranco/Pa
ginaEmBranco.jpg  used on input line 35.
(pdftex.def)             Requested size: 597.4945pt x 845.07095pt.
[147]
File: USPSC-TA-PreTextual/SET-CapaContraCapa/CapaDoutorado.png Graphic file (ty
pe png)
<use USPSC-TA-PreTextual/SET-CapaContraCapa/CapaDoutorado.png>
Package pdftex.def Info: USPSC-TA-PreTextual/SET-CapaContraCapa/CapaDoutorado.p
ng  used on input line 49.
(pdftex.def)             Requested size: 597.50426pt x 845.02924pt.
File: USPSC-TA-PreTextual/SET-CapaContraCapa/PaginaBranco/PaginaEmBranco.jpg Gr
aphic file (type jpg)
<use USPSC-TA-PreTextual/SET-CapaContraCapa/PaginaBranco/PaginaEmBranco.jpg>
Package pdftex.def Info: USPSC-TA-PreTextual/SET-CapaContraCapa/PaginaBranco/Pa
ginaEmBranco.jpg  used on input line 49.
(pdftex.def)             Requested size: 597.4945pt x 845.07095pt.
 [148 <./Imagens/Cap6/dominioArlequin.pdf>]

LaTeX Warning: Command \textbackslash invalid in math mode on input line 55.


LaTeX Warning: Command \textbackslash invalid in math mode on input line 55.



pdfTeX warning: /usr/bin/pdflatex (file ./Imagens/Cap6/funcPondArlq.pdf): PDF i
nclusion: found PDF version <1.7>, but at most version <1.5> allowed
<Imagens/Cap6/funcPondArlq.pdf, id=13914, 645.6084pt x 278.63377pt>
File: Imagens/Cap6/funcPondArlq.pdf Graphic file (type pdf)
<use Imagens/Cap6/funcPondArlq.pdf>
Package pdftex.def Info: Imagens/Cap6/funcPondArlq.pdf  used on input line 61.
(pdftex.def)             Requested size: 387.36803pt x 167.18155pt.
File: USPSC-TA-PreTextual/SET-CapaContraCapa/CapaDoutorado.png Graphic file (ty
pe png)
<use USPSC-TA-PreTextual/SET-CapaContraCapa/CapaDoutorado.png>
Package pdftex.def Info: USPSC-TA-PreTextual/SET-CapaContraCapa/CapaDoutorado.p
ng  used on input line 78.
(pdftex.def)             Requested size: 597.50426pt x 845.02924pt.
File: USPSC-TA-PreTextual/SET-CapaContraCapa/PaginaBranco/PaginaEmBranco.jpg Gr
aphic file (type jpg)
<use USPSC-TA-PreTextual/SET-CapaContraCapa/PaginaBranco/PaginaEmBranco.jpg>
Package pdftex.def Info: USPSC-TA-PreTextual/SET-CapaContraCapa/PaginaBranco/Pa
ginaEmBranco.jpg  used on input line 78.
(pdftex.def)             Requested size: 597.4945pt x 845.07095pt.
[149 <./Imagens/Cap6/funcPondArlq.pdf>]
File: USPSC-TA-PreTextual/SET-CapaContraCapa/CapaDoutorado.png Graphic file (ty
pe png)
<use USPSC-TA-PreTextual/SET-CapaContraCapa/CapaDoutorado.png>
Package pdftex.def Info: USPSC-TA-PreTextual/SET-CapaContraCapa/CapaDoutorado.p
ng  used on input line 102.
(pdftex.def)             Requested size: 597.50426pt x 845.02924pt.
File: USPSC-TA-PreTextual/SET-CapaContraCapa/PaginaBranco/PaginaEmBranco.jpg Gr
aphic file (type jpg)
<use USPSC-TA-PreTextual/SET-CapaContraCapa/PaginaBranco/PaginaEmBranco.jpg>
Package pdftex.def Info: USPSC-TA-PreTextual/SET-CapaContraCapa/PaginaBranco/Pa
ginaEmBranco.jpg  used on input line 102.
(pdftex.def)             Requested size: 597.4945pt x 845.07095pt.
 [150]
File: USPSC-TA-PreTextual/SET-CapaContraCapa/CapaDoutorado.png Graphic file (ty
pe png)
<use USPSC-TA-PreTextual/SET-CapaContraCapa/CapaDoutorado.png>
Package pdftex.def Info: USPSC-TA-PreTextual/SET-CapaContraCapa/CapaDoutorado.p
ng  used on input line 163.
(pdftex.def)             Requested size: 597.50426pt x 845.02924pt.
File: USPSC-TA-PreTextual/SET-CapaContraCapa/PaginaBranco/PaginaEmBranco.jpg Gr
aphic file (type jpg)
<use USPSC-TA-PreTextual/SET-CapaContraCapa/PaginaBranco/PaginaEmBranco.jpg>
Package pdftex.def Info: USPSC-TA-PreTextual/SET-CapaContraCapa/PaginaBranco/Pa
ginaEmBranco.jpg  used on input line 163.
(pdftex.def)             Requested size: 597.4945pt x 845.07095pt.
 [151]
File: USPSC-TA-PreTextual/SET-CapaContraCapa/CapaDoutorado.png Graphic file (ty
pe png)
<use USPSC-TA-PreTextual/SET-CapaContraCapa/CapaDoutorado.png>
Package pdftex.def Info: USPSC-TA-PreTextual/SET-CapaContraCapa/CapaDoutorado.p
ng  used on input line 182.
(pdftex.def)             Requested size: 597.50426pt x 845.02924pt.
File: USPSC-TA-PreTextual/SET-CapaContraCapa/PaginaBranco/PaginaEmBranco.jpg Gr
aphic file (type jpg)
<use USPSC-TA-PreTextual/SET-CapaContraCapa/PaginaBranco/PaginaEmBranco.jpg>
Package pdftex.def Info: USPSC-TA-PreTextual/SET-CapaContraCapa/PaginaBranco/Pa
ginaEmBranco.jpg  used on input line 182.
(pdftex.def)             Requested size: 597.4945pt x 845.07095pt.
 [152]
File: USPSC-TA-PreTextual/SET-CapaContraCapa/CapaDoutorado.png Graphic file (ty
pe png)
<use USPSC-TA-PreTextual/SET-CapaContraCapa/CapaDoutorado.png>
Package pdftex.def Info: USPSC-TA-PreTextual/SET-CapaContraCapa/CapaDoutorado.p
ng  used on input line 257.
(pdftex.def)             Requested size: 597.50426pt x 845.02924pt.
File: USPSC-TA-PreTextual/SET-CapaContraCapa/PaginaBranco/PaginaEmBranco.jpg Gr
aphic file (type jpg)
<use USPSC-TA-PreTextual/SET-CapaContraCapa/PaginaBranco/PaginaEmBranco.jpg>
Package pdftex.def Info: USPSC-TA-PreTextual/SET-CapaContraCapa/PaginaBranco/Pa
ginaEmBranco.jpg  used on input line 257.
(pdftex.def)             Requested size: 597.4945pt x 845.07095pt.
 [153]
File: USPSC-TA-PreTextual/SET-CapaContraCapa/CapaDoutorado.png Graphic file (ty
pe png)
<use USPSC-TA-PreTextual/SET-CapaContraCapa/CapaDoutorado.png>
Package pdftex.def Info: USPSC-TA-PreTextual/SET-CapaContraCapa/CapaDoutorado.p
ng  used on input line 288.
(pdftex.def)             Requested size: 597.50426pt x 845.02924pt.
File: USPSC-TA-PreTextual/SET-CapaContraCapa/PaginaBranco/PaginaEmBranco.jpg Gr
aphic file (type jpg)
<use USPSC-TA-PreTextual/SET-CapaContraCapa/PaginaBranco/PaginaEmBranco.jpg>
Package pdftex.def Info: USPSC-TA-PreTextual/SET-CapaContraCapa/PaginaBranco/Pa
ginaEmBranco.jpg  used on input line 288.
(pdftex.def)             Requested size: 597.4945pt x 845.07095pt.
 [154]
File: USPSC-TA-PreTextual/SET-CapaContraCapa/CapaDoutorado.png Graphic file (ty
pe png)
<use USPSC-TA-PreTextual/SET-CapaContraCapa/CapaDoutorado.png>
Package pdftex.def Info: USPSC-TA-PreTextual/SET-CapaContraCapa/CapaDoutorado.p
ng  used on input line 330.
(pdftex.def)             Requested size: 597.50426pt x 845.02924pt.
File: USPSC-TA-PreTextual/SET-CapaContraCapa/PaginaBranco/PaginaEmBranco.jpg Gr
aphic file (type jpg)
<use USPSC-TA-PreTextual/SET-CapaContraCapa/PaginaBranco/PaginaEmBranco.jpg>
Package pdftex.def Info: USPSC-TA-PreTextual/SET-CapaContraCapa/PaginaBranco/Pa
ginaEmBranco.jpg  used on input line 330.
(pdftex.def)             Requested size: 597.4945pt x 845.07095pt.
 [155]
File: USPSC-TA-PreTextual/SET-CapaContraCapa/CapaDoutorado.png Graphic file (ty
pe png)
<use USPSC-TA-PreTextual/SET-CapaContraCapa/CapaDoutorado.png>
Package pdftex.def Info: USPSC-TA-PreTextual/SET-CapaContraCapa/CapaDoutorado.p
ng  used on input line 377.
(pdftex.def)             Requested size: 597.50426pt x 845.02924pt.
File: USPSC-TA-PreTextual/SET-CapaContraCapa/PaginaBranco/PaginaEmBranco.jpg Gr
aphic file (type jpg)
<use USPSC-TA-PreTextual/SET-CapaContraCapa/PaginaBranco/PaginaEmBranco.jpg>
Package pdftex.def Info: USPSC-TA-PreTextual/SET-CapaContraCapa/PaginaBranco/Pa
ginaEmBranco.jpg  used on input line 377.
(pdftex.def)             Requested size: 597.4945pt x 845.07095pt.

[156]
File: USPSC-TA-PreTextual/SET-CapaContraCapa/CapaDoutorado.png Graphic file (ty
pe png)
<use USPSC-TA-PreTextual/SET-CapaContraCapa/CapaDoutorado.png>
Package pdftex.def Info: USPSC-TA-PreTextual/SET-CapaContraCapa/CapaDoutorado.p
ng  used on input line 415.
(pdftex.def)             Requested size: 597.50426pt x 845.02924pt.
File: USPSC-TA-PreTextual/SET-CapaContraCapa/PaginaBranco/PaginaEmBranco.jpg Gr
aphic file (type jpg)
<use USPSC-TA-PreTextual/SET-CapaContraCapa/PaginaBranco/PaginaEmBranco.jpg>
Package pdftex.def Info: USPSC-TA-PreTextual/SET-CapaContraCapa/PaginaBranco/Pa
ginaEmBranco.jpg  used on input line 415.
(pdftex.def)             Requested size: 597.4945pt x 845.07095pt.
 [157]
File: USPSC-TA-PreTextual/SET-CapaContraCapa/CapaDoutorado.png Graphic file (ty
pe png)
<use USPSC-TA-PreTextual/SET-CapaContraCapa/CapaDoutorado.png>
Package pdftex.def Info: USPSC-TA-PreTextual/SET-CapaContraCapa/CapaDoutorado.p
ng  used on input line 460.
(pdftex.def)             Requested size: 597.50426pt x 845.02924pt.
File: USPSC-TA-PreTextual/SET-CapaContraCapa/PaginaBranco/PaginaEmBranco.jpg Gr
aphic file (type jpg)
<use USPSC-TA-PreTextual/SET-CapaContraCapa/PaginaBranco/PaginaEmBranco.jpg>
Package pdftex.def Info: USPSC-TA-PreTextual/SET-CapaContraCapa/PaginaBranco/Pa
ginaEmBranco.jpg  used on input line 460.
(pdftex.def)             Requested size: 597.4945pt x 845.07095pt.
 [158]

pdfTeX warning: /usr/bin/pdflatex (file ./Imagens/Cap6/dominioArlequinMovel.pdf
): PDF inclusion: found PDF version <1.7>, but at most version <1.5> allowed
<Imagens/Cap6/dominioArlequinMovel.pdf, id=14084, 279.08388pt x 146.06099pt>
File: Imagens/Cap6/dominioArlequinMovel.pdf Graphic file (type pdf)
<use Imagens/Cap6/dominioArlequinMovel.pdf>
Package pdftex.def Info: Imagens/Cap6/dominioArlequinMovel.pdf  used on input l
ine 464.
(pdftex.def)             Requested size: 418.62479pt x 219.09093pt.
File: USPSC-TA-PreTextual/SET-CapaContraCapa/CapaDoutorado.png Graphic file (ty
pe png)
<use USPSC-TA-PreTextual/SET-CapaContraCapa/CapaDoutorado.png>
Package pdftex.def Info: USPSC-TA-PreTextual/SET-CapaContraCapa/CapaDoutorado.p
ng  used on input line 487.
(pdftex.def)             Requested size: 597.50426pt x 845.02924pt.
File: USPSC-TA-PreTextual/SET-CapaContraCapa/PaginaBranco/PaginaEmBranco.jpg Gr
aphic file (type jpg)
<use USPSC-TA-PreTextual/SET-CapaContraCapa/PaginaBranco/PaginaEmBranco.jpg>
Package pdftex.def Info: USPSC-TA-PreTextual/SET-CapaContraCapa/PaginaBranco/Pa
ginaEmBranco.jpg  used on input line 487.
(pdftex.def)             Requested size: 597.4945pt x 845.07095pt.
[159 <./Imagens/Cap6/dominioArlequinMovel.pdf>]
File: USPSC-TA-PreTextual/SET-CapaContraCapa/CapaDoutorado.png Graphic file (ty
pe png)
<use USPSC-TA-PreTextual/SET-CapaContraCapa/CapaDoutorado.png>
Package pdftex.def Info: USPSC-TA-PreTextual/SET-CapaContraCapa/CapaDoutorado.p
ng  used on input line 506.
(pdftex.def)             Requested size: 597.50426pt x 845.02924pt.
File: USPSC-TA-PreTextual/SET-CapaContraCapa/PaginaBranco/PaginaEmBranco.jpg Gr
aphic file (type jpg)
<use USPSC-TA-PreTextual/SET-CapaContraCapa/PaginaBranco/PaginaEmBranco.jpg>
Package pdftex.def Info: USPSC-TA-PreTextual/SET-CapaContraCapa/PaginaBranco/Pa
ginaEmBranco.jpg  used on input line 506.
(pdftex.def)             Requested size: 597.4945pt x 845.07095pt.
 [160]
Underfull \vbox (badness 10000) has occurred while \output is active []

File: USPSC-TA-PreTextual/SET-CapaContraCapa/CapaDoutorado.png Graphic file (ty
pe png)
<use USPSC-TA-PreTextual/SET-CapaContraCapa/CapaDoutorado.png>
Package pdftex.def Info: USPSC-TA-PreTextual/SET-CapaContraCapa/CapaDoutorado.p
ng  used on input line 544.
(pdftex.def)             Requested size: 597.50426pt x 845.02924pt.
File: USPSC-TA-PreTextual/SET-CapaContraCapa/PaginaBranco/PaginaEmBranco.jpg Gr
aphic file (type jpg)
<use USPSC-TA-PreTextual/SET-CapaContraCapa/PaginaBranco/PaginaEmBranco.jpg>
Package pdftex.def Info: USPSC-TA-PreTextual/SET-CapaContraCapa/PaginaBranco/Pa
ginaEmBranco.jpg  used on input line 544.
(pdftex.def)             Requested size: 597.4945pt x 845.07095pt.
 [161]

pdfTeX warning: /usr/bin/pdflatex (file ./Imagens/Cap6/aerofolio_geometria.pdf)
: PDF inclusion: found PDF version <1.7>, but at most version <1.5> allowed
<Imagens/Cap6/aerofolio_geometria.pdf, id=14166, 334.8314pt x 173.83626pt>
File: Imagens/Cap6/aerofolio_geometria.pdf Graphic file (type pdf)
<use Imagens/Cap6/aerofolio_geometria.pdf>
Package pdftex.def Info: Imagens/Cap6/aerofolio_geometria.pdf  used on input li
ne 552.
(pdftex.def)             Requested size: 301.34547pt x 156.45117pt.
File: USPSC-TA-PreTextual/SET-CapaContraCapa/CapaDoutorado.png Graphic file (ty
pe png)
<use USPSC-TA-PreTextual/SET-CapaContraCapa/CapaDoutorado.png>
Package pdftex.def Info: USPSC-TA-PreTextual/SET-CapaContraCapa/CapaDoutorado.p
ng  used on input line 562.
(pdftex.def)             Requested size: 597.50426pt x 845.02924pt.
File: USPSC-TA-PreTextual/SET-CapaContraCapa/PaginaBranco/PaginaEmBranco.jpg Gr
aphic file (type jpg)
<use USPSC-TA-PreTextual/SET-CapaContraCapa/PaginaBranco/PaginaEmBranco.jpg>
Package pdftex.def Info: USPSC-TA-PreTextual/SET-CapaContraCapa/PaginaBranco/Pa
ginaEmBranco.jpg  used on input line 562.
(pdftex.def)             Requested size: 597.4945pt x 845.07095pt.
[162 <./Imagens/Cap6/aerofolio_geometria.pdf>]
<Imagens/Cap6/aerofolio_malhaMonoFEM.pdf, id=14188, 144.54pt x 108.405pt>
File: Imagens/Cap6/aerofolio_malhaMonoFEM.pdf Graphic file (type pdf)
<use Imagens/Cap6/aerofolio_malhaMonoFEM.pdf>
Package pdftex.def Info: Imagens/Cap6/aerofolio_malhaMonoFEM.pdf  used on input
 line 566.
(pdftex.def)             Requested size: 361.34906pt x 142.97565pt.
<Imagens/Cap6/aerofolio_malhaArlequin.pdf, id=14190, 144.54pt x 108.405pt>
File: Imagens/Cap6/aerofolio_malhaArlequin.pdf Graphic file (type pdf)
<use Imagens/Cap6/aerofolio_malhaArlequin.pdf>
Package pdftex.def Info: Imagens/Cap6/aerofolio_malhaArlequin.pdf  used on inpu
t line 574.
(pdftex.def)             Requested size: 433.61888pt x 171.56946pt.
<Imagens/Cap6/aerofolio_detalheLocal.pdf, id=14192, 143.95584pt x 107.60687pt>
File: Imagens/Cap6/aerofolio_detalheLocal.pdf Graphic file (type pdf)
<use Imagens/Cap6/aerofolio_detalheLocal.pdf>
Package pdftex.def Info: Imagens/Cap6/aerofolio_detalheLocal.pdf  used on input
 line 575.
(pdftex.def)             Requested size: 172.74612pt x 129.12758pt.
File: USPSC-TA-PreTextual/SET-CapaContraCapa/CapaDoutorado.png Graphic file (ty
pe png)
<use USPSC-TA-PreTextual/SET-CapaContraCapa/CapaDoutorado.png>
Package pdftex.def Info: USPSC-TA-PreTextual/SET-CapaContraCapa/CapaDoutorado.p
ng  used on input line 581.
(pdftex.def)             Requested size: 597.50426pt x 845.02924pt.
File: USPSC-TA-PreTextual/SET-CapaContraCapa/PaginaBranco/PaginaEmBranco.jpg Gr
aphic file (type jpg)
<use USPSC-TA-PreTextual/SET-CapaContraCapa/PaginaBranco/PaginaEmBranco.jpg>
Package pdftex.def Info: USPSC-TA-PreTextual/SET-CapaContraCapa/PaginaBranco/Pa
ginaEmBranco.jpg  used on input line 581.
(pdftex.def)             Requested size: 597.4945pt x 845.07095pt.
 [163 <./Imagens/Cap6/aerofolio_malhaMonoFEM.pdf> <./Imagens/Cap6/aerofolio_mal
haArlequin.pdf> <./Imagens/Cap6/aerofolio_detalheLocal.pdf>]
Package epstopdf Info: Source file: <Imagens/Cap6/aerofolio_CD.eps>
(epstopdf)                    date: 2025-02-26 08:36:08
(epstopdf)                    size: 35709 bytes
(epstopdf)             Output file: <Imagens/Cap6/aerofolio_CD-eps-converted-to
.pdf>
(epstopdf)                    date: 2025-04-24 14:17:50
(epstopdf)                    size: 14245 bytes
(epstopdf)             Command: <repstopdf --outfile=Imagens/Cap6/aerofolio_CD-
eps-converted-to.pdf Imagens/Cap6/aerofolio_CD.eps>
(epstopdf)             \includegraphics on input line 587.
Package epstopdf Info: Output file is already uptodate.
<Imagens/Cap6/aerofolio_CD-eps-converted-to.pdf, id=14236, 397.485pt x 255.9562
5pt>
File: Imagens/Cap6/aerofolio_CD-eps-converted-to.pdf Graphic file (type pdf)
<use Imagens/Cap6/aerofolio_CD-eps-converted-to.pdf>
Package pdftex.def Info: Imagens/Cap6/aerofolio_CD-eps-converted-to.pdf  used o
n input line 587.
(pdftex.def)             Requested size: 317.98842pt x 204.76526pt.
Package epstopdf Info: Source file: <Imagens/Cap6/aerofolio_CL.eps>
(epstopdf)                    date: 2025-02-26 08:36:08
(epstopdf)                    size: 35478 bytes
(epstopdf)             Output file: <Imagens/Cap6/aerofolio_CL-eps-converted-to
.pdf>
(epstopdf)                    date: 2025-04-24 14:17:50
(epstopdf)                    size: 14359 bytes
(epstopdf)             Command: <repstopdf --outfile=Imagens/Cap6/aerofolio_CL-
eps-converted-to.pdf Imagens/Cap6/aerofolio_CL.eps>
(epstopdf)             \includegraphics on input line 595.
Package epstopdf Info: Output file is already uptodate.
<Imagens/Cap6/aerofolio_CL-eps-converted-to.pdf, id=14238, 397.485pt x 255.9562
5pt>
File: Imagens/Cap6/aerofolio_CL-eps-converted-to.pdf Graphic file (type pdf)
<use Imagens/Cap6/aerofolio_CL-eps-converted-to.pdf>
Package pdftex.def Info: Imagens/Cap6/aerofolio_CL-eps-converted-to.pdf  used o
n input line 595.
(pdftex.def)             Requested size: 317.98842pt x 204.76526pt.


pdfTeX warning: /usr/bin/pdflatex (file ./Imagens/Cap6/aerofolio_velTn.pdf): PD
F inclusion: found PDF version <1.7>, but at most version <1.5> allowed
<Imagens/Cap6/aerofolio_velTn.pdf, id=14242, 1445.4pt x 1084.05pt>
File: Imagens/Cap6/aerofolio_velTn.pdf Graphic file (type pdf)
<use Imagens/Cap6/aerofolio_velTn.pdf>
Package pdftex.def Info: Imagens/Cap6/aerofolio_velTn.pdf  used on input line 6
05.
(pdftex.def)             Requested size: 187.9086pt x 111.33954pt.


pdfTeX warning: /usr/bin/pdflatex (file ./Imagens/Cap6/aerofolio_velTn4.pdf): P
DF inclusion: found PDF version <1.7>, but at most version <1.5> allowed
<Imagens/Cap6/aerofolio_velTn4.pdf, id=14244, 1445.4pt x 1084.05pt>
File: Imagens/Cap6/aerofolio_velTn4.pdf Graphic file (type pdf)
<use Imagens/Cap6/aerofolio_velTn4.pdf>
Package pdftex.def Info: Imagens/Cap6/aerofolio_velTn4.pdf  used on input line 
606.
(pdftex.def)             Requested size: 187.9086pt x 111.33954pt.


pdfTeX warning: /usr/bin/pdflatex (file ./Imagens/Cap6/aerofolio_velTn2.pdf): P
DF inclusion: found PDF version <1.7>, but at most version <1.5> allowed
<Imagens/Cap6/aerofolio_velTn2.pdf, id=14246, 1445.4pt x 1084.05pt>
File: Imagens/Cap6/aerofolio_velTn2.pdf Graphic file (type pdf)
<use Imagens/Cap6/aerofolio_velTn2.pdf>
Package pdftex.def Info: Imagens/Cap6/aerofolio_velTn2.pdf  used on input line 
607.
(pdftex.def)             Requested size: 187.9086pt x 111.33954pt.


pdfTeX warning: /usr/bin/pdflatex (file ./Imagens/Cap6/aerofolio_velTn34.pdf): 
PDF inclusion: found PDF version <1.7>, but at most version <1.5> allowed
<Imagens/Cap6/aerofolio_velTn34.pdf, id=14248, 1445.4pt x 1084.05pt>
File: Imagens/Cap6/aerofolio_velTn34.pdf Graphic file (type pdf)
<use Imagens/Cap6/aerofolio_velTn34.pdf>
Package pdftex.def Info: Imagens/Cap6/aerofolio_velTn34.pdf  used on input line
 608.
(pdftex.def)             Requested size: 187.9086pt x 111.33954pt.
<Imagens/Cap6/aerofolio_velLegenda.png, id=14250, 462.72874pt x 115.43124pt>
File: Imagens/Cap6/aerofolio_velLegenda.png Graphic file (type png)
<use Imagens/Cap6/aerofolio_velLegenda.png>
Package pdftex.def Info: Imagens/Cap6/aerofolio_velLegenda.png  used on input l
ine 609.
(pdftex.def)             Requested size: 185.08821pt x 43.89554pt.


pdfTeX warning: /usr/bin/pdflatex (file ./Imagens/Cap6/aerofolio_pressTn.pdf): 
PDF inclusion: found PDF version <1.7>, but at most version <1.5> allowed
<Imagens/Cap6/aerofolio_pressTn.pdf, id=14253, 1445.4pt x 1084.05pt>
File: Imagens/Cap6/aerofolio_pressTn.pdf Graphic file (type pdf)
<use Imagens/Cap6/aerofolio_pressTn.pdf>
Package pdftex.def Info: Imagens/Cap6/aerofolio_pressTn.pdf  used on input line
 617.
(pdftex.def)             Requested size: 187.9086pt x 111.33954pt.


pdfTeX warning: /usr/bin/pdflatex (file ./Imagens/Cap6/aerofolio_pressTn4.pdf):
 PDF inclusion: found PDF version <1.7>, but at most version <1.5> allowed
<Imagens/Cap6/aerofolio_pressTn4.pdf, id=14255, 1445.4pt x 1084.05pt>
File: Imagens/Cap6/aerofolio_pressTn4.pdf Graphic file (type pdf)
<use Imagens/Cap6/aerofolio_pressTn4.pdf>
Package pdftex.def Info: Imagens/Cap6/aerofolio_pressTn4.pdf  used on input lin
e 618.
(pdftex.def)             Requested size: 187.9086pt x 111.33954pt.


pdfTeX warning: /usr/bin/pdflatex (file ./Imagens/Cap6/aerofolio_pressTn2.pdf):
 PDF inclusion: found PDF version <1.7>, but at most version <1.5> allowed
<Imagens/Cap6/aerofolio_pressTn2.pdf, id=14257, 1445.4pt x 1084.05pt>
File: Imagens/Cap6/aerofolio_pressTn2.pdf Graphic file (type pdf)
<use Imagens/Cap6/aerofolio_pressTn2.pdf>
Package pdftex.def Info: Imagens/Cap6/aerofolio_pressTn2.pdf  used on input lin
e 619.
(pdftex.def)             Requested size: 187.9086pt x 111.33954pt.


pdfTeX warning: /usr/bin/pdflatex (file ./Imagens/Cap6/aerofolio_pressTn34.pdf)
: PDF inclusion: found PDF version <1.7>, but at most version <1.5> allowed
<Imagens/Cap6/aerofolio_pressTn34.pdf, id=14259, 1445.4pt x 1084.05pt>
File: Imagens/Cap6/aerofolio_pressTn34.pdf Graphic file (type pdf)
<use Imagens/Cap6/aerofolio_pressTn34.pdf>
Package pdftex.def Info: Imagens/Cap6/aerofolio_pressTn34.pdf  used on input li
ne 620.
(pdftex.def)             Requested size: 187.9086pt x 111.33954pt.
<Imagens/Cap6/aerofolio_pressLegenda.png, id=14261, 443.6575pt x 151.56625pt>
File: Imagens/Cap6/aerofolio_pressLegenda.png Graphic file (type png)
<use Imagens/Cap6/aerofolio_pressLegenda.png>
Package pdftex.def Info: Imagens/Cap6/aerofolio_pressLegenda.png  used on input
 line 621.
(pdftex.def)             Requested size: 177.45984pt x 51.52066pt.
File: USPSC-TA-PreTextual/SET-CapaContraCapa/CapaDoutorado.png Graphic file (ty
pe png)
<use USPSC-TA-PreTextual/SET-CapaContraCapa/CapaDoutorado.png>
Package pdftex.def Info: USPSC-TA-PreTextual/SET-CapaContraCapa/CapaDoutorado.p
ng  used on input line 629.
(pdftex.def)             Requested size: 597.50426pt x 845.02924pt.
File: USPSC-TA-PreTextual/SET-CapaContraCapa/PaginaBranco/PaginaEmBranco.jpg Gr
aphic file (type jpg)
<use USPSC-TA-PreTextual/SET-CapaContraCapa/PaginaBranco/PaginaEmBranco.jpg>
Package pdftex.def Info: USPSC-TA-PreTextual/SET-CapaContraCapa/PaginaBranco/Pa
ginaEmBranco.jpg  used on input line 629.
(pdftex.def)             Requested size: 597.4945pt x 845.07095pt.
[164 <./Imagens/Cap6/aerofolio_CD-eps-converted-to.pdf> <./Imagens/Cap6/aerofol
io_CL-eps-converted-to.pdf>]

pdfTeX warning: /usr/bin/pdflatex (file ./Imagens/Cap6/aerofolioMov_geometria.p
df): PDF inclusion: found PDF version <1.7>, but at most version <1.5> allowed
<Imagens/Cap6/aerofolioMov_geometria.pdf, id=14291, 151.24002pt x 76.11537pt>
File: Imagens/Cap6/aerofolioMov_geometria.pdf Graphic file (type pdf)
<use Imagens/Cap6/aerofolioMov_geometria.pdf>
Package pdftex.def Info: Imagens/Cap6/aerofolioMov_geometria.pdf  used on input
 line 641.
(pdftex.def)             Requested size: 302.47928pt x 152.23035pt.
File: USPSC-TA-PreTextual/SET-CapaContraCapa/CapaDoutorado.png Graphic file (ty
pe png)
<use USPSC-TA-PreTextual/SET-CapaContraCapa/CapaDoutorado.png>
Package pdftex.def Info: USPSC-TA-PreTextual/SET-CapaContraCapa/CapaDoutorado.p
ng  used on input line 646.
(pdftex.def)             Requested size: 597.50426pt x 845.02924pt.
File: USPSC-TA-PreTextual/SET-CapaContraCapa/PaginaBranco/PaginaEmBranco.jpg Gr
aphic file (type jpg)
<use USPSC-TA-PreTextual/SET-CapaContraCapa/PaginaBranco/PaginaEmBranco.jpg>
Package pdftex.def Info: USPSC-TA-PreTextual/SET-CapaContraCapa/PaginaBranco/Pa
ginaEmBranco.jpg  used on input line 646.
(pdftex.def)             Requested size: 597.4945pt x 845.07095pt.
[165 <./Imagens/Cap6/aerofolio_velTn.pdf> <./Imagens/Cap6/aerofolio_velTn4.pdf>
 <./Imagens/Cap6/aerofolio_velTn2.pdf> <./Imagens/Cap6/aerofolio_velTn34.pdf> <
./Imagens/Cap6/aerofolio_velLegenda.png>]
File: USPSC-TA-PreTextual/SET-CapaContraCapa/CapaDoutorado.png Graphic file (ty
pe png)
<use USPSC-TA-PreTextual/SET-CapaContraCapa/CapaDoutorado.png>
Package pdftex.def Info: USPSC-TA-PreTextual/SET-CapaContraCapa/CapaDoutorado.p
ng  used on input line 646.
(pdftex.def)             Requested size: 597.50426pt x 845.02924pt.
File: USPSC-TA-PreTextual/SET-CapaContraCapa/PaginaBranco/PaginaEmBranco.jpg Gr
aphic file (type jpg)
<use USPSC-TA-PreTextual/SET-CapaContraCapa/PaginaBranco/PaginaEmBranco.jpg>
Package pdftex.def Info: USPSC-TA-PreTextual/SET-CapaContraCapa/PaginaBranco/Pa
ginaEmBranco.jpg  used on input line 646.
(pdftex.def)             Requested size: 597.4945pt x 845.07095pt.
 [166 <./Imagens/Cap6/aerofolio_pressTn.pdf> <./Imagens/Cap6/aerofolio_pressTn4
.pdf> <./Imagens/Cap6/aerofolio_pressTn2.pdf> <./Imagens/Cap6/aerofolio_pressTn
34.pdf> <./Imagens/Cap6/aerofolio_pressLegenda.png> <./Imagens/Cap6/aerofolioMo
v_geometria.pdf>]
Package epstopdf Info: Source file: <Imagens/Cap6/aerofolioMov_CD.eps>
(epstopdf)                    date: 2025-02-26 08:36:08
(epstopdf)                    size: 38847 bytes
(epstopdf)             Output file: <Imagens/Cap6/aerofolioMov_CD-eps-converted
-to.pdf>
(epstopdf)                    date: 2025-04-24 14:17:50
(epstopdf)                    size: 15241 bytes
(epstopdf)             Command: <repstopdf --outfile=Imagens/Cap6/aerofolioMov_
CD-eps-converted-to.pdf Imagens/Cap6/aerofolioMov_CD.eps>
(epstopdf)             \includegraphics on input line 658.
Package epstopdf Info: Output file is already uptodate.
<Imagens/Cap6/aerofolioMov_CD-eps-converted-to.pdf, id=14367, 397.485pt x 255.9
5625pt>
File: Imagens/Cap6/aerofolioMov_CD-eps-converted-to.pdf Graphic file (type pdf)

<use Imagens/Cap6/aerofolioMov_CD-eps-converted-to.pdf>
Package pdftex.def Info: Imagens/Cap6/aerofolioMov_CD-eps-converted-to.pdf  use
d on input line 658.
(pdftex.def)             Requested size: 317.98842pt x 204.76526pt.


pdfTeX warning: /usr/bin/pdflatex (file ./Imagens/Cap6/aerofolioMov_CL.pdf): PD
F inclusion: found PDF version <1.7>, but at most version <1.5> allowed
<Imagens/Cap6/aerofolioMov_CL.pdf, id=14369, 397.485pt x 255.95625pt>
File: Imagens/Cap6/aerofolioMov_CL.pdf Graphic file (type pdf)
<use Imagens/Cap6/aerofolioMov_CL.pdf>
Package pdftex.def Info: Imagens/Cap6/aerofolioMov_CL.pdf  used on input line 6
66.
(pdftex.def)             Requested size: 317.98842pt x 204.76526pt.


pdfTeX warning: /usr/bin/pdflatex (file ./Imagens/Cap6/aerofolioMov_vel400.pdf)
: PDF inclusion: found PDF version <1.7>, but at most version <1.5> allowed
<Imagens/Cap6/aerofolioMov_vel400.pdf, id=14373, 1445.4pt x 1084.05pt>
File: Imagens/Cap6/aerofolioMov_vel400.pdf Graphic file (type pdf)
<use Imagens/Cap6/aerofolioMov_vel400.pdf>
Package pdftex.def Info: Imagens/Cap6/aerofolioMov_vel400.pdf  used on input li
ne 676.
(pdftex.def)             Requested size: 187.9086pt x 140.93144pt.


pdfTeX warning: /usr/bin/pdflatex (file ./Imagens/Cap6/aerofolioMov_vel415.pdf)
: PDF inclusion: found PDF version <1.7>, but at most version <1.5> allowed
<Imagens/Cap6/aerofolioMov_vel415.pdf, id=14375, 1445.4pt x 1084.05pt>
File: Imagens/Cap6/aerofolioMov_vel415.pdf Graphic file (type pdf)
<use Imagens/Cap6/aerofolioMov_vel415.pdf>
Package pdftex.def Info: Imagens/Cap6/aerofolioMov_vel415.pdf  used on input li
ne 677.
(pdftex.def)             Requested size: 187.9086pt x 140.93144pt.


pdfTeX warning: /usr/bin/pdflatex (file ./Imagens/Cap6/aerofolioMov_vel425.pdf)
: PDF inclusion: found PDF version <1.7>, but at most version <1.5> allowed
<Imagens/Cap6/aerofolioMov_vel425.pdf, id=14377, 1445.4pt x 1084.05pt>
File: Imagens/Cap6/aerofolioMov_vel425.pdf Graphic file (type pdf)
<use Imagens/Cap6/aerofolioMov_vel425.pdf>
Package pdftex.def Info: Imagens/Cap6/aerofolioMov_vel425.pdf  used on input li
ne 678.
(pdftex.def)             Requested size: 187.9086pt x 140.93144pt.


pdfTeX warning: /usr/bin/pdflatex (file ./Imagens/Cap6/aerofolioMov_vel440.pdf)
: PDF inclusion: found PDF version <1.7>, but at most version <1.5> allowed
<Imagens/Cap6/aerofolioMov_vel440.pdf, id=14379, 1445.4pt x 1084.05pt>
File: Imagens/Cap6/aerofolioMov_vel440.pdf Graphic file (type pdf)
<use Imagens/Cap6/aerofolioMov_vel440.pdf>
Package pdftex.def Info: Imagens/Cap6/aerofolioMov_vel440.pdf  used on input li
ne 679.
(pdftex.def)             Requested size: 187.9086pt x 140.93144pt.


pdfTeX warning: /usr/bin/pdflatex (file ./Imagens/Cap6/aerofolioMov_press400.pd
f): PDF inclusion: found PDF version <1.7>, but at most version <1.5> allowed
<Imagens/Cap6/aerofolioMov_press400.pdf, id=14381, 1445.4pt x 1084.05pt>
File: Imagens/Cap6/aerofolioMov_press400.pdf Graphic file (type pdf)
<use Imagens/Cap6/aerofolioMov_press400.pdf>
Package pdftex.def Info: Imagens/Cap6/aerofolioMov_press400.pdf  used on input 
line 687.
(pdftex.def)             Requested size: 187.9086pt x 140.93144pt.


pdfTeX warning: /usr/bin/pdflatex (file ./Imagens/Cap6/aerofolioMov_press415.pd
f): PDF inclusion: found PDF version <1.7>, but at most version <1.5> allowed
<Imagens/Cap6/aerofolioMov_press415.pdf, id=14383, 1445.4pt x 1084.05pt>
File: Imagens/Cap6/aerofolioMov_press415.pdf Graphic file (type pdf)
<use Imagens/Cap6/aerofolioMov_press415.pdf>
Package pdftex.def Info: Imagens/Cap6/aerofolioMov_press415.pdf  used on input 
line 688.
(pdftex.def)             Requested size: 187.9086pt x 140.93144pt.


pdfTeX warning: /usr/bin/pdflatex (file ./Imagens/Cap6/aerofolioMov_press425.pd
f): PDF inclusion: found PDF version <1.7>, but at most version <1.5> allowed
<Imagens/Cap6/aerofolioMov_press425.pdf, id=14385, 1445.4pt x 1084.05pt>
File: Imagens/Cap6/aerofolioMov_press425.pdf Graphic file (type pdf)
<use Imagens/Cap6/aerofolioMov_press425.pdf>
Package pdftex.def Info: Imagens/Cap6/aerofolioMov_press425.pdf  used on input 
line 689.
(pdftex.def)             Requested size: 187.9086pt x 140.93144pt.


pdfTeX warning: /usr/bin/pdflatex (file ./Imagens/Cap6/aerofolioMov_press440.pd
f): PDF inclusion: found PDF version <1.7>, but at most version <1.5> allowed
<Imagens/Cap6/aerofolioMov_press440.pdf, id=14387, 1445.4pt x 1084.05pt>
File: Imagens/Cap6/aerofolioMov_press440.pdf Graphic file (type pdf)
<use Imagens/Cap6/aerofolioMov_press440.pdf>
Package pdftex.def Info: Imagens/Cap6/aerofolioMov_press440.pdf  used on input 
line 690.
(pdftex.def)             Requested size: 187.9086pt x 140.93144pt.
)
File: USPSC-TA-PreTextual/SET-CapaContraCapa/CapaDoutorado.png Graphic file (ty
pe png)
<use USPSC-TA-PreTextual/SET-CapaContraCapa/CapaDoutorado.png>
Package pdftex.def Info: USPSC-TA-PreTextual/SET-CapaContraCapa/CapaDoutorado.p
ng  used on input line 518.
(pdftex.def)             Requested size: 597.50426pt x 845.02924pt.
File: USPSC-TA-PreTextual/SET-CapaContraCapa/PaginaBranco/PaginaEmBranco.jpg Gr
aphic file (type jpg)
<use USPSC-TA-PreTextual/SET-CapaContraCapa/PaginaBranco/PaginaEmBranco.jpg>
Package pdftex.def Info: USPSC-TA-PreTextual/SET-CapaContraCapa/PaginaBranco/Pa
ginaEmBranco.jpg  used on input line 518.
(pdftex.def)             Requested size: 597.4945pt x 845.07095pt.
 [167 <./Imagens/Cap6/aerofolioMov_CD-eps-converted-to.pdf>]
File: USPSC-TA-PreTextual/SET-CapaContraCapa/CapaDoutorado.png Graphic file (ty
pe png)
<use USPSC-TA-PreTextual/SET-CapaContraCapa/CapaDoutorado.png>
Package pdftex.def Info: USPSC-TA-PreTextual/SET-CapaContraCapa/CapaDoutorado.p
ng  used on input line 518.
(pdftex.def)             Requested size: 597.50426pt x 845.02924pt.
File: USPSC-TA-PreTextual/SET-CapaContraCapa/PaginaBranco/PaginaEmBranco.jpg Gr
aphic file (type jpg)
<use USPSC-TA-PreTextual/SET-CapaContraCapa/PaginaBranco/PaginaEmBranco.jpg>
Package pdftex.def Info: USPSC-TA-PreTextual/SET-CapaContraCapa/PaginaBranco/Pa
ginaEmBranco.jpg  used on input line 518.
(pdftex.def)             Requested size: 597.4945pt x 845.07095pt.
 [168 <./Imagens/Cap6/aerofolioMov_CL.pdf> <./Imagens/Cap6/aerofolioMov_vel400.
pdf> <./Imagens/Cap6/aerofolioMov_vel415.pdf> <./Imagens/Cap6/aerofolioMov_vel4
25.pdf> <./Imagens/Cap6/aerofolioMov_vel440.pdf>]
File: USPSC-TA-PreTextual/SET-CapaContraCapa/CapaDoutorado.png Graphic file (ty
pe png)
<use USPSC-TA-PreTextual/SET-CapaContraCapa/CapaDoutorado.png>
Package pdftex.def Info: USPSC-TA-PreTextual/SET-CapaContraCapa/CapaDoutorado.p
ng  used on input line 518.
(pdftex.def)             Requested size: 597.50426pt x 845.02924pt.
File: USPSC-TA-PreTextual/SET-CapaContraCapa/PaginaBranco/PaginaEmBranco.jpg Gr
aphic file (type jpg)
<use USPSC-TA-PreTextual/SET-CapaContraCapa/PaginaBranco/PaginaEmBranco.jpg>
Package pdftex.def Info: USPSC-TA-PreTextual/SET-CapaContraCapa/PaginaBranco/Pa
ginaEmBranco.jpg  used on input line 518.
(pdftex.def)             Requested size: 597.4945pt x 845.07095pt.
 [169 <./Imagens/Cap6/aerofolioMov_press400.pdf> <./Imagens/Cap6/aerofolioMov_p
ress415.pdf> <./Imagens/Cap6/aerofolioMov_press425.pdf> <./Imagens/Cap6/aerofol
ioMov_press440.pdf>]
\openout2 = `Cap7.aux'.

 (./Cap7.tex
File: USPSC-TA-PreTextual/SET-CapaContraCapa/CapaDoutorado.png Graphic file (ty
pe png)
<use USPSC-TA-PreTextual/SET-CapaContraCapa/CapaDoutorado.png>
Package pdftex.def Info: USPSC-TA-PreTextual/SET-CapaContraCapa/CapaDoutorado.p
ng  used on input line 1.
(pdftex.def)             Requested size: 597.50426pt x 845.02924pt.
File: USPSC-TA-PreTextual/SET-CapaContraCapa/PaginaBranco/PaginaEmBranco.jpg Gr
aphic file (type jpg)
<use USPSC-TA-PreTextual/SET-CapaContraCapa/PaginaBranco/PaginaEmBranco.jpg>
Package pdftex.def Info: USPSC-TA-PreTextual/SET-CapaContraCapa/PaginaBranco/Pa
ginaEmBranco.jpg  used on input line 1.
(pdftex.def)             Requested size: 597.4945pt x 845.07095pt.
 [170




]

pdfTeX warning: /usr/bin/pdflatex (file ./Imagens/Cap7/dominioIFE.pdf): PDF inc
lusion: found PDF version <1.7>, but at most version <1.5> allowed
<Imagens/Cap7/dominioIFE.pdf, id=14482, 129.8726pt x 64.03862pt>
File: Imagens/Cap7/dominioIFE.pdf Graphic file (type pdf)
<use Imagens/Cap7/dominioIFE.pdf>
Package pdftex.def Info: Imagens/Cap7/dominioIFE.pdf  used on input line 20.
(pdftex.def)             Requested size: 259.74457pt x 128.0769pt.
File: USPSC-TA-PreTextual/SET-CapaContraCapa/CapaDoutorado.png Graphic file (ty
pe png)
<use USPSC-TA-PreTextual/SET-CapaContraCapa/CapaDoutorado.png>
Package pdftex.def Info: USPSC-TA-PreTextual/SET-CapaContraCapa/CapaDoutorado.p
ng  used on input line 26.
(pdftex.def)             Requested size: 597.50426pt x 845.02924pt.
File: USPSC-TA-PreTextual/SET-CapaContraCapa/PaginaBranco/PaginaEmBranco.jpg Gr
aphic file (type jpg)
<use USPSC-TA-PreTextual/SET-CapaContraCapa/PaginaBranco/PaginaEmBranco.jpg>
Package pdftex.def Info: USPSC-TA-PreTextual/SET-CapaContraCapa/PaginaBranco/Pa
ginaEmBranco.jpg  used on input line 26.
(pdftex.def)             Requested size: 597.4945pt x 845.07095pt.
[171]
File: USPSC-TA-PreTextual/SET-CapaContraCapa/CapaDoutorado.png Graphic file (ty
pe png)
<use USPSC-TA-PreTextual/SET-CapaContraCapa/CapaDoutorado.png>
Package pdftex.def Info: USPSC-TA-PreTextual/SET-CapaContraCapa/CapaDoutorado.p
ng  used on input line 44.
(pdftex.def)             Requested size: 597.50426pt x 845.02924pt.
File: USPSC-TA-PreTextual/SET-CapaContraCapa/PaginaBranco/PaginaEmBranco.jpg Gr
aphic file (type jpg)
<use USPSC-TA-PreTextual/SET-CapaContraCapa/PaginaBranco/PaginaEmBranco.jpg>
Package pdftex.def Info: USPSC-TA-PreTextual/SET-CapaContraCapa/PaginaBranco/Pa
ginaEmBranco.jpg  used on input line 44.
(pdftex.def)             Requested size: 597.4945pt x 845.07095pt.
 [172 <./Imagens/Cap7/dominioIFE.pdf>]

pdfTeX warning: /usr/bin/pdflatex (file ./Imagens/Cap7/contornoIFE.pdf): PDF in
clusion: found PDF version <1.7>, but at most version <1.5> allowed
<Imagens/Cap7/contornoIFE.pdf, id=14513, 228.5439pt x 87.85358pt>
File: Imagens/Cap7/contornoIFE.pdf Graphic file (type pdf)
<use Imagens/Cap7/contornoIFE.pdf>
Package pdftex.def Info: Imagens/Cap7/contornoIFE.pdf  used on input line 50.
(pdftex.def)             Requested size: 342.81497pt x 131.78001pt.
File: USPSC-TA-PreTextual/SET-CapaContraCapa/CapaDoutorado.png Graphic file (ty
pe png)
<use USPSC-TA-PreTextual/SET-CapaContraCapa/CapaDoutorado.png>
Package pdftex.def Info: USPSC-TA-PreTextual/SET-CapaContraCapa/CapaDoutorado.p
ng  used on input line 71.
(pdftex.def)             Requested size: 597.50426pt x 845.02924pt.
File: USPSC-TA-PreTextual/SET-CapaContraCapa/PaginaBranco/PaginaEmBranco.jpg Gr
aphic file (type jpg)
<use USPSC-TA-PreTextual/SET-CapaContraCapa/PaginaBranco/PaginaEmBranco.jpg>
Package pdftex.def Info: USPSC-TA-PreTextual/SET-CapaContraCapa/PaginaBranco/Pa
ginaEmBranco.jpg  used on input line 71.
(pdftex.def)             Requested size: 597.4945pt x 845.07095pt.
[173 <./Imagens/Cap7/contornoIFE.pdf>]
File: USPSC-TA-PreTextual/SET-CapaContraCapa/CapaDoutorado.png Graphic file (ty
pe png)
<use USPSC-TA-PreTextual/SET-CapaContraCapa/CapaDoutorado.png>
Package pdftex.def Info: USPSC-TA-PreTextual/SET-CapaContraCapa/CapaDoutorado.p
ng  used on input line 107.
(pdftex.def)             Requested size: 597.50426pt x 845.02924pt.
File: USPSC-TA-PreTextual/SET-CapaContraCapa/PaginaBranco/PaginaEmBranco.jpg Gr
aphic file (type jpg)
<use USPSC-TA-PreTextual/SET-CapaContraCapa/PaginaBranco/PaginaEmBranco.jpg>
Package pdftex.def Info: USPSC-TA-PreTextual/SET-CapaContraCapa/PaginaBranco/Pa
ginaEmBranco.jpg  used on input line 107.
(pdftex.def)             Requested size: 597.4945pt x 845.07095pt.
 [174]
File: USPSC-TA-PreTextual/SET-CapaContraCapa/CapaDoutorado.png Graphic file (ty
pe png)
<use USPSC-TA-PreTextual/SET-CapaContraCapa/CapaDoutorado.png>
Package pdftex.def Info: USPSC-TA-PreTextual/SET-CapaContraCapa/CapaDoutorado.p
ng  used on input line 165.
(pdftex.def)             Requested size: 597.50426pt x 845.02924pt.
File: USPSC-TA-PreTextual/SET-CapaContraCapa/PaginaBranco/PaginaEmBranco.jpg Gr
aphic file (type jpg)
<use USPSC-TA-PreTextual/SET-CapaContraCapa/PaginaBranco/PaginaEmBranco.jpg>
Package pdftex.def Info: USPSC-TA-PreTextual/SET-CapaContraCapa/PaginaBranco/Pa
ginaEmBranco.jpg  used on input line 165.
(pdftex.def)             Requested size: 597.4945pt x 845.07095pt.
 [175]
File: USPSC-TA-PreTextual/SET-CapaContraCapa/CapaDoutorado.png Graphic file (ty
pe png)
<use USPSC-TA-PreTextual/SET-CapaContraCapa/CapaDoutorado.png>
Package pdftex.def Info: USPSC-TA-PreTextual/SET-CapaContraCapa/CapaDoutorado.p
ng  used on input line 165.
(pdftex.def)             Requested size: 597.50426pt x 845.02924pt.
File: USPSC-TA-PreTextual/SET-CapaContraCapa/PaginaBranco/PaginaEmBranco.jpg Gr
aphic file (type jpg)
<use USPSC-TA-PreTextual/SET-CapaContraCapa/PaginaBranco/PaginaEmBranco.jpg>
Package pdftex.def Info: USPSC-TA-PreTextual/SET-CapaContraCapa/PaginaBranco/Pa
ginaEmBranco.jpg  used on input line 165.
(pdftex.def)             Requested size: 597.4945pt x 845.07095pt.
 [176]
File: USPSC-TA-PreTextual/SET-CapaContraCapa/CapaDoutorado.png Graphic file (ty
pe png)
<use USPSC-TA-PreTextual/SET-CapaContraCapa/CapaDoutorado.png>
Package pdftex.def Info: USPSC-TA-PreTextual/SET-CapaContraCapa/CapaDoutorado.p
ng  used on input line 196.
(pdftex.def)             Requested size: 597.50426pt x 845.02924pt.
File: USPSC-TA-PreTextual/SET-CapaContraCapa/PaginaBranco/PaginaEmBranco.jpg Gr
aphic file (type jpg)
<use USPSC-TA-PreTextual/SET-CapaContraCapa/PaginaBranco/PaginaEmBranco.jpg>
Package pdftex.def Info: USPSC-TA-PreTextual/SET-CapaContraCapa/PaginaBranco/Pa
ginaEmBranco.jpg  used on input line 196.
(pdftex.def)             Requested size: 597.4945pt x 845.07095pt.
 [177]
File: USPSC-TA-PreTextual/SET-CapaContraCapa/CapaDoutorado.png Graphic file (ty
pe png)
<use USPSC-TA-PreTextual/SET-CapaContraCapa/CapaDoutorado.png>
Package pdftex.def Info: USPSC-TA-PreTextual/SET-CapaContraCapa/CapaDoutorado.p
ng  used on input line 215.
(pdftex.def)             Requested size: 597.50426pt x 845.02924pt.
File: USPSC-TA-PreTextual/SET-CapaContraCapa/PaginaBranco/PaginaEmBranco.jpg Gr
aphic file (type jpg)
<use USPSC-TA-PreTextual/SET-CapaContraCapa/PaginaBranco/PaginaEmBranco.jpg>
Package pdftex.def Info: USPSC-TA-PreTextual/SET-CapaContraCapa/PaginaBranco/Pa
ginaEmBranco.jpg  used on input line 215.
(pdftex.def)             Requested size: 597.4945pt x 845.07095pt.
 [178]

pdfTeX warning: /usr/bin/pdflatex (file ./Imagens/Cap7/cavFF2d_geometria.pdf): 
PDF inclusion: found PDF version <1.7>, but at most version <1.5> allowed
<Imagens/Cap7/cavFF2d_geometria.pdf, id=14599, 101.2093pt x 75.62459pt>
File: Imagens/Cap7/cavFF2d_geometria.pdf Graphic file (type pdf)
<use Imagens/Cap7/cavFF2d_geometria.pdf>
Package pdftex.def Info: Imagens/Cap7/cavFF2d_geometria.pdf  used on input line
 219.
(pdftex.def)             Requested size: 283.38564pt x 211.74852pt.
File: USPSC-TA-PreTextual/SET-CapaContraCapa/CapaDoutorado.png Graphic file (ty
pe png)
<use USPSC-TA-PreTextual/SET-CapaContraCapa/CapaDoutorado.png>
Package pdftex.def Info: USPSC-TA-PreTextual/SET-CapaContraCapa/CapaDoutorado.p
ng  used on input line 229.
(pdftex.def)             Requested size: 597.50426pt x 845.02924pt.
File: USPSC-TA-PreTextual/SET-CapaContraCapa/PaginaBranco/PaginaEmBranco.jpg Gr
aphic file (type jpg)
<use USPSC-TA-PreTextual/SET-CapaContraCapa/PaginaBranco/PaginaEmBranco.jpg>
Package pdftex.def Info: USPSC-TA-PreTextual/SET-CapaContraCapa/PaginaBranco/Pa
ginaEmBranco.jpg  used on input line 229.
(pdftex.def)             Requested size: 597.4945pt x 845.07095pt.
[179 <./Imagens/Cap7/cavFF2d_geometria.pdf>]

pdfTeX warning: /usr/bin/pdflatex (file ./Imagens/Cap7/cavFF2d_malha.pdf): PDF 
inclusion: found PDF version <1.7>, but at most version <1.5> allowed
<Imagens/Cap7/cavFF2d_malha.pdf, id=14651, 182.77283pt x 156.3441pt>
File: Imagens/Cap7/cavFF2d_malha.pdf Graphic file (type pdf)
<use Imagens/Cap7/cavFF2d_malha.pdf>
Package pdftex.def Info: Imagens/Cap7/cavFF2d_malha.pdf  used on input line 264
.
(pdftex.def)             Requested size: 168.54605pt x 156.3437pt.


pdfTeX warning: /usr/bin/pdflatex (file ./Imagens/Cap7/cavFF2d_malha_mono.pdf):
 PDF inclusion: found PDF version <1.7>, but at most version <1.5> allowed
<Imagens/Cap7/cavFF2d_malha_mono.pdf, id=14653, 277.51682pt x 156.10321pt>
File: Imagens/Cap7/cavFF2d_malha_mono.pdf Graphic file (type pdf)
<use Imagens/Cap7/cavFF2d_malha_mono.pdf>
Package pdftex.def Info: Imagens/Cap7/cavFF2d_malha_mono.pdf  used on input lin
e 265.
(pdftex.def)             Requested size: 163.70541pt x 156.10281pt.


pdfTeX warning: /usr/bin/pdflatex (file ./Imagens/Cap7/cavFF2d_malha_casca.pdf)
: PDF inclusion: found PDF version <1.7>, but at most version <1.5> allowed
<Imagens/Cap7/cavFF2d_malha_casca.pdf, id=14655, 277.51611pt x 156.1028pt>
File: Imagens/Cap7/cavFF2d_malha_casca.pdf Graphic file (type pdf)
<use Imagens/Cap7/cavFF2d_malha_casca.pdf>
Package pdftex.def Info: Imagens/Cap7/cavFF2d_malha_casca.pdf  used on input li
ne 266.
(pdftex.def)             Requested size: 172.24062pt x 50.82759pt.


pdfTeX warning: /usr/bin/pdflatex (file ./Imagens/Cap7/cavFF2d_deslA.pdf): PDF 
inclusion: found PDF version <1.7>, but at most version <1.5> allowed
<Imagens/Cap7/cavFF2d_deslA.pdf, id=14661, 397.485pt x 255.95625pt>
File: Imagens/Cap7/cavFF2d_deslA.pdf Graphic file (type pdf)
<use Imagens/Cap7/cavFF2d_deslA.pdf>
Package pdftex.def Info: Imagens/Cap7/cavFF2d_deslA.pdf  used on input line 278
.
(pdftex.def)             Requested size: 317.98842pt x 204.76526pt.


pdfTeX warning: /usr/bin/pdflatex (file ./Imagens/Cap7/cavFF2d_vel4.pdf): PDF i
nclusion: found PDF version <1.7>, but at most version <1.5> allowed
<Imagens/Cap7/cavFF2d_vel4.pdf, id=14663, 277.51682pt x 156.10321pt>
File: Imagens/Cap7/cavFF2d_vel4.pdf Graphic file (type pdf)
<use Imagens/Cap7/cavFF2d_vel4.pdf>
Package pdftex.def Info: Imagens/Cap7/cavFF2d_vel4.pdf  used on input line 286.

(pdftex.def)             Requested size: 221.0033pt x 172.32848pt.


pdfTeX warning: /usr/bin/pdflatex (file ./Imagens/Cap7/cavFF2d_vel8.pdf): PDF i
nclusion: found PDF version <1.7>, but at most version <1.5> allowed
<Imagens/Cap7/cavFF2d_vel8.pdf, id=14665, 277.51682pt x 156.10321pt>
File: Imagens/Cap7/cavFF2d_vel8.pdf Graphic file (type pdf)
<use Imagens/Cap7/cavFF2d_vel8.pdf>
Package pdftex.def Info: Imagens/Cap7/cavFF2d_vel8.pdf  used on input line 287.

(pdftex.def)             Requested size: 221.0033pt x 172.32848pt.


pdfTeX warning: /usr/bin/pdflatex (file ./Imagens/Cap7/cavFF2d_vel14.pdf): PDF 
inclusion: found PDF version <1.7>, but at most version <1.5> allowed
<Imagens/Cap7/cavFF2d_vel14.pdf, id=14667, 277.51682pt x 156.10321pt>
File: Imagens/Cap7/cavFF2d_vel14.pdf Graphic file (type pdf)
<use Imagens/Cap7/cavFF2d_vel14.pdf>
Package pdftex.def Info: Imagens/Cap7/cavFF2d_vel14.pdf  used on input line 288
.
(pdftex.def)             Requested size: 221.0033pt x 172.32848pt.


pdfTeX warning: /usr/bin/pdflatex (file ./Imagens/Cap7/cavFF2d_vel21.pdf): PDF 
inclusion: found PDF version <1.7>, but at most version <1.5> allowed
<Imagens/Cap7/cavFF2d_vel21.pdf, id=14669, 277.51682pt x 156.10321pt>
File: Imagens/Cap7/cavFF2d_vel21.pdf Graphic file (type pdf)
<use Imagens/Cap7/cavFF2d_vel21.pdf>
Package pdftex.def Info: Imagens/Cap7/cavFF2d_vel21.pdf  used on input line 289
.
(pdftex.def)             Requested size: 221.0033pt x 172.32848pt.


pdfTeX warning: /usr/bin/pdflatex (file ./Imagens/Cap7/cavFF2d_press4.pdf): PDF
 inclusion: found PDF version <1.7>, but at most version <1.5> allowed
<Imagens/Cap7/cavFF2d_press4.pdf, id=14671, 277.51682pt x 156.10321pt>
File: Imagens/Cap7/cavFF2d_press4.pdf Graphic file (type pdf)
<use Imagens/Cap7/cavFF2d_press4.pdf>
Package pdftex.def Info: Imagens/Cap7/cavFF2d_press4.pdf  used on input line 29
7.
(pdftex.def)             Requested size: 221.0033pt x 172.32848pt.


pdfTeX warning: /usr/bin/pdflatex (file ./Imagens/Cap7/cavFF2d_press8.pdf): PDF
 inclusion: found PDF version <1.7>, but at most version <1.5> allowed
<Imagens/Cap7/cavFF2d_press8.pdf, id=14673, 277.51682pt x 156.10321pt>
File: Imagens/Cap7/cavFF2d_press8.pdf Graphic file (type pdf)
<use Imagens/Cap7/cavFF2d_press8.pdf>
Package pdftex.def Info: Imagens/Cap7/cavFF2d_press8.pdf  used on input line 29
8.
(pdftex.def)             Requested size: 221.0033pt x 172.32848pt.


pdfTeX warning: /usr/bin/pdflatex (file ./Imagens/Cap7/cavFF2d_press14.pdf): PD
F inclusion: found PDF version <1.7>, but at most version <1.5> allowed
<Imagens/Cap7/cavFF2d_press14.pdf, id=14675, 277.51682pt x 156.10321pt>
File: Imagens/Cap7/cavFF2d_press14.pdf Graphic file (type pdf)
<use Imagens/Cap7/cavFF2d_press14.pdf>
Package pdftex.def Info: Imagens/Cap7/cavFF2d_press14.pdf  used on input line 2
99.
(pdftex.def)             Requested size: 221.0033pt x 172.32848pt.


pdfTeX warning: /usr/bin/pdflatex (file ./Imagens/Cap7/cavFF2d_press21.pdf): PD
F inclusion: found PDF version <1.7>, but at most version <1.5> allowed
<Imagens/Cap7/cavFF2d_press21.pdf, id=14677, 277.51682pt x 156.10321pt>
File: Imagens/Cap7/cavFF2d_press21.pdf Graphic file (type pdf)
<use Imagens/Cap7/cavFF2d_press21.pdf>
Package pdftex.def Info: Imagens/Cap7/cavFF2d_press21.pdf  used on input line 3
00.
(pdftex.def)             Requested size: 221.0033pt x 172.32848pt.
File: USPSC-TA-PreTextual/SET-CapaContraCapa/CapaDoutorado.png Graphic file (ty
pe png)
<use USPSC-TA-PreTextual/SET-CapaContraCapa/CapaDoutorado.png>
Package pdftex.def Info: USPSC-TA-PreTextual/SET-CapaContraCapa/CapaDoutorado.p
ng  used on input line 308.
(pdftex.def)             Requested size: 597.50426pt x 845.02924pt.
File: USPSC-TA-PreTextual/SET-CapaContraCapa/PaginaBranco/PaginaEmBranco.jpg Gr
aphic file (type jpg)
<use USPSC-TA-PreTextual/SET-CapaContraCapa/PaginaBranco/PaginaEmBranco.jpg>
Package pdftex.def Info: USPSC-TA-PreTextual/SET-CapaContraCapa/PaginaBranco/Pa
ginaEmBranco.jpg  used on input line 308.
(pdftex.def)             Requested size: 597.4945pt x 845.07095pt.
[180]
File: USPSC-TA-PreTextual/SET-CapaContraCapa/CapaDoutorado.png Graphic file (ty
pe png)
<use USPSC-TA-PreTextual/SET-CapaContraCapa/CapaDoutorado.png>
Package pdftex.def Info: USPSC-TA-PreTextual/SET-CapaContraCapa/CapaDoutorado.p
ng  used on input line 308.
(pdftex.def)             Requested size: 597.50426pt x 845.02924pt.
File: USPSC-TA-PreTextual/SET-CapaContraCapa/PaginaBranco/PaginaEmBranco.jpg Gr
aphic file (type jpg)
<use USPSC-TA-PreTextual/SET-CapaContraCapa/PaginaBranco/PaginaEmBranco.jpg>
Package pdftex.def Info: USPSC-TA-PreTextual/SET-CapaContraCapa/PaginaBranco/Pa
ginaEmBranco.jpg  used on input line 308.
(pdftex.def)             Requested size: 597.4945pt x 845.07095pt.
 [181 <./Imagens/Cap7/cavFF2d_malha.pdf> <./Imagens/Cap7/cavFF2d_malha_mono.pdf
> <./Imagens/Cap7/cavFF2d_malha_casca.pdf> <./Imagens/Cap7/cavFF2d_deslA.pdf>]

pdfTeX warning: /usr/bin/pdflatex (file ./Imagens/Cap7/cavFF3d_geometria.pdf): 
PDF inclusion: found PDF version <1.7>, but at most version <1.5> allowed
<Imagens/Cap7/cavFF3d_geometria.pdf, id=14741, 134.46771pt x 110.03534pt>
File: Imagens/Cap7/cavFF3d_geometria.pdf Graphic file (type pdf)
<use Imagens/Cap7/cavFF3d_geometria.pdf>
Package pdftex.def Info: Imagens/Cap7/cavFF3d_geometria.pdf  used on input line
 312.
(pdftex.def)             Requested size: 242.04169pt x 198.06345pt.


pdfTeX warning: /usr/bin/pdflatex (file ./Imagens/Cap7/cavFF3d_malha.pdf): PDF 
inclusion: found PDF version <1.7>, but at most version <1.5> allowed
<Imagens/Cap7/cavFF3d_malha.pdf, id=14746, 277.51682pt x 156.10321pt>
File: Imagens/Cap7/cavFF3d_malha.pdf Graphic file (type pdf)
<use Imagens/Cap7/cavFF3d_malha.pdf>
Package pdftex.def Info: Imagens/Cap7/cavFF3d_malha.pdf  used on input line 322
.
(pdftex.def)             Requested size: 247.66072pt x 170.25136pt.


pdfTeX warning: /usr/bin/pdflatex (file ./Imagens/Cap7/cavFF3d_malha_mono.pdf):
 PDF inclusion: found PDF version <1.7>, but at most version <1.5> allowed
<Imagens/Cap7/cavFF3d_malha_mono.pdf, id=14748, 277.51682pt x 156.10321pt>
File: Imagens/Cap7/cavFF3d_malha_mono.pdf Graphic file (type pdf)
<use Imagens/Cap7/cavFF3d_malha_mono.pdf>
Package pdftex.def Info: Imagens/Cap7/cavFF3d_malha_mono.pdf  used on input lin
e 323.
(pdftex.def)             Requested size: 196.44598pt x 170.25136pt.


pdfTeX warning: /usr/bin/pdflatex (file ./Imagens/Cap7/cavFF3d_malhaPlaca.pdf):
 PDF inclusion: found PDF version <1.7>, but at most version <1.5> allowed
<Imagens/Cap7/cavFF3d_malhaPlaca.pdf, id=14750, 1445.4pt x 1084.05pt>
File: Imagens/Cap7/cavFF3d_malhaPlaca.pdf Graphic file (type pdf)
<use Imagens/Cap7/cavFF3d_malhaPlaca.pdf>
Package pdftex.def Info: Imagens/Cap7/cavFF3d_malhaPlaca.pdf  used on input lin
e 324.
(pdftex.def)             Requested size: 249.91823pt x 155.68678pt.

Underfull \vbox (badness 10000) has occurred while \output is active []

File: USPSC-TA-PreTextual/SET-CapaContraCapa/CapaDoutorado.png Graphic file (ty
pe png)
<use USPSC-TA-PreTextual/SET-CapaContraCapa/CapaDoutorado.png>
Package pdftex.def Info: USPSC-TA-PreTextual/SET-CapaContraCapa/CapaDoutorado.p
ng  used on input line 329.
(pdftex.def)             Requested size: 597.50426pt x 845.02924pt.
File: USPSC-TA-PreTextual/SET-CapaContraCapa/PaginaBranco/PaginaEmBranco.jpg Gr
aphic file (type jpg)
<use USPSC-TA-PreTextual/SET-CapaContraCapa/PaginaBranco/PaginaEmBranco.jpg>
Package pdftex.def Info: USPSC-TA-PreTextual/SET-CapaContraCapa/PaginaBranco/Pa
ginaEmBranco.jpg  used on input line 329.
(pdftex.def)             Requested size: 597.4945pt x 845.07095pt.
 [182 <./Imagens/Cap7/cavFF2d_vel4.pdf> <./Imagens/Cap7/cavFF2d_vel8.pdf> <./Im
agens/Cap7/cavFF2d_vel14.pdf> <./Imagens/Cap7/cavFF2d_vel21.pdf>]
File: USPSC-TA-PreTextual/SET-CapaContraCapa/CapaDoutorado.png Graphic file (ty
pe png)
<use USPSC-TA-PreTextual/SET-CapaContraCapa/CapaDoutorado.png>
Package pdftex.def Info: USPSC-TA-PreTextual/SET-CapaContraCapa/CapaDoutorado.p
ng  used on input line 329.
(pdftex.def)             Requested size: 597.50426pt x 845.02924pt.
File: USPSC-TA-PreTextual/SET-CapaContraCapa/PaginaBranco/PaginaEmBranco.jpg Gr
aphic file (type jpg)
<use USPSC-TA-PreTextual/SET-CapaContraCapa/PaginaBranco/PaginaEmBranco.jpg>
Package pdftex.def Info: USPSC-TA-PreTextual/SET-CapaContraCapa/PaginaBranco/Pa
ginaEmBranco.jpg  used on input line 329.
(pdftex.def)             Requested size: 597.4945pt x 845.07095pt.
 [183 <./Imagens/Cap7/cavFF2d_press4.pdf> <./Imagens/Cap7/cavFF2d_press8.pdf> <
./Imagens/Cap7/cavFF2d_press14.pdf> <./Imagens/Cap7/cavFF2d_press21.pdf> <./Ima
gens/Cap7/cavFF3d_geometria.pdf>]

pdfTeX warning: /usr/bin/pdflatex (file ./Imagens/Cap7/cavFF3d_deslA.pdf): PDF 
inclusion: found PDF version <1.7>, but at most version <1.5> allowed
<Imagens/Cap7/cavFF3d_deslA.pdf, id=14855, 397.485pt x 255.95625pt>
File: Imagens/Cap7/cavFF3d_deslA.pdf Graphic file (type pdf)
<use Imagens/Cap7/cavFF3d_deslA.pdf>
Package pdftex.def Info: Imagens/Cap7/cavFF3d_deslA.pdf  used on input line 335
.
(pdftex.def)             Requested size: 298.113pt x 191.9667pt.


pdfTeX warning: /usr/bin/pdflatex (file ./Imagens/Cap7/cavFF3d_vel4.pdf): PDF i
nclusion: found PDF version <1.7>, but at most version <1.5> allowed
<Imagens/Cap7/cavFF3d_vel4.pdf, id=14857, 277.51682pt x 156.10321pt>
File: Imagens/Cap7/cavFF3d_vel4.pdf Graphic file (type pdf)
<use Imagens/Cap7/cavFF3d_vel4.pdf>
Package pdftex.def Info: Imagens/Cap7/cavFF3d_vel4.pdf  used on input line 344.

(pdftex.def)             Requested size: 180.07695pt x 146.67596pt.


pdfTeX warning: /usr/bin/pdflatex (file ./Imagens/Cap7/cavFF3d_vel8.pdf): PDF i
nclusion: found PDF version <1.7>, but at most version <1.5> allowed
<Imagens/Cap7/cavFF3d_vel8.pdf, id=14859, 277.51682pt x 156.10321pt>
File: Imagens/Cap7/cavFF3d_vel8.pdf Graphic file (type pdf)
<use Imagens/Cap7/cavFF3d_vel8.pdf>
Package pdftex.def Info: Imagens/Cap7/cavFF3d_vel8.pdf  used on input line 345.

(pdftex.def)             Requested size: 180.07695pt x 146.67596pt.


pdfTeX warning: /usr/bin/pdflatex (file ./Imagens/Cap7/cavFF3d_vel14.pdf): PDF 
inclusion: found PDF version <1.7>, but at most version <1.5> allowed
<Imagens/Cap7/cavFF3d_vel14.pdf, id=14861, 277.51682pt x 156.10321pt>
File: Imagens/Cap7/cavFF3d_vel14.pdf Graphic file (type pdf)
<use Imagens/Cap7/cavFF3d_vel14.pdf>
Package pdftex.def Info: Imagens/Cap7/cavFF3d_vel14.pdf  used on input line 346
.
(pdftex.def)             Requested size: 180.07695pt x 146.67596pt.


pdfTeX warning: /usr/bin/pdflatex (file ./Imagens/Cap7/cavFF3d_vel21.pdf): PDF 
inclusion: found PDF version <1.7>, but at most version <1.5> allowed
<Imagens/Cap7/cavFF3d_vel21.pdf, id=14863, 277.51682pt x 156.10321pt>
File: Imagens/Cap7/cavFF3d_vel21.pdf Graphic file (type pdf)
<use Imagens/Cap7/cavFF3d_vel21.pdf>
Package pdftex.def Info: Imagens/Cap7/cavFF3d_vel21.pdf  used on input line 347
.
(pdftex.def)             Requested size: 180.07695pt x 146.67596pt.


pdfTeX warning: /usr/bin/pdflatex (file ./Imagens/Cap7/cavFF3d_press4.pdf): PDF
 inclusion: found PDF version <1.7>, but at most version <1.5> allowed
<Imagens/Cap7/cavFF3d_press4.pdf, id=14865, 277.51682pt x 156.10321pt>
File: Imagens/Cap7/cavFF3d_press4.pdf Graphic file (type pdf)
<use Imagens/Cap7/cavFF3d_press4.pdf>
Package pdftex.def Info: Imagens/Cap7/cavFF3d_press4.pdf  used on input line 35
5.
(pdftex.def)             Requested size: 196.44598pt x 156.59431pt.


pdfTeX warning: /usr/bin/pdflatex (file ./Imagens/Cap7/cavFF3d_press8.pdf): PDF
 inclusion: found PDF version <1.7>, but at most version <1.5> allowed
<Imagens/Cap7/cavFF3d_press8.pdf, id=14867, 277.51682pt x 156.10321pt>
File: Imagens/Cap7/cavFF3d_press8.pdf Graphic file (type pdf)
<use Imagens/Cap7/cavFF3d_press8.pdf>
Package pdftex.def Info: Imagens/Cap7/cavFF3d_press8.pdf  used on input line 35
6.
(pdftex.def)             Requested size: 196.44598pt x 156.59431pt.


pdfTeX warning: /usr/bin/pdflatex (file ./Imagens/Cap7/cavFF3d_press14.pdf): PD
F inclusion: found PDF version <1.7>, but at most version <1.5> allowed
<Imagens/Cap7/cavFF3d_press14.pdf, id=14869, 277.51682pt x 156.10321pt>
File: Imagens/Cap7/cavFF3d_press14.pdf Graphic file (type pdf)
<use Imagens/Cap7/cavFF3d_press14.pdf>
Package pdftex.def Info: Imagens/Cap7/cavFF3d_press14.pdf  used on input line 3
57.
(pdftex.def)             Requested size: 196.44598pt x 156.59431pt.


pdfTeX warning: /usr/bin/pdflatex (file ./Imagens/Cap7/cavFF3d_press21.pdf): PD
F inclusion: found PDF version <1.7>, but at most version <1.5> allowed
<Imagens/Cap7/cavFF3d_press21.pdf, id=14871, 277.51682pt x 156.10321pt>
File: Imagens/Cap7/cavFF3d_press21.pdf Graphic file (type pdf)
<use Imagens/Cap7/cavFF3d_press21.pdf>
Package pdftex.def Info: Imagens/Cap7/cavFF3d_press21.pdf  used on input line 3
58.
(pdftex.def)             Requested size: 196.44598pt x 156.59431pt.


pdfTeX warning: /usr/bin/pdflatex (file ./Imagens/Cap7/casca_desloc_40.pdf): PD
F inclusion: found PDF version <1.7>, but at most version <1.5> allowed
<Imagens/Cap7/casca_desloc_40.pdf, id=14873, 110.23384pt x 125.07198pt>
File: Imagens/Cap7/casca_desloc_40.pdf Graphic file (type pdf)
<use Imagens/Cap7/casca_desloc_40.pdf>
Package pdftex.def Info: Imagens/Cap7/casca_desloc_40.pdf  used on input line 3
66.
(pdftex.def)             Requested size: 132.27992pt x 150.0856pt.


pdfTeX warning: /usr/bin/pdflatex (file ./Imagens/Cap7/casca_desloc_80.pdf): PD
F inclusion: found PDF version <1.7>, but at most version <1.5> allowed
<Imagens/Cap7/casca_desloc_80.pdf, id=14875, 277.51682pt x 156.10321pt>
File: Imagens/Cap7/casca_desloc_80.pdf Graphic file (type pdf)
<use Imagens/Cap7/casca_desloc_80.pdf>
Package pdftex.def Info: Imagens/Cap7/casca_desloc_80.pdf  used on input line 3
67.
(pdftex.def)             Requested size: 128.15971pt x 153.17981pt.


pdfTeX warning: /usr/bin/pdflatex (file ./Imagens/Cap7/casca_desloc_140.pdf): P
DF inclusion: found PDF version <1.7>, but at most version <1.5> allowed
<Imagens/Cap7/casca_desloc_140.pdf, id=14877, 277.51682pt x 156.10321pt>
File: Imagens/Cap7/casca_desloc_140.pdf Graphic file (type pdf)
<use Imagens/Cap7/casca_desloc_140.pdf>
Package pdftex.def Info: Imagens/Cap7/casca_desloc_140.pdf  used on input line 
368.
(pdftex.def)             Requested size: 128.15971pt x 151.47252pt.


pdfTeX warning: /usr/bin/pdflatex (file ./Imagens/Cap7/casca_desloc_210.pdf): P
DF inclusion: found PDF version <1.7>, but at most version <1.5> allowed
<Imagens/Cap7/casca_desloc_210.pdf, id=14879, 277.51682pt x 156.10321pt>
File: Imagens/Cap7/casca_desloc_210.pdf Graphic file (type pdf)
<use Imagens/Cap7/casca_desloc_210.pdf>
Package pdftex.def Info: Imagens/Cap7/casca_desloc_210.pdf  used on input line 
369.
(pdftex.def)             Requested size: 128.15971pt x 151.47252pt.

Underfull \vbox (badness 10000) has occurred while \output is active []

File: USPSC-TA-PreTextual/SET-CapaContraCapa/CapaDoutorado.png Graphic file (ty
pe png)
<use USPSC-TA-PreTextual/SET-CapaContraCapa/CapaDoutorado.png>
Package pdftex.def Info: USPSC-TA-PreTextual/SET-CapaContraCapa/CapaDoutorado.p
ng  used on input line 377.
(pdftex.def)             Requested size: 597.50426pt x 845.02924pt.
File: USPSC-TA-PreTextual/SET-CapaContraCapa/PaginaBranco/PaginaEmBranco.jpg Gr
aphic file (type jpg)
<use USPSC-TA-PreTextual/SET-CapaContraCapa/PaginaBranco/PaginaEmBranco.jpg>
Package pdftex.def Info: USPSC-TA-PreTextual/SET-CapaContraCapa/PaginaBranco/Pa
ginaEmBranco.jpg  used on input line 377.
(pdftex.def)             Requested size: 597.4945pt x 845.07095pt.
 [184 <./Imagens/Cap7/cavFF3d_malha.pdf> <./Imagens/Cap7/cavFF3d_malha_mono.pdf
> <./Imagens/Cap7/cavFF3d_malhaPlaca.pdf>]
File: USPSC-TA-PreTextual/SET-CapaContraCapa/CapaDoutorado.png Graphic file (ty
pe png)
<use USPSC-TA-PreTextual/SET-CapaContraCapa/CapaDoutorado.png>
Package pdftex.def Info: USPSC-TA-PreTextual/SET-CapaContraCapa/CapaDoutorado.p
ng  used on input line 377.
(pdftex.def)             Requested size: 597.50426pt x 845.02924pt.
File: USPSC-TA-PreTextual/SET-CapaContraCapa/PaginaBranco/PaginaEmBranco.jpg Gr
aphic file (type jpg)
<use USPSC-TA-PreTextual/SET-CapaContraCapa/PaginaBranco/PaginaEmBranco.jpg>
Package pdftex.def Info: USPSC-TA-PreTextual/SET-CapaContraCapa/PaginaBranco/Pa
ginaEmBranco.jpg  used on input line 377.
(pdftex.def)             Requested size: 597.4945pt x 845.07095pt.
 [185 <./Imagens/Cap7/cavFF3d_deslA.pdf> <./Imagens/Cap7/cavFF3d_vel4.pdf> <./I
magens/Cap7/cavFF3d_vel8.pdf> <./Imagens/Cap7/cavFF3d_vel14.pdf> <./Imagens/Cap
7/cavFF3d_vel21.pdf>]
Underfull \vbox (badness 10000) has occurred while \output is active []

File: USPSC-TA-PreTextual/SET-CapaContraCapa/CapaDoutorado.png Graphic file (ty
pe png)
<use USPSC-TA-PreTextual/SET-CapaContraCapa/CapaDoutorado.png>
Package pdftex.def Info: USPSC-TA-PreTextual/SET-CapaContraCapa/CapaDoutorado.p
ng  used on input line 381.
(pdftex.def)             Requested size: 597.50426pt x 845.02924pt.
File: USPSC-TA-PreTextual/SET-CapaContraCapa/PaginaBranco/PaginaEmBranco.jpg Gr
aphic file (type jpg)
<use USPSC-TA-PreTextual/SET-CapaContraCapa/PaginaBranco/PaginaEmBranco.jpg>
Package pdftex.def Info: USPSC-TA-PreTextual/SET-CapaContraCapa/PaginaBranco/Pa
ginaEmBranco.jpg  used on input line 381.
(pdftex.def)             Requested size: 597.4945pt x 845.07095pt.
 [186 <./Imagens/Cap7/cavFF3d_press4.pdf> <./Imagens/Cap7/cavFF3d_press8.pdf> <
./Imagens/Cap7/cavFF3d_press14.pdf> <./Imagens/Cap7/cavFF3d_press21.pdf>]

pdfTeX warning: /usr/bin/pdflatex (file ./Imagens/Cap7/prisma_geometria.pdf): P
DF inclusion: found PDF version <1.7>, but at most version <1.5> allowed
<Imagens/Cap7/prisma_geometria.pdf, id=14991, 744.36113pt x 414.3404pt>
File: Imagens/Cap7/prisma_geometria.pdf Graphic file (type pdf)
<use Imagens/Cap7/prisma_geometria.pdf>
Package pdftex.def Info: Imagens/Cap7/prisma_geometria.pdf  used on input line 
385.
(pdftex.def)             Requested size: 372.17966pt x 207.16968pt.


pdfTeX warning: /usr/bin/pdflatex (file ./Imagens/Cap7/prisma_malha.pdf): PDF i
nclusion: found PDF version <1.7>, but at most version <1.5> allowed
<Imagens/Cap7/prisma_malha.pdf, id=14997, 277.51682pt x 156.10321pt>
File: Imagens/Cap7/prisma_malha.pdf Graphic file (type pdf)
<use Imagens/Cap7/prisma_malha.pdf>
Package pdftex.def Info: Imagens/Cap7/prisma_malha.pdf  used on input line 395.

(pdftex.def)             Requested size: 348.68736pt x 138.87585pt.


pdfTeX warning: /usr/bin/pdflatex (file ./Imagens/Cap7/prisma_malha_mono.pdf): 
PDF inclusion: found PDF version <1.7>, but at most version <1.5> allowed
<Imagens/Cap7/prisma_malha_mono.pdf, id=14999, 277.51682pt x 156.10321pt>
File: Imagens/Cap7/prisma_malha_mono.pdf Graphic file (type pdf)
<use Imagens/Cap7/prisma_malha_mono.pdf>
Package pdftex.def Info: Imagens/Cap7/prisma_malha_mono.pdf  used on input line
 396.
(pdftex.def)             Requested size: 268.58247pt x 144.24532pt.


pdfTeX warning: /usr/bin/pdflatex (file ./Imagens/Cap7/prisma_malhaPlaca.pdf): 
PDF inclusion: found PDF version <1.7>, but at most version <1.5> allowed
<Imagens/Cap7/prisma_malhaPlaca.pdf, id=15001, 1445.4pt x 1084.05pt>
File: Imagens/Cap7/prisma_malhaPlaca.pdf Graphic file (type pdf)
<use Imagens/Cap7/prisma_malhaPlaca.pdf>
Package pdftex.def Info: Imagens/Cap7/prisma_malhaPlaca.pdf  used on input line
 397.
(pdftex.def)             Requested size: 289.07487pt x 11.94994pt.

Underfull \vbox (badness 10000) has occurred while \output is active []

File: USPSC-TA-PreTextual/SET-CapaContraCapa/CapaDoutorado.png Graphic file (ty
pe png)
<use USPSC-TA-PreTextual/SET-CapaContraCapa/CapaDoutorado.png>
Package pdftex.def Info: USPSC-TA-PreTextual/SET-CapaContraCapa/CapaDoutorado.p
ng  used on input line 402.
(pdftex.def)             Requested size: 597.50426pt x 845.02924pt.
File: USPSC-TA-PreTextual/SET-CapaContraCapa/PaginaBranco/PaginaEmBranco.jpg Gr
aphic file (type jpg)
<use USPSC-TA-PreTextual/SET-CapaContraCapa/PaginaBranco/PaginaEmBranco.jpg>
Package pdftex.def Info: USPSC-TA-PreTextual/SET-CapaContraCapa/PaginaBranco/Pa
ginaEmBranco.jpg  used on input line 402.
(pdftex.def)             Requested size: 597.4945pt x 845.07095pt.
 [187 <./Imagens/Cap7/casca_desloc_40.pdf> <./Imagens/Cap7/casca_desloc_80.pdf>
 <./Imagens/Cap7/casca_desloc_140.pdf> <./Imagens/Cap7/casca_desloc_210.pdf>]
File: USPSC-TA-PreTextual/SET-CapaContraCapa/CapaDoutorado.png Graphic file (ty
pe png)
<use USPSC-TA-PreTextual/SET-CapaContraCapa/CapaDoutorado.png>
Package pdftex.def Info: USPSC-TA-PreTextual/SET-CapaContraCapa/CapaDoutorado.p
ng  used on input line 402.
(pdftex.def)             Requested size: 597.50426pt x 845.02924pt.
File: USPSC-TA-PreTextual/SET-CapaContraCapa/PaginaBranco/PaginaEmBranco.jpg Gr
aphic file (type jpg)
<use USPSC-TA-PreTextual/SET-CapaContraCapa/PaginaBranco/PaginaEmBranco.jpg>
Package pdftex.def Info: USPSC-TA-PreTextual/SET-CapaContraCapa/PaginaBranco/Pa
ginaEmBranco.jpg  used on input line 402.
(pdftex.def)             Requested size: 597.4945pt x 845.07095pt.
 [188 <./Imagens/Cap7/prisma_geometria.pdf> <./Imagens/Cap7/prisma_malha.pdf> <
./Imagens/Cap7/prisma_malha_mono.pdf> <./Imagens/Cap7/prisma_malhaPlaca.pdf>]

pdfTeX warning: /usr/bin/pdflatex (file ./Imagens/Cap7/prisma_mono_malha_defor.
pdf): PDF inclusion: found PDF version <1.7>, but at most version <1.5> allowed

<Imagens/Cap7/prisma_mono_malha_defor.pdf, id=15087, 526.96875pt x 225.84375pt>

File: Imagens/Cap7/prisma_mono_malha_defor.pdf Graphic file (type pdf)
<use Imagens/Cap7/prisma_mono_malha_defor.pdf>
Package pdftex.def Info: Imagens/Cap7/prisma_mono_malha_defor.pdf  used on inpu
t line 408.
(pdftex.def)             Requested size: 448.66026pt x 149.48215pt.
File: USPSC-TA-PreTextual/SET-CapaContraCapa/CapaDoutorado.png Graphic file (ty
pe png)
<use USPSC-TA-PreTextual/SET-CapaContraCapa/CapaDoutorado.png>
Package pdftex.def Info: USPSC-TA-PreTextual/SET-CapaContraCapa/CapaDoutorado.p
ng  used on input line 416.
(pdftex.def)             Requested size: 597.50426pt x 845.02924pt.
File: USPSC-TA-PreTextual/SET-CapaContraCapa/PaginaBranco/PaginaEmBranco.jpg Gr
aphic file (type jpg)
<use USPSC-TA-PreTextual/SET-CapaContraCapa/PaginaBranco/PaginaEmBranco.jpg>
Package pdftex.def Info: USPSC-TA-PreTextual/SET-CapaContraCapa/PaginaBranco/Pa
ginaEmBranco.jpg  used on input line 416.
(pdftex.def)             Requested size: 597.4945pt x 845.07095pt.
[189 <./Imagens/Cap7/prisma_mono_malha_defor.pdf>]

pdfTeX warning: /usr/bin/pdflatex (file ./Imagens/Cap7/prisma_deslA.pdf): PDF i
nclusion: found PDF version <1.7>, but at most version <1.5> allowed
<Imagens/Cap7/prisma_deslA.pdf, id=15111, 454.69875pt x 255.95625pt>
File: Imagens/Cap7/prisma_deslA.pdf Graphic file (type pdf)
<use Imagens/Cap7/prisma_deslA.pdf>
Package pdftex.def Info: Imagens/Cap7/prisma_deslA.pdf  used on input line 420.

(pdftex.def)             Requested size: 363.75949pt x 204.76526pt.


pdfTeX warning: /usr/bin/pdflatex (file ./Imagens/Cap7/prism_malha_def.pdf): PD
F inclusion: found PDF version <1.7>, but at most version <1.5> allowed
<Imagens/Cap7/prism_malha_def.pdf, id=15114, 277.51682pt x 156.10321pt>
File: Imagens/Cap7/prism_malha_def.pdf Graphic file (type pdf)
<use Imagens/Cap7/prism_malha_def.pdf>
Package pdftex.def Info: Imagens/Cap7/prism_malha_def.pdf  used on input line 4
30.
(pdftex.def)             Requested size: 264.73227pt x 173.6659pt.


pdfTeX warning: /usr/bin/pdflatex (file ./Imagens/Cap7/prism_vel_19970.pdf): PD
F inclusion: found PDF version <1.7>, but at most version <1.5> allowed
<Imagens/Cap7/prism_vel_19970.pdf, id=15118, 277.51682pt x 156.10321pt>
File: Imagens/Cap7/prism_vel_19970.pdf Graphic file (type pdf)
<use Imagens/Cap7/prism_vel_19970.pdf>
Package pdftex.def Info: Imagens/Cap7/prism_vel_19970.pdf  used on input line 4
40.
(pdftex.def)             Requested size: 196.44598pt x 142.93675pt.


pdfTeX warning: /usr/bin/pdflatex (file ./Imagens/Cap7/prism_vel_20010.pdf): PD
F inclusion: found PDF version <1.7>, but at most version <1.5> allowed
<Imagens/Cap7/prism_vel_20010.pdf, id=15120, 277.51682pt x 156.10321pt>
File: Imagens/Cap7/prism_vel_20010.pdf Graphic file (type pdf)
<use Imagens/Cap7/prism_vel_20010.pdf>
Package pdftex.def Info: Imagens/Cap7/prism_vel_20010.pdf  used on input line 4
41.
(pdftex.def)             Requested size: 196.44598pt x 142.93675pt.


pdfTeX warning: /usr/bin/pdflatex (file ./Imagens/Cap7/prism_vel_20050.pdf): PD
F inclusion: found PDF version <1.7>, but at most version <1.5> allowed
<Imagens/Cap7/prism_vel_20050.pdf, id=15122, 277.51682pt x 156.10321pt>
File: Imagens/Cap7/prism_vel_20050.pdf Graphic file (type pdf)
<use Imagens/Cap7/prism_vel_20050.pdf>
Package pdftex.def Info: Imagens/Cap7/prism_vel_20050.pdf  used on input line 4
42.
(pdftex.def)             Requested size: 196.44598pt x 142.93675pt.


pdfTeX warning: /usr/bin/pdflatex (file ./Imagens/Cap7/prism_vel_20080.pdf): PD
F inclusion: found PDF version <1.7>, but at most version <1.5> allowed
<Imagens/Cap7/prism_vel_20080.pdf, id=15124, 277.51682pt x 156.10321pt>
File: Imagens/Cap7/prism_vel_20080.pdf Graphic file (type pdf)
<use Imagens/Cap7/prism_vel_20080.pdf>
Package pdftex.def Info: Imagens/Cap7/prism_vel_20080.pdf  used on input line 4
43.
(pdftex.def)             Requested size: 196.44598pt x 142.93675pt.


pdfTeX warning: /usr/bin/pdflatex (file ./Imagens/Cap7/prism_vel_20110.pdf): PD
F inclusion: found PDF version <1.7>, but at most version <1.5> allowed
<Imagens/Cap7/prism_vel_20110.pdf, id=15126, 277.51682pt x 156.10321pt>
File: Imagens/Cap7/prism_vel_20110.pdf Graphic file (type pdf)
<use Imagens/Cap7/prism_vel_20110.pdf>
Package pdftex.def Info: Imagens/Cap7/prism_vel_20110.pdf  used on input line 4
44.
(pdftex.def)             Requested size: 196.44598pt x 142.93675pt.


pdfTeX warning: /usr/bin/pdflatex (file ./Imagens/Cap7/prism_vel_20150.pdf): PD
F inclusion: found PDF version <1.7>, but at most version <1.5> allowed
<Imagens/Cap7/prism_vel_20150.pdf, id=15128, 277.51682pt x 156.10321pt>
File: Imagens/Cap7/prism_vel_20150.pdf Graphic file (type pdf)
<use Imagens/Cap7/prism_vel_20150.pdf>
Package pdftex.def Info: Imagens/Cap7/prism_vel_20150.pdf  used on input line 4
45.
(pdftex.def)             Requested size: 196.44598pt x 142.93675pt.


pdfTeX warning: /usr/bin/pdflatex (file ./Imagens/Cap7/prism_vel_20190.pdf): PD
F inclusion: found PDF version <1.7>, but at most version <1.5> allowed
<Imagens/Cap7/prism_vel_20190.pdf, id=15130, 277.51682pt x 156.10321pt>
File: Imagens/Cap7/prism_vel_20190.pdf Graphic file (type pdf)
<use Imagens/Cap7/prism_vel_20190.pdf>
Package pdftex.def Info: Imagens/Cap7/prism_vel_20190.pdf  used on input line 4
46.
(pdftex.def)             Requested size: 196.44598pt x 142.93675pt.

LaTeX Warning: Float too large for page by 21.64694pt on input line 449.



pdfTeX warning: /usr/bin/pdflatex (file ./Imagens/Cap7/prism_press_19970.pdf): 
PDF inclusion: found PDF version <1.7>, but at most version <1.5> allowed
<Imagens/Cap7/prism_press_19970.pdf, id=15132, 277.51682pt x 156.10321pt>
File: Imagens/Cap7/prism_press_19970.pdf Graphic file (type pdf)
<use Imagens/Cap7/prism_press_19970.pdf>
Package pdftex.def Info: Imagens/Cap7/prism_press_19970.pdf  used on input line
 454.
(pdftex.def)             Requested size: 196.44598pt x 146.35129pt.


pdfTeX warning: /usr/bin/pdflatex (file ./Imagens/Cap7/prism_press_20010.pdf): 
PDF inclusion: found PDF version <1.7>, but at most version <1.5> allowed
<Imagens/Cap7/prism_press_20010.pdf, id=15134, 277.51682pt x 156.10321pt>
File: Imagens/Cap7/prism_press_20010.pdf Graphic file (type pdf)
<use Imagens/Cap7/prism_press_20010.pdf>
Package pdftex.def Info: Imagens/Cap7/prism_press_20010.pdf  used on input line
 455.
(pdftex.def)             Requested size: 196.44598pt x 146.35129pt.


pdfTeX warning: /usr/bin/pdflatex (file ./Imagens/Cap7/prism_press_20050.pdf): 
PDF inclusion: found PDF version <1.7>, but at most version <1.5> allowed
<Imagens/Cap7/prism_press_20050.pdf, id=15136, 277.51682pt x 156.10321pt>
File: Imagens/Cap7/prism_press_20050.pdf Graphic file (type pdf)
<use Imagens/Cap7/prism_press_20050.pdf>
Package pdftex.def Info: Imagens/Cap7/prism_press_20050.pdf  used on input line
 456.
(pdftex.def)             Requested size: 196.44598pt x 146.35129pt.


pdfTeX warning: /usr/bin/pdflatex (file ./Imagens/Cap7/prism_press_20080.pdf): 
PDF inclusion: found PDF version <1.7>, but at most version <1.5> allowed
<Imagens/Cap7/prism_press_20080.pdf, id=15138, 277.51682pt x 156.10321pt>
File: Imagens/Cap7/prism_press_20080.pdf Graphic file (type pdf)
<use Imagens/Cap7/prism_press_20080.pdf>
Package pdftex.def Info: Imagens/Cap7/prism_press_20080.pdf  used on input line
 457.
(pdftex.def)             Requested size: 196.44598pt x 146.35129pt.


pdfTeX warning: /usr/bin/pdflatex (file ./Imagens/Cap7/prism_press_20110.pdf): 
PDF inclusion: found PDF version <1.7>, but at most version <1.5> allowed
<Imagens/Cap7/prism_press_20110.pdf, id=15140, 277.51682pt x 156.10321pt>
File: Imagens/Cap7/prism_press_20110.pdf Graphic file (type pdf)
<use Imagens/Cap7/prism_press_20110.pdf>
Package pdftex.def Info: Imagens/Cap7/prism_press_20110.pdf  used on input line
 458.
(pdftex.def)             Requested size: 196.44598pt x 146.35129pt.


pdfTeX warning: /usr/bin/pdflatex (file ./Imagens/Cap7/prism_press_20150.pdf): 
PDF inclusion: found PDF version <1.7>, but at most version <1.5> allowed
<Imagens/Cap7/prism_press_20150.pdf, id=15142, 277.51682pt x 156.10321pt>
File: Imagens/Cap7/prism_press_20150.pdf Graphic file (type pdf)
<use Imagens/Cap7/prism_press_20150.pdf>
Package pdftex.def Info: Imagens/Cap7/prism_press_20150.pdf  used on input line
 459.
(pdftex.def)             Requested size: 196.44598pt x 146.35129pt.


pdfTeX warning: /usr/bin/pdflatex (file ./Imagens/Cap7/prism_press_20190.pdf): 
PDF inclusion: found PDF version <1.7>, but at most version <1.5> allowed
<Imagens/Cap7/prism_press_20190.pdf, id=15144, 277.51682pt x 156.10321pt>
File: Imagens/Cap7/prism_press_20190.pdf Graphic file (type pdf)
<use Imagens/Cap7/prism_press_20190.pdf>
Package pdftex.def Info: Imagens/Cap7/prism_press_20190.pdf  used on input line
 460.
(pdftex.def)             Requested size: 196.44598pt x 146.35129pt.

LaTeX Warning: Float too large for page by 35.30508pt on input line 463.


Underfull \vbox (badness 1546) has occurred while \output is active []

File: USPSC-TA-PreTextual/SET-CapaContraCapa/CapaDoutorado.png Graphic file (ty
pe png)
<use USPSC-TA-PreTextual/SET-CapaContraCapa/CapaDoutorado.png>
Package pdftex.def Info: USPSC-TA-PreTextual/SET-CapaContraCapa/CapaDoutorado.p
ng  used on input line 469.
(pdftex.def)             Requested size: 597.50426pt x 845.02924pt.
File: USPSC-TA-PreTextual/SET-CapaContraCapa/PaginaBranco/PaginaEmBranco.jpg Gr
aphic file (type jpg)
<use USPSC-TA-PreTextual/SET-CapaContraCapa/PaginaBranco/PaginaEmBranco.jpg>
Package pdftex.def Info: USPSC-TA-PreTextual/SET-CapaContraCapa/PaginaBranco/Pa
ginaEmBranco.jpg  used on input line 469.
(pdftex.def)             Requested size: 597.4945pt x 845.07095pt.
 [190 <./Imagens/Cap7/prisma_deslA.pdf> <./Imagens/Cap7/prism_malha_def.pdf>]
File: USPSC-TA-PreTextual/SET-CapaContraCapa/CapaDoutorado.png Graphic file (ty
pe png)
<use USPSC-TA-PreTextual/SET-CapaContraCapa/CapaDoutorado.png>
Package pdftex.def Info: USPSC-TA-PreTextual/SET-CapaContraCapa/CapaDoutorado.p
ng  used on input line 469.
(pdftex.def)             Requested size: 597.50426pt x 845.02924pt.
File: USPSC-TA-PreTextual/SET-CapaContraCapa/PaginaBranco/PaginaEmBranco.jpg Gr
aphic file (type jpg)
<use USPSC-TA-PreTextual/SET-CapaContraCapa/PaginaBranco/PaginaEmBranco.jpg>
Package pdftex.def Info: USPSC-TA-PreTextual/SET-CapaContraCapa/PaginaBranco/Pa
ginaEmBranco.jpg  used on input line 469.
(pdftex.def)             Requested size: 597.4945pt x 845.07095pt.
 [191 <./Imagens/Cap7/prism_vel_19970.pdf> <./Imagens/Cap7/prism_vel_20010.pdf>
 <./Imagens/Cap7/prism_vel_20050.pdf> <./Imagens/Cap7/prism_vel_20080.pdf> <./I
magens/Cap7/prism_vel_20110.pdf> <./Imagens/Cap7/prism_vel_20150.pdf> <./Imagen
s/Cap7/prism_vel_20190.pdf>]
File: USPSC-TA-PreTextual/SET-CapaContraCapa/CapaDoutorado.png Graphic file (ty
pe png)
<use USPSC-TA-PreTextual/SET-CapaContraCapa/CapaDoutorado.png>
Package pdftex.def Info: USPSC-TA-PreTextual/SET-CapaContraCapa/CapaDoutorado.p
ng  used on input line 469.
(pdftex.def)             Requested size: 597.50426pt x 845.02924pt.
File: USPSC-TA-PreTextual/SET-CapaContraCapa/PaginaBranco/PaginaEmBranco.jpg Gr
aphic file (type jpg)
<use USPSC-TA-PreTextual/SET-CapaContraCapa/PaginaBranco/PaginaEmBranco.jpg>
Package pdftex.def Info: USPSC-TA-PreTextual/SET-CapaContraCapa/PaginaBranco/Pa
ginaEmBranco.jpg  used on input line 469.
(pdftex.def)             Requested size: 597.4945pt x 845.07095pt.
 [192 <./Imagens/Cap7/prism_press_19970.pdf> <./Imagens/Cap7/prism_press_20010.
pdf> <./Imagens/Cap7/prism_press_20050.pdf> <./Imagens/Cap7/prism_press_20080.p
df> <./Imagens/Cap7/prism_press_20110.pdf> <./Imagens/Cap7/prism_press_20150.pd
f> <./Imagens/Cap7/prism_press_20190.pdf>]

pdfTeX warning: /usr/bin/pdflatex (file ./Imagens/Cap7/turbina_mono_geo2.pdf): 
PDF inclusion: found PDF version <1.7>, but at most version <1.5> allowed
<Imagens/Cap7/turbina_mono_geo2.pdf, id=15271, 82.06714pt x 87.2284pt>
File: Imagens/Cap7/turbina_mono_geo2.pdf Graphic file (type pdf)
<use Imagens/Cap7/turbina_mono_geo2.pdf>
Package pdftex.def Info: Imagens/Cap7/turbina_mono_geo2.pdf  used on input line
 477.
(pdftex.def)             Requested size: 246.20078pt x 261.68454pt.
File: USPSC-TA-PreTextual/SET-CapaContraCapa/CapaDoutorado.png Graphic file (ty
pe png)
<use USPSC-TA-PreTextual/SET-CapaContraCapa/CapaDoutorado.png>
Package pdftex.def Info: USPSC-TA-PreTextual/SET-CapaContraCapa/CapaDoutorado.p
ng  used on input line 483.
(pdftex.def)             Requested size: 597.50426pt x 845.02924pt.
File: USPSC-TA-PreTextual/SET-CapaContraCapa/PaginaBranco/PaginaEmBranco.jpg Gr
aphic file (type jpg)
<use USPSC-TA-PreTextual/SET-CapaContraCapa/PaginaBranco/PaginaEmBranco.jpg>
Package pdftex.def Info: USPSC-TA-PreTextual/SET-CapaContraCapa/PaginaBranco/Pa
ginaEmBranco.jpg  used on input line 483.
(pdftex.def)             Requested size: 597.4945pt x 845.07095pt.
[193 <./Imagens/Cap7/turbina_mono_geo2.pdf>]

pdfTeX warning: /usr/bin/pdflatex (file ./Imagens/Cap7/turbina_mono_malha.pdf):
 PDF inclusion: found PDF version <1.7>, but at most version <1.5> allowed
<Imagens/Cap7/turbina_mono_malha.pdf, id=15310, 42.46364pt x 154.85954pt>
File: Imagens/Cap7/turbina_mono_malha.pdf Graphic file (type pdf)
<use Imagens/Cap7/turbina_mono_malha.pdf>
Package pdftex.def Info: Imagens/Cap7/turbina_mono_malha.pdf  used on input lin
e 508.
(pdftex.def)             Requested size: 84.92703pt x 309.71832pt.


pdfTeX warning: /usr/bin/pdflatex (file ./Imagens/Cap7/turbina_malha_estrutura.
pdf): PDF inclusion: found PDF version <1.7>, but at most version <1.5> allowed

<Imagens/Cap7/turbina_malha_estrutura.pdf, id=15312, 52.31534pt x 153.43268pt>
File: Imagens/Cap7/turbina_malha_estrutura.pdf Graphic file (type pdf)
<use Imagens/Cap7/turbina_malha_estrutura.pdf>
Package pdftex.def Info: Imagens/Cap7/turbina_malha_estrutura.pdf  used on inpu
t line 511.
(pdftex.def)             Requested size: 93.24951pt x 306.86456pt.


pdfTeX warning: /usr/bin/pdflatex (file ./Imagens/Cap7/turbina_mono_deslocament
o.pdf): PDF inclusion: found PDF version <1.7>, but at most version <1.5> allow
ed
<Imagens/Cap7/turbina_mono_deslocamento.pdf, id=15316, 454.69875pt x 255.95625p
t>
File: Imagens/Cap7/turbina_mono_deslocamento.pdf Graphic file (type pdf)
<use Imagens/Cap7/turbina_mono_deslocamento.pdf>
Package pdftex.def Info: Imagens/Cap7/turbina_mono_deslocamento.pdf  used on in
put line 521.
(pdftex.def)             Requested size: 318.28694pt x 179.16814pt.

Underfull \vbox (badness 2027) has occurred while \output is active []

File: USPSC-TA-PreTextual/SET-CapaContraCapa/CapaDoutorado.png Graphic file (ty
pe png)
<use USPSC-TA-PreTextual/SET-CapaContraCapa/CapaDoutorado.png>
Package pdftex.def Info: USPSC-TA-PreTextual/SET-CapaContraCapa/CapaDoutorado.p
ng  used on input line 527.
(pdftex.def)             Requested size: 597.50426pt x 845.02924pt.
File: USPSC-TA-PreTextual/SET-CapaContraCapa/PaginaBranco/PaginaEmBranco.jpg Gr
aphic file (type jpg)
<use USPSC-TA-PreTextual/SET-CapaContraCapa/PaginaBranco/PaginaEmBranco.jpg>
Package pdftex.def Info: USPSC-TA-PreTextual/SET-CapaContraCapa/PaginaBranco/Pa
ginaEmBranco.jpg  used on input line 527.
(pdftex.def)             Requested size: 597.4945pt x 845.07095pt.
 [194]
File: USPSC-TA-PreTextual/SET-CapaContraCapa/CapaDoutorado.png Graphic file (ty
pe png)
<use USPSC-TA-PreTextual/SET-CapaContraCapa/CapaDoutorado.png>
Package pdftex.def Info: USPSC-TA-PreTextual/SET-CapaContraCapa/CapaDoutorado.p
ng  used on input line 527.
(pdftex.def)             Requested size: 597.50426pt x 845.02924pt.
File: USPSC-TA-PreTextual/SET-CapaContraCapa/PaginaBranco/PaginaEmBranco.jpg Gr
aphic file (type jpg)
<use USPSC-TA-PreTextual/SET-CapaContraCapa/PaginaBranco/PaginaEmBranco.jpg>
Package pdftex.def Info: USPSC-TA-PreTextual/SET-CapaContraCapa/PaginaBranco/Pa
ginaEmBranco.jpg  used on input line 527.
(pdftex.def)             Requested size: 597.4945pt x 845.07095pt.

[195 <./Imagens/Cap7/turbina_mono_malha.pdf> <./Imagens/Cap7/turbina_malha_estr
utura.pdf> <./Imagens/Cap7/turbina_mono_deslocamento.pdf>]
Package epstopdf Info: Source file: <Imagens/Cap7/turbina_mono_velocidade_angul
ar.eps>
(epstopdf)                    date: 2025-11-17 22:57:30
(epstopdf)                    size: 31577 bytes
(epstopdf)             Output file: <Imagens/Cap7/turbina_mono_velocidade_angul
ar-eps-converted-to.pdf>
(epstopdf)                    date: 2025-11-17 22:57:32
(epstopdf)                    size: 9489 bytes
(epstopdf)             Command: <repstopdf --outfile=Imagens/Cap7/turbina_mono_
velocidade_angular-eps-converted-to.pdf Imagens/Cap7/turbina_mono_velocidade_an
gular.eps>
(epstopdf)             \includegraphics on input line 531.
Package epstopdf Info: Output file is already uptodate.
<Imagens/Cap7/turbina_mono_velocidade_angular-eps-converted-to.pdf, id=15368, 4
54.69875pt x 255.95625pt>
File: Imagens/Cap7/turbina_mono_velocidade_angular-eps-converted-to.pdf Graphic
 file (type pdf)
<use Imagens/Cap7/turbina_mono_velocidade_angular-eps-converted-to.pdf>
Package pdftex.def Info: Imagens/Cap7/turbina_mono_velocidade_angular-eps-conve
rted-to.pdf  used on input line 531.
(pdftex.def)             Requested size: 318.28694pt x 179.16814pt.


pdfTeX warning: /usr/bin/pdflatex (file ./Imagens/Cap7/turbina_mono_vel414.pdf)
: PDF inclusion: found PDF version <1.7>, but at most version <1.5> allowed
<Imagens/Cap7/turbina_mono_vel414.pdf, id=15372, 50.25487pt x 153.39078pt>
File: Imagens/Cap7/turbina_mono_vel414.pdf Graphic file (type pdf)
<use Imagens/Cap7/turbina_mono_vel414.pdf>
Package pdftex.def Info: Imagens/Cap7/turbina_mono_vel414.pdf  used on input li
ne 541.
(pdftex.def)             Requested size: 100.50946pt x 192.9701pt.


pdfTeX warning: /usr/bin/pdflatex (file ./Imagens/Cap7/turbina_mono_vel430.pdf)
: PDF inclusion: found PDF version <1.7>, but at most version <1.5> allowed
<Imagens/Cap7/turbina_mono_vel430.pdf, id=15374, 51.2815pt x 153.88313pt>
File: Imagens/Cap7/turbina_mono_vel430.pdf Graphic file (type pdf)
<use Imagens/Cap7/turbina_mono_vel430.pdf>
Package pdftex.def Info: Imagens/Cap7/turbina_mono_vel430.pdf  used on input li
ne 542.
(pdftex.def)             Requested size: 102.56271pt x 193.9548pt.


pdfTeX warning: /usr/bin/pdflatex (file ./Imagens/Cap7/turbina_mono_vel446.pdf)
: PDF inclusion: found PDF version <1.7>, but at most version <1.5> allowed
<Imagens/Cap7/turbina_mono_vel446.pdf, id=15376, 51.99672pt x 155.6012pt>
File: Imagens/Cap7/turbina_mono_vel446.pdf Graphic file (type pdf)
<use Imagens/Cap7/turbina_mono_vel446.pdf>
Package pdftex.def Info: Imagens/Cap7/turbina_mono_vel446.pdf  used on input li
ne 543.
(pdftex.def)             Requested size: 103.99313pt x 197.39093pt.


pdfTeX warning: /usr/bin/pdflatex (file ./Imagens/Cap7/turbina_mono_vel462.pdf)
: PDF inclusion: found PDF version <1.7>, but at most version <1.5> allowed
<Imagens/Cap7/turbina_mono_vel462.pdf, id=15378, 52.05698pt x 155.59851pt>
File: Imagens/Cap7/turbina_mono_vel462.pdf Graphic file (type pdf)
<use Imagens/Cap7/turbina_mono_vel462.pdf>
Package pdftex.def Info: Imagens/Cap7/turbina_mono_vel462.pdf  used on input li
ne 544.
(pdftex.def)             Requested size: 104.11368pt x 197.38556pt.


pdfTeX warning: /usr/bin/pdflatex (file ./Imagens/Cap7/turbina_mono_press414.pd
f): PDF inclusion: found PDF version <1.7>, but at most version <1.5> allowed
<Imagens/Cap7/turbina_mono_press414.pdf, id=15380, 138.387pt x 153.88126pt>
File: Imagens/Cap7/turbina_mono_press414.pdf Graphic file (type pdf)
<use Imagens/Cap7/turbina_mono_press414.pdf>
Package pdftex.def Info: Imagens/Cap7/turbina_mono_press414.pdf  used on input 
line 552.
(pdftex.def)             Requested size: 117.43808pt x 193.95108pt.


pdfTeX warning: /usr/bin/pdflatex (file ./Imagens/Cap7/turbina_mono_press430.pd
f): PDF inclusion: found PDF version <1.7>, but at most version <1.5> allowed
<Imagens/Cap7/turbina_mono_press430.pdf, id=15382, 52.59717pt x 152.90358pt>
File: Imagens/Cap7/turbina_mono_press430.pdf Graphic file (type pdf)
<use Imagens/Cap7/turbina_mono_press430.pdf>
Package pdftex.def Info: Imagens/Cap7/turbina_mono_press430.pdf  used on input 
line 553.
(pdftex.def)             Requested size: 105.19403pt x 191.9957pt.


pdfTeX warning: /usr/bin/pdflatex (file ./Imagens/Cap7/turbina_mono_press446.pd
f): PDF inclusion: found PDF version <1.7>, but at most version <1.5> allowed
<Imagens/Cap7/turbina_mono_press446.pdf, id=15384, 48.09808pt x 153.79518pt>
File: Imagens/Cap7/turbina_mono_press446.pdf Graphic file (type pdf)
<use Imagens/Cap7/turbina_mono_press446.pdf>
Package pdftex.def Info: Imagens/Cap7/turbina_mono_press446.pdf  used on input 
line 554.
(pdftex.def)             Requested size: 96.19589pt x 193.7789pt.


pdfTeX warning: /usr/bin/pdflatex (file ./Imagens/Cap7/turbina_mono_press462.pd
f): PDF inclusion: found PDF version <1.7>, but at most version <1.5> allowed
<Imagens/Cap7/turbina_mono_press462.pdf, id=15386, 52.64758pt x 153.11707pt>
File: Imagens/Cap7/turbina_mono_press462.pdf Graphic file (type pdf)
<use Imagens/Cap7/turbina_mono_press462.pdf>
Package pdftex.def Info: Imagens/Cap7/turbina_mono_press462.pdf  used on input 
line 555.
(pdftex.def)             Requested size: 105.29489pt x 192.42267pt.


pdfTeX warning: /usr/bin/pdflatex (file ./Imagens/Cap7/turbina_arlq_geo2.pdf): 
PDF inclusion: found PDF version <1.7>, but at most version <1.5> allowed
<Imagens/Cap7/turbina_arlq_geo2.pdf, id=15392, 83.79727pt x 106.54982pt>
File: Imagens/Cap7/turbina_arlq_geo2.pdf Graphic file (type pdf)
<use Imagens/Cap7/turbina_arlq_geo2.pdf>
Package pdftex.def Info: Imagens/Cap7/turbina_arlq_geo2.pdf  used on input line
 571.
(pdftex.def)             Requested size: 251.39117pt x 319.64864pt.
File: USPSC-TA-PreTextual/SET-CapaContraCapa/CapaDoutorado.png Graphic file (ty
pe png)
<use USPSC-TA-PreTextual/SET-CapaContraCapa/CapaDoutorado.png>
Package pdftex.def Info: USPSC-TA-PreTextual/SET-CapaContraCapa/CapaDoutorado.p
ng  used on input line 577.
(pdftex.def)             Requested size: 597.50426pt x 845.02924pt.
File: USPSC-TA-PreTextual/SET-CapaContraCapa/PaginaBranco/PaginaEmBranco.jpg Gr
aphic file (type jpg)
<use USPSC-TA-PreTextual/SET-CapaContraCapa/PaginaBranco/PaginaEmBranco.jpg>
Package pdftex.def Info: USPSC-TA-PreTextual/SET-CapaContraCapa/PaginaBranco/Pa
ginaEmBranco.jpg  used on input line 577.
(pdftex.def)             Requested size: 597.4945pt x 845.07095pt.
[196 <./Imagens/Cap7/turbina_mono_velocidade_angular-eps-converted-to.pdf>]

pdfTeX warning: /usr/bin/pdflatex (file ./Imagens/Cap7/turbina_arlq_malha.pdf):
 PDF inclusion: found PDF version <1.7>, but at most version <1.5> allowed
<Imagens/Cap7/turbina_arlq_malha.pdf, id=15411, 53.03001pt x 155.88724pt>
File: Imagens/Cap7/turbina_arlq_malha.pdf Graphic file (type pdf)
<use Imagens/Cap7/turbina_arlq_malha.pdf>
Package pdftex.def Info: Imagens/Cap7/turbina_arlq_malha.pdf  used on input lin
e 581.
(pdftex.def)             Requested size: 106.05972pt x 311.77368pt.


pdfTeX warning: /usr/bin/pdflatex (file ./Imagens/Cap7/turbina_arlq_patches.pdf
): PDF inclusion: found PDF version <1.7>, but at most version <1.5> allowed
<Imagens/Cap7/turbina_arlq_patches.pdf, id=15413, 99.41812pt x 155.10902pt>
File: Imagens/Cap7/turbina_arlq_patches.pdf Graphic file (type pdf)
<use Imagens/Cap7/turbina_arlq_patches.pdf>
Package pdftex.def Info: Imagens/Cap7/turbina_arlq_patches.pdf  used on input l
ine 582.
(pdftex.def)             Requested size: 198.83572pt x 310.21729pt.

Underfull \vbox (badness 10000) has occurred while \output is active []

File: USPSC-TA-PreTextual/SET-CapaContraCapa/CapaDoutorado.png Graphic file (ty
pe png)
<use USPSC-TA-PreTextual/SET-CapaContraCapa/CapaDoutorado.png>
Package pdftex.def Info: USPSC-TA-PreTextual/SET-CapaContraCapa/CapaDoutorado.p
ng  used on input line 587.
(pdftex.def)             Requested size: 597.50426pt x 845.02924pt.
File: USPSC-TA-PreTextual/SET-CapaContraCapa/PaginaBranco/PaginaEmBranco.jpg Gr
aphic file (type jpg)
<use USPSC-TA-PreTextual/SET-CapaContraCapa/PaginaBranco/PaginaEmBranco.jpg>
Package pdftex.def Info: USPSC-TA-PreTextual/SET-CapaContraCapa/PaginaBranco/Pa
ginaEmBranco.jpg  used on input line 587.
(pdftex.def)             Requested size: 597.4945pt x 845.07095pt.
 [197 <./Imagens/Cap7/turbina_mono_vel414.pdf> <./Imagens/Cap7/turbina_mono_vel
430.pdf> <./Imagens/Cap7/turbina_mono_vel446.pdf> <./Imagens/Cap7/turbina_mono_
vel462.pdf>]

pdfTeX warning: /usr/bin/pdflatex (file ./Imagens/Cap7/turbina_arlq_deslocament
o.pdf): PDF inclusion: found PDF version <1.7>, but at most version <1.5> allow
ed
<Imagens/Cap7/turbina_arlq_deslocamento.pdf, id=15504, 454.69875pt x 255.95625p
t>
File: Imagens/Cap7/turbina_arlq_deslocamento.pdf Graphic file (type pdf)
<use Imagens/Cap7/turbina_arlq_deslocamento.pdf>
Package pdftex.def Info: Imagens/Cap7/turbina_arlq_deslocamento.pdf  used on in
put line 591.
(pdftex.def)             Requested size: 272.82135pt x 153.57492pt.
Package epstopdf Info: Source file: <Imagens/Cap7/turbina_arlq_velocidade_angul
ar.eps>
(epstopdf)                    date: 2025-11-17 22:57:30
(epstopdf)                    size: 29782 bytes
(epstopdf)             Output file: <Imagens/Cap7/turbina_arlq_velocidade_angul
ar-eps-converted-to.pdf>
(epstopdf)                    date: 2025-11-17 22:57:32
(epstopdf)                    size: 8999 bytes
(epstopdf)             Command: <repstopdf --outfile=Imagens/Cap7/turbina_arlq_
velocidade_angular-eps-converted-to.pdf Imagens/Cap7/turbina_arlq_velocidade_an
gular.eps>
(epstopdf)             \includegraphics on input line 599.
Package epstopdf Info: Output file is already uptodate.
<Imagens/Cap7/turbina_arlq_velocidade_angular-eps-converted-to.pdf, id=15506, 4
54.69875pt x 255.95625pt>
File: Imagens/Cap7/turbina_arlq_velocidade_angular-eps-converted-to.pdf Graphic
 file (type pdf)
<use Imagens/Cap7/turbina_arlq_velocidade_angular-eps-converted-to.pdf>
Package pdftex.def Info: Imagens/Cap7/turbina_arlq_velocidade_angular-eps-conve
rted-to.pdf  used on input line 599.
(pdftex.def)             Requested size: 272.82135pt x 153.57492pt.


pdfTeX warning: /usr/bin/pdflatex (file ./Imagens/Cap7/turbina_arlq_vel226.pdf)
: PDF inclusion: found PDF version <1.7>, but at most version <1.5> allowed
<Imagens/Cap7/turbina_arlq_vel226.pdf, id=15510, 55.81654pt x 150.78824pt>
File: Imagens/Cap7/turbina_arlq_vel226.pdf Graphic file (type pdf)
<use Imagens/Cap7/turbina_arlq_vel226.pdf>
Package pdftex.def Info: Imagens/Cap7/turbina_arlq_vel226.pdf  used on input li
ne 610.
(pdftex.def)             Requested size: 111.63278pt x 187.76501pt.


pdfTeX warning: /usr/bin/pdflatex (file ./Imagens/Cap7/turbina_arlq_vel229.pdf)
: PDF inclusion: found PDF version <1.7>, but at most version <1.5> allowed
<Imagens/Cap7/turbina_arlq_vel229.pdf, id=15512, 50.19783pt x 149.69182pt>
File: Imagens/Cap7/turbina_arlq_vel229.pdf Graphic file (type pdf)
<use Imagens/Cap7/turbina_arlq_vel229.pdf>
Package pdftex.def Info: Imagens/Cap7/turbina_arlq_vel229.pdf  used on input li
ne 611.
(pdftex.def)             Requested size: 100.39539pt x 185.5722pt.


pdfTeX warning: /usr/bin/pdflatex (file ./Imagens/Cap7/turbina_arlq_vel232.pdf)
: PDF inclusion: found PDF version <1.7>, but at most version <1.5> allowed
<Imagens/Cap7/turbina_arlq_vel232.pdf, id=15514, 52.83333pt x 153.72693pt>
File: Imagens/Cap7/turbina_arlq_vel232.pdf Graphic file (type pdf)
<use Imagens/Cap7/turbina_arlq_vel232.pdf>
Package pdftex.def Info: Imagens/Cap7/turbina_arlq_vel232.pdf  used on input li
ne 612.
(pdftex.def)             Requested size: 105.66635pt x 193.6424pt.


pdfTeX warning: /usr/bin/pdflatex (file ./Imagens/Cap7/turbina_arlq_vel235.pdf)
: PDF inclusion: found PDF version <1.7>, but at most version <1.5> allowed
<Imagens/Cap7/turbina_arlq_vel235.pdf, id=15516, 51.64635pt x 153.53017pt>
File: Imagens/Cap7/turbina_arlq_vel235.pdf Graphic file (type pdf)
<use Imagens/Cap7/turbina_arlq_vel235.pdf>
Package pdftex.def Info: Imagens/Cap7/turbina_arlq_vel235.pdf  used on input li
ne 613.
(pdftex.def)             Requested size: 103.29242pt x 193.2489pt.


pdfTeX warning: /usr/bin/pdflatex (file ./Imagens/Cap7/turbina_arlq_press226.pd
f): PDF inclusion: found PDF version <1.7>, but at most version <1.5> allowed
<Imagens/Cap7/turbina_arlq_press226.pdf, id=15518, 58.98741pt x 151.8555pt>
File: Imagens/Cap7/turbina_arlq_press226.pdf Graphic file (type pdf)
<use Imagens/Cap7/turbina_arlq_press226.pdf>
Package pdftex.def Info: Imagens/Cap7/turbina_arlq_press226.pdf  used on input 
line 621.
(pdftex.def)             Requested size: 117.97452pt x 189.89957pt.


pdfTeX warning: /usr/bin/pdflatex (file ./Imagens/Cap7/turbina_arlq_press229.pd
f): PDF inclusion: found PDF version <1.7>, but at most version <1.5> allowed
<Imagens/Cap7/turbina_arlq_press229.pdf, id=15520, 50.19783pt x 149.69182pt>
File: Imagens/Cap7/turbina_arlq_press229.pdf Graphic file (type pdf)
<use Imagens/Cap7/turbina_arlq_press229.pdf>
Package pdftex.def Info: Imagens/Cap7/turbina_arlq_press229.pdf  used on input 
line 622.
(pdftex.def)             Requested size: 100.39539pt x 185.5722pt.


pdfTeX warning: /usr/bin/pdflatex (file ./Imagens/Cap7/turbina_arlq_press232.pd
f): PDF inclusion: found PDF version <1.7>, but at most version <1.5> allowed
<Imagens/Cap7/turbina_arlq_press232.pdf, id=15522, 60.46698pt x 152.19115pt>
File: Imagens/Cap7/turbina_arlq_press232.pdf Graphic file (type pdf)
<use Imagens/Cap7/turbina_arlq_press232.pdf>
Package pdftex.def Info: Imagens/Cap7/turbina_arlq_press232.pdf  used on input 
line 623.
(pdftex.def)             Requested size: 120.93362pt x 190.57086pt.


pdfTeX warning: /usr/bin/pdflatex (file ./Imagens/Cap7/turbina_arlq_press235.pd
f): PDF inclusion: found PDF version <1.7>, but at most version <1.5> allowed
<Imagens/Cap7/turbina_arlq_press235.pdf, id=15524, 55.63608pt x 154.70729pt>
File: Imagens/Cap7/turbina_arlq_press235.pdf Graphic file (type pdf)
<use Imagens/Cap7/turbina_arlq_press235.pdf>
Package pdftex.def Info: Imagens/Cap7/turbina_arlq_press235.pdf  used on input 
line 624.
(pdftex.def)             Requested size: 111.27188pt x 195.60312pt.
)
Underfull \vbox (badness 10000) has occurred while \output is active []

File: USPSC-TA-PreTextual/SET-CapaContraCapa/CapaDoutorado.png Graphic file (ty
pe png)
<use USPSC-TA-PreTextual/SET-CapaContraCapa/CapaDoutorado.png>
Package pdftex.def Info: USPSC-TA-PreTextual/SET-CapaContraCapa/CapaDoutorado.p
ng  used on input line 519.
(pdftex.def)             Requested size: 597.50426pt x 845.02924pt.
File: USPSC-TA-PreTextual/SET-CapaContraCapa/PaginaBranco/PaginaEmBranco.jpg Gr
aphic file (type jpg)
<use USPSC-TA-PreTextual/SET-CapaContraCapa/PaginaBranco/PaginaEmBranco.jpg>
Package pdftex.def Info: USPSC-TA-PreTextual/SET-CapaContraCapa/PaginaBranco/Pa
ginaEmBranco.jpg  used on input line 519.
(pdftex.def)             Requested size: 597.4945pt x 845.07095pt.
 [198 <./Imagens/Cap7/turbina_mono_press414.pdf> <./Imagens/Cap7/turbina_mono_p
ress430.pdf> <./Imagens/Cap7/turbina_mono_press446.pdf> <./Imagens/Cap7/turbina
_mono_press462.pdf>]
File: USPSC-TA-PreTextual/SET-CapaContraCapa/CapaDoutorado.png Graphic file (ty
pe png)
<use USPSC-TA-PreTextual/SET-CapaContraCapa/CapaDoutorado.png>
Package pdftex.def Info: USPSC-TA-PreTextual/SET-CapaContraCapa/CapaDoutorado.p
ng  used on input line 519.
(pdftex.def)             Requested size: 597.50426pt x 845.02924pt.
File: USPSC-TA-PreTextual/SET-CapaContraCapa/PaginaBranco/PaginaEmBranco.jpg Gr
aphic file (type jpg)
<use USPSC-TA-PreTextual/SET-CapaContraCapa/PaginaBranco/PaginaEmBranco.jpg>
Package pdftex.def Info: USPSC-TA-PreTextual/SET-CapaContraCapa/PaginaBranco/Pa
ginaEmBranco.jpg  used on input line 519.
(pdftex.def)             Requested size: 597.4945pt x 845.07095pt.
 [199 <./Imagens/Cap7/turbina_arlq_geo2.pdf>]
File: USPSC-TA-PreTextual/SET-CapaContraCapa/CapaDoutorado.png Graphic file (ty
pe png)
<use USPSC-TA-PreTextual/SET-CapaContraCapa/CapaDoutorado.png>
Package pdftex.def Info: USPSC-TA-PreTextual/SET-CapaContraCapa/CapaDoutorado.p
ng  used on input line 519.
(pdftex.def)             Requested size: 597.50426pt x 845.02924pt.
File: USPSC-TA-PreTextual/SET-CapaContraCapa/PaginaBranco/PaginaEmBranco.jpg Gr
aphic file (type jpg)
<use USPSC-TA-PreTextual/SET-CapaContraCapa/PaginaBranco/PaginaEmBranco.jpg>
Package pdftex.def Info: USPSC-TA-PreTextual/SET-CapaContraCapa/PaginaBranco/Pa
ginaEmBranco.jpg  used on input line 519.
(pdftex.def)             Requested size: 597.4945pt x 845.07095pt.
 [200 <./Imagens/Cap7/turbina_arlq_malha.pdf> <./Imagens/Cap7/turbina_arlq_patc
hes.pdf> <./Imagens/Cap7/turbina_arlq_deslocamento.pdf>]
File: USPSC-TA-PreTextual/SET-CapaContraCapa/CapaDoutorado.png Graphic file (ty
pe png)
<use USPSC-TA-PreTextual/SET-CapaContraCapa/CapaDoutorado.png>
Package pdftex.def Info: USPSC-TA-PreTextual/SET-CapaContraCapa/CapaDoutorado.p
ng  used on input line 519.
(pdftex.def)             Requested size: 597.50426pt x 845.02924pt.
File: USPSC-TA-PreTextual/SET-CapaContraCapa/PaginaBranco/PaginaEmBranco.jpg Gr
aphic file (type jpg)
<use USPSC-TA-PreTextual/SET-CapaContraCapa/PaginaBranco/PaginaEmBranco.jpg>
Package pdftex.def Info: USPSC-TA-PreTextual/SET-CapaContraCapa/PaginaBranco/Pa
ginaEmBranco.jpg  used on input line 519.
(pdftex.def)             Requested size: 597.4945pt x 845.07095pt.
 [201 <./Imagens/Cap7/turbina_arlq_velocidade_angular-eps-converted-to.pdf> <./
Imagens/Cap7/turbina_arlq_vel226.pdf> <./Imagens/Cap7/turbina_arlq_vel229.pdf> 
<./Imagens/Cap7/turbina_arlq_vel232.pdf> <./Imagens/Cap7/turbina_arlq_vel235.pd
f>]
File: USPSC-TA-PreTextual/SET-CapaContraCapa/CapaDoutorado.png Graphic file (ty
pe png)
<use USPSC-TA-PreTextual/SET-CapaContraCapa/CapaDoutorado.png>
Package pdftex.def Info: USPSC-TA-PreTextual/SET-CapaContraCapa/CapaDoutorado.p
ng  used on input line 519.
(pdftex.def)             Requested size: 597.50426pt x 845.02924pt.
File: USPSC-TA-PreTextual/SET-CapaContraCapa/PaginaBranco/PaginaEmBranco.jpg Gr
aphic file (type jpg)
<use USPSC-TA-PreTextual/SET-CapaContraCapa/PaginaBranco/PaginaEmBranco.jpg>
Package pdftex.def Info: USPSC-TA-PreTextual/SET-CapaContraCapa/PaginaBranco/Pa
ginaEmBranco.jpg  used on input line 519.
(pdftex.def)             Requested size: 597.4945pt x 845.07095pt.
 [202 <./Imagens/Cap7/turbina_arlq_press226.pdf> <./Imagens/Cap7/turbina_arlq_p
ress229.pdf> <./Imagens/Cap7/turbina_arlq_press232.pdf> <./Imagens/Cap7/turbina
_arlq_press235.pdf>]
\openout2 = `Conclusoes.aux'.

 (./Conclusoes.tex
Underfull \vbox (badness 10000) has occurred while \output is active []

File: USPSC-TA-PreTextual/SET-CapaContraCapa/CapaDoutorado.png Graphic file (ty
pe png)
<use USPSC-TA-PreTextual/SET-CapaContraCapa/CapaDoutorado.png>
Package pdftex.def Info: USPSC-TA-PreTextual/SET-CapaContraCapa/CapaDoutorado.p
ng  used on input line 15.
(pdftex.def)             Requested size: 597.50426pt x 845.02924pt.
File: USPSC-TA-PreTextual/SET-CapaContraCapa/PaginaBranco/PaginaEmBranco.jpg Gr
aphic file (type jpg)
<use USPSC-TA-PreTextual/SET-CapaContraCapa/PaginaBranco/PaginaEmBranco.jpg>
Package pdftex.def Info: USPSC-TA-PreTextual/SET-CapaContraCapa/PaginaBranco/Pa
ginaEmBranco.jpg  used on input line 15.
(pdftex.def)             Requested size: 597.4945pt x 845.07095pt.
 [203




]
Underfull \vbox (badness 10000) has occurred while \output is active []

File: USPSC-TA-PreTextual/SET-CapaContraCapa/CapaDoutorado.png Graphic file (ty
pe png)
<use USPSC-TA-PreTextual/SET-CapaContraCapa/CapaDoutorado.png>
Package pdftex.def Info: USPSC-TA-PreTextual/SET-CapaContraCapa/CapaDoutorado.p
ng  used on input line 25.
(pdftex.def)             Requested size: 597.50426pt x 845.02924pt.
File: USPSC-TA-PreTextual/SET-CapaContraCapa/PaginaBranco/PaginaEmBranco.jpg Gr
aphic file (type jpg)
<use USPSC-TA-PreTextual/SET-CapaContraCapa/PaginaBranco/PaginaEmBranco.jpg>
Package pdftex.def Info: USPSC-TA-PreTextual/SET-CapaContraCapa/PaginaBranco/Pa
ginaEmBranco.jpg  used on input line 25.
(pdftex.def)             Requested size: 597.4945pt x 845.07095pt.
 [204]
Underfull \vbox (badness 10000) has occurred while \output is active []

File: USPSC-TA-PreTextual/SET-CapaContraCapa/CapaDoutorado.png Graphic file (ty
pe png)
<use USPSC-TA-PreTextual/SET-CapaContraCapa/CapaDoutorado.png>
Package pdftex.def Info: USPSC-TA-PreTextual/SET-CapaContraCapa/CapaDoutorado.p
ng  used on input line 35.
(pdftex.def)             Requested size: 597.50426pt x 845.02924pt.
File: USPSC-TA-PreTextual/SET-CapaContraCapa/PaginaBranco/PaginaEmBranco.jpg Gr
aphic file (type jpg)
<use USPSC-TA-PreTextual/SET-CapaContraCapa/PaginaBranco/PaginaEmBranco.jpg>
Package pdftex.def Info: USPSC-TA-PreTextual/SET-CapaContraCapa/PaginaBranco/Pa
ginaEmBranco.jpg  used on input line 35.
(pdftex.def)             Requested size: 597.4945pt x 845.07095pt.
 [205]
File: USPSC-TA-PreTextual/SET-CapaContraCapa/CapaDoutorado.png Graphic file (ty
pe png)
<use USPSC-TA-PreTextual/SET-CapaContraCapa/CapaDoutorado.png>
Package pdftex.def Info: USPSC-TA-PreTextual/SET-CapaContraCapa/CapaDoutorado.p
ng  used on input line 50.
(pdftex.def)             Requested size: 597.50426pt x 845.02924pt.
File: USPSC-TA-PreTextual/SET-CapaContraCapa/PaginaBranco/PaginaEmBranco.jpg Gr
aphic file (type jpg)
<use USPSC-TA-PreTextual/SET-CapaContraCapa/PaginaBranco/PaginaEmBranco.jpg>
Package pdftex.def Info: USPSC-TA-PreTextual/SET-CapaContraCapa/PaginaBranco/Pa
ginaEmBranco.jpg  used on input line 50.
(pdftex.def)             Requested size: 597.4945pt x 845.07095pt.

[206])
File: USPSC-TA-PreTextual/SET-CapaContraCapa/CapaDoutorado.png Graphic file (ty
pe png)
<use USPSC-TA-PreTextual/SET-CapaContraCapa/CapaDoutorado.png>
Package pdftex.def Info: USPSC-TA-PreTextual/SET-CapaContraCapa/CapaDoutorado.p
ng  used on input line 520.
(pdftex.def)             Requested size: 597.50426pt x 845.02924pt.
File: USPSC-TA-PreTextual/SET-CapaContraCapa/PaginaBranco/PaginaEmBranco.jpg Gr
aphic file (type jpg)
<use USPSC-TA-PreTextual/SET-CapaContraCapa/PaginaBranco/PaginaEmBranco.jpg>
Package pdftex.def Info: USPSC-TA-PreTextual/SET-CapaContraCapa/PaginaBranco/Pa
ginaEmBranco.jpg  used on input line 520.
(pdftex.def)             Requested size: 597.4945pt x 845.07095pt.
 [207] (./USPSC-modelo-EESC.bbl
File: USPSC-TA-PreTextual/SET-CapaContraCapa/CapaDoutorado.png Graphic file (ty
pe png)
<use USPSC-TA-PreTextual/SET-CapaContraCapa/CapaDoutorado.png>
Package pdftex.def Info: USPSC-TA-PreTextual/SET-CapaContraCapa/CapaDoutorado.p
ng  used on input line 3.
(pdftex.def)             Requested size: 597.50426pt x 845.02924pt.
File: USPSC-TA-PreTextual/SET-CapaContraCapa/PaginaBranco/PaginaEmBranco.jpg Gr
aphic file (type jpg)
<use USPSC-TA-PreTextual/SET-CapaContraCapa/PaginaBranco/PaginaEmBranco.jpg>
Package pdftex.def Info: USPSC-TA-PreTextual/SET-CapaContraCapa/PaginaBranco/Pa
ginaEmBranco.jpg  used on input line 3.
(pdftex.def)             Requested size: 597.4945pt x 845.07095pt.
 [208



]

Package hyperref Warning: Token not allowed in a PDF string (Unicode):
(hyperref)                removing `\uppercase' on input line 3.

bibitemlist
File: USPSC-TA-PreTextual/SET-CapaContraCapa/CapaDoutorado.png Graphic file (ty
pe png)
<use USPSC-TA-PreTextual/SET-CapaContraCapa/CapaDoutorado.png>
Package pdftex.def Info: USPSC-TA-PreTextual/SET-CapaContraCapa/CapaDoutorado.p
ng  used on input line 97.
(pdftex.def)             Requested size: 597.50426pt x 845.02924pt.
File: USPSC-TA-PreTextual/SET-CapaContraCapa/PaginaBranco/PaginaEmBranco.jpg Gr
aphic file (type jpg)
<use USPSC-TA-PreTextual/SET-CapaContraCapa/PaginaBranco/PaginaEmBranco.jpg>
Package pdftex.def Info: USPSC-TA-PreTextual/SET-CapaContraCapa/PaginaBranco/Pa
ginaEmBranco.jpg  used on input line 97.
(pdftex.def)             Requested size: 597.4945pt x 845.07095pt.
[209]
File: USPSC-TA-PreTextual/SET-CapaContraCapa/CapaDoutorado.png Graphic file (ty
pe png)
<use USPSC-TA-PreTextual/SET-CapaContraCapa/CapaDoutorado.png>
Package pdftex.def Info: USPSC-TA-PreTextual/SET-CapaContraCapa/CapaDoutorado.p
ng  used on input line 190.
(pdftex.def)             Requested size: 597.50426pt x 845.02924pt.
File: USPSC-TA-PreTextual/SET-CapaContraCapa/PaginaBranco/PaginaEmBranco.jpg Gr
aphic file (type jpg)
<use USPSC-TA-PreTextual/SET-CapaContraCapa/PaginaBranco/PaginaEmBranco.jpg>
Package pdftex.def Info: USPSC-TA-PreTextual/SET-CapaContraCapa/PaginaBranco/Pa
ginaEmBranco.jpg  used on input line 190.
(pdftex.def)             Requested size: 597.4945pt x 845.07095pt.
 [210]
File: USPSC-TA-PreTextual/SET-CapaContraCapa/CapaDoutorado.png Graphic file (ty
pe png)
<use USPSC-TA-PreTextual/SET-CapaContraCapa/CapaDoutorado.png>
Package pdftex.def Info: USPSC-TA-PreTextual/SET-CapaContraCapa/CapaDoutorado.p
ng  used on input line 285.
(pdftex.def)             Requested size: 597.50426pt x 845.02924pt.
File: USPSC-TA-PreTextual/SET-CapaContraCapa/PaginaBranco/PaginaEmBranco.jpg Gr
aphic file (type jpg)
<use USPSC-TA-PreTextual/SET-CapaContraCapa/PaginaBranco/PaginaEmBranco.jpg>
Package pdftex.def Info: USPSC-TA-PreTextual/SET-CapaContraCapa/PaginaBranco/Pa
ginaEmBranco.jpg  used on input line 285.
(pdftex.def)             Requested size: 597.4945pt x 845.07095pt.
 [211]
File: USPSC-TA-PreTextual/SET-CapaContraCapa/CapaDoutorado.png Graphic file (ty
pe png)
<use USPSC-TA-PreTextual/SET-CapaContraCapa/CapaDoutorado.png>
Package pdftex.def Info: USPSC-TA-PreTextual/SET-CapaContraCapa/CapaDoutorado.p
ng  used on input line 371.
(pdftex.def)             Requested size: 597.50426pt x 845.02924pt.
File: USPSC-TA-PreTextual/SET-CapaContraCapa/PaginaBranco/PaginaEmBranco.jpg Gr
aphic file (type jpg)
<use USPSC-TA-PreTextual/SET-CapaContraCapa/PaginaBranco/PaginaEmBranco.jpg>
Package pdftex.def Info: USPSC-TA-PreTextual/SET-CapaContraCapa/PaginaBranco/Pa
ginaEmBranco.jpg  used on input line 371.
(pdftex.def)             Requested size: 597.4945pt x 845.07095pt.
 [212]
File: USPSC-TA-PreTextual/SET-CapaContraCapa/CapaDoutorado.png Graphic file (ty
pe png)
<use USPSC-TA-PreTextual/SET-CapaContraCapa/CapaDoutorado.png>
Package pdftex.def Info: USPSC-TA-PreTextual/SET-CapaContraCapa/CapaDoutorado.p
ng  used on input line 455.
(pdftex.def)             Requested size: 597.50426pt x 845.02924pt.
File: USPSC-TA-PreTextual/SET-CapaContraCapa/PaginaBranco/PaginaEmBranco.jpg Gr
aphic file (type jpg)
<use USPSC-TA-PreTextual/SET-CapaContraCapa/PaginaBranco/PaginaEmBranco.jpg>
Package pdftex.def Info: USPSC-TA-PreTextual/SET-CapaContraCapa/PaginaBranco/Pa
ginaEmBranco.jpg  used on input line 455.
(pdftex.def)             Requested size: 597.4945pt x 845.07095pt.
 [213]
File: USPSC-TA-PreTextual/SET-CapaContraCapa/CapaDoutorado.png Graphic file (ty
pe png)
<use USPSC-TA-PreTextual/SET-CapaContraCapa/CapaDoutorado.png>
Package pdftex.def Info: USPSC-TA-PreTextual/SET-CapaContraCapa/CapaDoutorado.p
ng  used on input line 539.
(pdftex.def)             Requested size: 597.50426pt x 845.02924pt.
File: USPSC-TA-PreTextual/SET-CapaContraCapa/PaginaBranco/PaginaEmBranco.jpg Gr
aphic file (type jpg)
<use USPSC-TA-PreTextual/SET-CapaContraCapa/PaginaBranco/PaginaEmBranco.jpg>
Package pdftex.def Info: USPSC-TA-PreTextual/SET-CapaContraCapa/PaginaBranco/Pa
ginaEmBranco.jpg  used on input line 539.
(pdftex.def)             Requested size: 597.4945pt x 845.07095pt.
 [214]
File: USPSC-TA-PreTextual/SET-CapaContraCapa/CapaDoutorado.png Graphic file (ty
pe png)
<use USPSC-TA-PreTextual/SET-CapaContraCapa/CapaDoutorado.png>
Package pdftex.def Info: USPSC-TA-PreTextual/SET-CapaContraCapa/CapaDoutorado.p
ng  used on input line 626.
(pdftex.def)             Requested size: 597.50426pt x 845.02924pt.
File: USPSC-TA-PreTextual/SET-CapaContraCapa/PaginaBranco/PaginaEmBranco.jpg Gr
aphic file (type jpg)
<use USPSC-TA-PreTextual/SET-CapaContraCapa/PaginaBranco/PaginaEmBranco.jpg>
Package pdftex.def Info: USPSC-TA-PreTextual/SET-CapaContraCapa/PaginaBranco/Pa
ginaEmBranco.jpg  used on input line 626.
(pdftex.def)             Requested size: 597.4945pt x 845.07095pt.
 [215]
File: USPSC-TA-PreTextual/SET-CapaContraCapa/CapaDoutorado.png Graphic file (ty
pe png)
<use USPSC-TA-PreTextual/SET-CapaContraCapa/CapaDoutorado.png>
Package pdftex.def Info: USPSC-TA-PreTextual/SET-CapaContraCapa/CapaDoutorado.p
ng  used on input line 720.
(pdftex.def)             Requested size: 597.50426pt x 845.02924pt.
File: USPSC-TA-PreTextual/SET-CapaContraCapa/PaginaBranco/PaginaEmBranco.jpg Gr
aphic file (type jpg)
<use USPSC-TA-PreTextual/SET-CapaContraCapa/PaginaBranco/PaginaEmBranco.jpg>
Package pdftex.def Info: USPSC-TA-PreTextual/SET-CapaContraCapa/PaginaBranco/Pa
ginaEmBranco.jpg  used on input line 720.
(pdftex.def)             Requested size: 597.4945pt x 845.07095pt.
 [216]
File: USPSC-TA-PreTextual/SET-CapaContraCapa/CapaDoutorado.png Graphic file (ty
pe png)
<use USPSC-TA-PreTextual/SET-CapaContraCapa/CapaDoutorado.png>
Package pdftex.def Info: USPSC-TA-PreTextual/SET-CapaContraCapa/CapaDoutorado.p
ng  used on input line 805.
(pdftex.def)             Requested size: 597.50426pt x 845.02924pt.
File: USPSC-TA-PreTextual/SET-CapaContraCapa/PaginaBranco/PaginaEmBranco.jpg Gr
aphic file (type jpg)
<use USPSC-TA-PreTextual/SET-CapaContraCapa/PaginaBranco/PaginaEmBranco.jpg>
Package pdftex.def Info: USPSC-TA-PreTextual/SET-CapaContraCapa/PaginaBranco/Pa
ginaEmBranco.jpg  used on input line 805.
(pdftex.def)             Requested size: 597.4945pt x 845.07095pt.
 [217]
File: USPSC-TA-PreTextual/SET-CapaContraCapa/CapaDoutorado.png Graphic file (ty
pe png)
<use USPSC-TA-PreTextual/SET-CapaContraCapa/CapaDoutorado.png>
Package pdftex.def Info: USPSC-TA-PreTextual/SET-CapaContraCapa/CapaDoutorado.p
ng  used on input line 892.
(pdftex.def)             Requested size: 597.50426pt x 845.02924pt.
File: USPSC-TA-PreTextual/SET-CapaContraCapa/PaginaBranco/PaginaEmBranco.jpg Gr
aphic file (type jpg)
<use USPSC-TA-PreTextual/SET-CapaContraCapa/PaginaBranco/PaginaEmBranco.jpg>
Package pdftex.def Info: USPSC-TA-PreTextual/SET-CapaContraCapa/PaginaBranco/Pa
ginaEmBranco.jpg  used on input line 892.
(pdftex.def)             Requested size: 597.4945pt x 845.07095pt.
 [218]
File: USPSC-TA-PreTextual/SET-CapaContraCapa/CapaDoutorado.png Graphic file (ty
pe png)
<use USPSC-TA-PreTextual/SET-CapaContraCapa/CapaDoutorado.png>
Package pdftex.def Info: USPSC-TA-PreTextual/SET-CapaContraCapa/CapaDoutorado.p
ng  used on input line 980.
(pdftex.def)             Requested size: 597.50426pt x 845.02924pt.
File: USPSC-TA-PreTextual/SET-CapaContraCapa/PaginaBranco/PaginaEmBranco.jpg Gr
aphic file (type jpg)
<use USPSC-TA-PreTextual/SET-CapaContraCapa/PaginaBranco/PaginaEmBranco.jpg>
Package pdftex.def Info: USPSC-TA-PreTextual/SET-CapaContraCapa/PaginaBranco/Pa
ginaEmBranco.jpg  used on input line 980.
(pdftex.def)             Requested size: 597.4945pt x 845.07095pt.
 [219])
File: USPSC-TA-PreTextual/SET-CapaContraCapa/CapaDoutorado.png Graphic file (ty
pe png)
<use USPSC-TA-PreTextual/SET-CapaContraCapa/CapaDoutorado.png>
Package pdftex.def Info: USPSC-TA-PreTextual/SET-CapaContraCapa/CapaDoutorado.p
ng  used on input line 545.
(pdftex.def)             Requested size: 597.50426pt x 845.02924pt.
File: USPSC-TA-PreTextual/SET-CapaContraCapa/PaginaBranco/PaginaEmBranco.jpg Gr
aphic file (type jpg)
<use USPSC-TA-PreTextual/SET-CapaContraCapa/PaginaBranco/PaginaEmBranco.jpg>
Package pdftex.def Info: USPSC-TA-PreTextual/SET-CapaContraCapa/PaginaBranco/Pa
ginaEmBranco.jpg  used on input line 545.
(pdftex.def)             Requested size: 597.4945pt x 845.07095pt.
 [220]
\openout2 = `USPSC-TA-PosTextual/USPSC-Apendices.aux'.


(./USPSC-TA-PosTextual/USPSC-Apendices.tex

Package hyperref Warning: Token not allowed in a PDF string (Unicode):
(hyperref)                removing `\uppercase' on input line 9.

File: USPSC-TA-PreTextual/SET-CapaContraCapa/CapaDoutorado.png Graphic file (ty
pe png)
<use USPSC-TA-PreTextual/SET-CapaContraCapa/CapaDoutorado.png>
Package pdftex.def Info: USPSC-TA-PreTextual/SET-CapaContraCapa/CapaDoutorado.p
ng  used on input line 9.
(pdftex.def)             Requested size: 597.50426pt x 845.02924pt.
File: USPSC-TA-PreTextual/SET-CapaContraCapa/PaginaBranco/PaginaEmBranco.jpg Gr
aphic file (type jpg)
<use USPSC-TA-PreTextual/SET-CapaContraCapa/PaginaBranco/PaginaEmBranco.jpg>
Package pdftex.def Info: USPSC-TA-PreTextual/SET-CapaContraCapa/PaginaBranco/Pa
ginaEmBranco.jpg  used on input line 9.
(pdftex.def)             Requested size: 597.4945pt x 845.07095pt.
[221



]
File: USPSC-TA-PreTextual/SET-CapaContraCapa/CapaDoutorado.png Graphic file (ty
pe png)
<use USPSC-TA-PreTextual/SET-CapaContraCapa/CapaDoutorado.png>
Package pdftex.def Info: USPSC-TA-PreTextual/SET-CapaContraCapa/CapaDoutorado.p
ng  used on input line 9.
(pdftex.def)             Requested size: 597.50426pt x 845.02924pt.
File: USPSC-TA-PreTextual/SET-CapaContraCapa/PaginaBranco/PaginaEmBranco.jpg Gr
aphic file (type jpg)
<use USPSC-TA-PreTextual/SET-CapaContraCapa/PaginaBranco/PaginaEmBranco.jpg>
Package pdftex.def Info: USPSC-TA-PreTextual/SET-CapaContraCapa/PaginaBranco/Pa
ginaEmBranco.jpg  used on input line 9.
(pdftex.def)             Requested size: 597.4945pt x 845.07095pt.
 [222]
Underfull \vbox (badness 10000) has occurred while \output is active []

File: USPSC-TA-PreTextual/SET-CapaContraCapa/CapaDoutorado.png Graphic file (ty
pe png)
<use USPSC-TA-PreTextual/SET-CapaContraCapa/CapaDoutorado.png>
Package pdftex.def Info: USPSC-TA-PreTextual/SET-CapaContraCapa/CapaDoutorado.p
ng  used on input line 153.
(pdftex.def)             Requested size: 597.50426pt x 845.02924pt.
File: USPSC-TA-PreTextual/SET-CapaContraCapa/PaginaBranco/PaginaEmBranco.jpg Gr
aphic file (type jpg)
<use USPSC-TA-PreTextual/SET-CapaContraCapa/PaginaBranco/PaginaEmBranco.jpg>
Package pdftex.def Info: USPSC-TA-PreTextual/SET-CapaContraCapa/PaginaBranco/Pa
ginaEmBranco.jpg  used on input line 153.
(pdftex.def)             Requested size: 597.4945pt x 845.07095pt.
 [223

]
Underfull \vbox (badness 10000) has occurred while \output is active []

File: USPSC-TA-PreTextual/SET-CapaContraCapa/CapaDoutorado.png Graphic file (ty
pe png)
<use USPSC-TA-PreTextual/SET-CapaContraCapa/CapaDoutorado.png>
Package pdftex.def Info: USPSC-TA-PreTextual/SET-CapaContraCapa/CapaDoutorado.p
ng  used on input line 229.
(pdftex.def)             Requested size: 597.50426pt x 845.02924pt.
File: USPSC-TA-PreTextual/SET-CapaContraCapa/PaginaBranco/PaginaEmBranco.jpg Gr
aphic file (type jpg)
<use USPSC-TA-PreTextual/SET-CapaContraCapa/PaginaBranco/PaginaEmBranco.jpg>
Package pdftex.def Info: USPSC-TA-PreTextual/SET-CapaContraCapa/PaginaBranco/Pa
ginaEmBranco.jpg  used on input line 229.
(pdftex.def)             Requested size: 597.4945pt x 845.07095pt.
 [224]
Underfull \vbox (badness 10000) has occurred while \output is active []

File: USPSC-TA-PreTextual/SET-CapaContraCapa/CapaDoutorado.png Graphic file (ty
pe png)
<use USPSC-TA-PreTextual/SET-CapaContraCapa/CapaDoutorado.png>
Package pdftex.def Info: USPSC-TA-PreTextual/SET-CapaContraCapa/CapaDoutorado.p
ng  used on input line 305.
(pdftex.def)             Requested size: 597.50426pt x 845.02924pt.
File: USPSC-TA-PreTextual/SET-CapaContraCapa/PaginaBranco/PaginaEmBranco.jpg Gr
aphic file (type jpg)
<use USPSC-TA-PreTextual/SET-CapaContraCapa/PaginaBranco/PaginaEmBranco.jpg>
Package pdftex.def Info: USPSC-TA-PreTextual/SET-CapaContraCapa/PaginaBranco/Pa
ginaEmBranco.jpg  used on input line 305.
(pdftex.def)             Requested size: 597.4945pt x 845.07095pt.
 [225]
Underfull \vbox (badness 10000) has occurred while \output is active []

File: USPSC-TA-PreTextual/SET-CapaContraCapa/CapaDoutorado.png Graphic file (ty
pe png)
<use USPSC-TA-PreTextual/SET-CapaContraCapa/CapaDoutorado.png>
Package pdftex.def Info: USPSC-TA-PreTextual/SET-CapaContraCapa/CapaDoutorado.p
ng  used on input line 381.
(pdftex.def)             Requested size: 597.50426pt x 845.02924pt.
File: USPSC-TA-PreTextual/SET-CapaContraCapa/PaginaBranco/PaginaEmBranco.jpg Gr
aphic file (type jpg)
<use USPSC-TA-PreTextual/SET-CapaContraCapa/PaginaBranco/PaginaEmBranco.jpg>
Package pdftex.def Info: USPSC-TA-PreTextual/SET-CapaContraCapa/PaginaBranco/Pa
ginaEmBranco.jpg  used on input line 381.
(pdftex.def)             Requested size: 597.4945pt x 845.07095pt.
 [226]
Underfull \vbox (badness 10000) has occurred while \output is active []

File: USPSC-TA-PreTextual/SET-CapaContraCapa/CapaDoutorado.png Graphic file (ty
pe png)
<use USPSC-TA-PreTextual/SET-CapaContraCapa/CapaDoutorado.png>
Package pdftex.def Info: USPSC-TA-PreTextual/SET-CapaContraCapa/CapaDoutorado.p
ng  used on input line 457.
(pdftex.def)             Requested size: 597.50426pt x 845.02924pt.
File: USPSC-TA-PreTextual/SET-CapaContraCapa/PaginaBranco/PaginaEmBranco.jpg Gr
aphic file (type jpg)
<use USPSC-TA-PreTextual/SET-CapaContraCapa/PaginaBranco/PaginaEmBranco.jpg>
Package pdftex.def Info: USPSC-TA-PreTextual/SET-CapaContraCapa/PaginaBranco/Pa
ginaEmBranco.jpg  used on input line 457.
(pdftex.def)             Requested size: 597.4945pt x 845.07095pt.
 [227]
Underfull \vbox (badness 10000) has occurred while \output is active []

File: USPSC-TA-PreTextual/SET-CapaContraCapa/CapaDoutorado.png Graphic file (ty
pe png)
<use USPSC-TA-PreTextual/SET-CapaContraCapa/CapaDoutorado.png>
Package pdftex.def Info: USPSC-TA-PreTextual/SET-CapaContraCapa/CapaDoutorado.p
ng  used on input line 533.
(pdftex.def)             Requested size: 597.50426pt x 845.02924pt.
File: USPSC-TA-PreTextual/SET-CapaContraCapa/PaginaBranco/PaginaEmBranco.jpg Gr
aphic file (type jpg)
<use USPSC-TA-PreTextual/SET-CapaContraCapa/PaginaBranco/PaginaEmBranco.jpg>
Package pdftex.def Info: USPSC-TA-PreTextual/SET-CapaContraCapa/PaginaBranco/Pa
ginaEmBranco.jpg  used on input line 533.
(pdftex.def)             Requested size: 597.4945pt x 845.07095pt.
 [228]
Underfull \vbox (badness 10000) has occurred while \output is active []

File: USPSC-TA-PreTextual/SET-CapaContraCapa/CapaDoutorado.png Graphic file (ty
pe png)
<use USPSC-TA-PreTextual/SET-CapaContraCapa/CapaDoutorado.png>
Package pdftex.def Info: USPSC-TA-PreTextual/SET-CapaContraCapa/CapaDoutorado.p
ng  used on input line 609.
(pdftex.def)             Requested size: 597.50426pt x 845.02924pt.
File: USPSC-TA-PreTextual/SET-CapaContraCapa/PaginaBranco/PaginaEmBranco.jpg Gr
aphic file (type jpg)
<use USPSC-TA-PreTextual/SET-CapaContraCapa/PaginaBranco/PaginaEmBranco.jpg>
Package pdftex.def Info: USPSC-TA-PreTextual/SET-CapaContraCapa/PaginaBranco/Pa
ginaEmBranco.jpg  used on input line 609.
(pdftex.def)             Requested size: 597.4945pt x 845.07095pt.
 [229]
Underfull \vbox (badness 10000) has occurred while \output is active []

File: USPSC-TA-PreTextual/SET-CapaContraCapa/CapaDoutorado.png Graphic file (ty
pe png)
<use USPSC-TA-PreTextual/SET-CapaContraCapa/CapaDoutorado.png>
Package pdftex.def Info: USPSC-TA-PreTextual/SET-CapaContraCapa/CapaDoutorado.p
ng  used on input line 663.
(pdftex.def)             Requested size: 597.50426pt x 845.02924pt.
File: USPSC-TA-PreTextual/SET-CapaContraCapa/PaginaBranco/PaginaEmBranco.jpg Gr
aphic file (type jpg)
<use USPSC-TA-PreTextual/SET-CapaContraCapa/PaginaBranco/PaginaEmBranco.jpg>
Package pdftex.def Info: USPSC-TA-PreTextual/SET-CapaContraCapa/PaginaBranco/Pa
ginaEmBranco.jpg  used on input line 663.
(pdftex.def)             Requested size: 597.4945pt x 845.07095pt.
 [230]
Underfull \vbox (badness 10000) has occurred while \output is active []

File: USPSC-TA-PreTextual/SET-CapaContraCapa/CapaDoutorado.png Graphic file (ty
pe png)
<use USPSC-TA-PreTextual/SET-CapaContraCapa/CapaDoutorado.png>
Package pdftex.def Info: USPSC-TA-PreTextual/SET-CapaContraCapa/CapaDoutorado.p
ng  used on input line 665.
(pdftex.def)             Requested size: 597.50426pt x 845.02924pt.
File: USPSC-TA-PreTextual/SET-CapaContraCapa/PaginaBranco/PaginaEmBranco.jpg Gr
aphic file (type jpg)
<use USPSC-TA-PreTextual/SET-CapaContraCapa/PaginaBranco/PaginaEmBranco.jpg>
Package pdftex.def Info: USPSC-TA-PreTextual/SET-CapaContraCapa/PaginaBranco/Pa
ginaEmBranco.jpg  used on input line 665.
(pdftex.def)             Requested size: 597.4945pt x 845.07095pt.
 [231]
Underfull \vbox (badness 10000) has occurred while \output is active []

File: USPSC-TA-PreTextual/SET-CapaContraCapa/CapaDoutorado.png Graphic file (ty
pe png)
<use USPSC-TA-PreTextual/SET-CapaContraCapa/CapaDoutorado.png>
Package pdftex.def Info: USPSC-TA-PreTextual/SET-CapaContraCapa/CapaDoutorado.p
ng  used on input line 820.
(pdftex.def)             Requested size: 597.50426pt x 845.02924pt.
File: USPSC-TA-PreTextual/SET-CapaContraCapa/PaginaBranco/PaginaEmBranco.jpg Gr
aphic file (type jpg)
<use USPSC-TA-PreTextual/SET-CapaContraCapa/PaginaBranco/PaginaEmBranco.jpg>
Package pdftex.def Info: USPSC-TA-PreTextual/SET-CapaContraCapa/PaginaBranco/Pa
ginaEmBranco.jpg  used on input line 820.
(pdftex.def)             Requested size: 597.4945pt x 845.07095pt.
 [232]
Underfull \vbox (badness 10000) has occurred while \output is active []

File: USPSC-TA-PreTextual/SET-CapaContraCapa/CapaDoutorado.png Graphic file (ty
pe png)
<use USPSC-TA-PreTextual/SET-CapaContraCapa/CapaDoutorado.png>
Package pdftex.def Info: USPSC-TA-PreTextual/SET-CapaContraCapa/CapaDoutorado.p
ng  used on input line 896.
(pdftex.def)             Requested size: 597.50426pt x 845.02924pt.
File: USPSC-TA-PreTextual/SET-CapaContraCapa/PaginaBranco/PaginaEmBranco.jpg Gr
aphic file (type jpg)
<use USPSC-TA-PreTextual/SET-CapaContraCapa/PaginaBranco/PaginaEmBranco.jpg>
Package pdftex.def Info: USPSC-TA-PreTextual/SET-CapaContraCapa/PaginaBranco/Pa
ginaEmBranco.jpg  used on input line 896.
(pdftex.def)             Requested size: 597.4945pt x 845.07095pt.
 [233]
Underfull \vbox (badness 10000) has occurred while \output is active []

File: USPSC-TA-PreTextual/SET-CapaContraCapa/CapaDoutorado.png Graphic file (ty
pe png)
<use USPSC-TA-PreTextual/SET-CapaContraCapa/CapaDoutorado.png>
Package pdftex.def Info: USPSC-TA-PreTextual/SET-CapaContraCapa/CapaDoutorado.p
ng  used on input line 945.
(pdftex.def)             Requested size: 597.50426pt x 845.02924pt.
File: USPSC-TA-PreTextual/SET-CapaContraCapa/PaginaBranco/PaginaEmBranco.jpg Gr
aphic file (type jpg)
<use USPSC-TA-PreTextual/SET-CapaContraCapa/PaginaBranco/PaginaEmBranco.jpg>
Package pdftex.def Info: USPSC-TA-PreTextual/SET-CapaContraCapa/PaginaBranco/Pa
ginaEmBranco.jpg  used on input line 945.
(pdftex.def)             Requested size: 597.4945pt x 845.07095pt.
 [234]
File: USPSC-TA-PreTextual/SET-CapaContraCapa/CapaDoutorado.png Graphic file (ty
pe png)
<use USPSC-TA-PreTextual/SET-CapaContraCapa/CapaDoutorado.png>
Package pdftex.def Info: USPSC-TA-PreTextual/SET-CapaContraCapa/CapaDoutorado.p
ng  used on input line 947.
(pdftex.def)             Requested size: 597.50426pt x 845.02924pt.
File: USPSC-TA-PreTextual/SET-CapaContraCapa/PaginaBranco/PaginaEmBranco.jpg Gr
aphic file (type jpg)
<use USPSC-TA-PreTextual/SET-CapaContraCapa/PaginaBranco/PaginaEmBranco.jpg>
Package pdftex.def Info: USPSC-TA-PreTextual/SET-CapaContraCapa/PaginaBranco/Pa
ginaEmBranco.jpg  used on input line 947.
(pdftex.def)             Requested size: 597.4945pt x 845.07095pt.

[235]
File: USPSC-TA-PreTextual/SET-CapaContraCapa/CapaDoutorado.png Graphic file (ty
pe png)
<use USPSC-TA-PreTextual/SET-CapaContraCapa/CapaDoutorado.png>
Package pdftex.def Info: USPSC-TA-PreTextual/SET-CapaContraCapa/CapaDoutorado.p
ng  used on input line 947.
(pdftex.def)             Requested size: 597.50426pt x 845.02924pt.
File: USPSC-TA-PreTextual/SET-CapaContraCapa/PaginaBranco/PaginaEmBranco.jpg Gr
aphic file (type jpg)
<use USPSC-TA-PreTextual/SET-CapaContraCapa/PaginaBranco/PaginaEmBranco.jpg>
Package pdftex.def Info: USPSC-TA-PreTextual/SET-CapaContraCapa/PaginaBranco/Pa
ginaEmBranco.jpg  used on input line 947.
(pdftex.def)             Requested size: 597.4945pt x 845.07095pt.
 [236

]
File: USPSC-TA-PreTextual/SET-CapaContraCapa/CapaDoutorado.png Graphic file (ty
pe png)
<use USPSC-TA-PreTextual/SET-CapaContraCapa/CapaDoutorado.png>
Package pdftex.def Info: USPSC-TA-PreTextual/SET-CapaContraCapa/CapaDoutorado.p
ng  used on input line 989.
(pdftex.def)             Requested size: 597.50426pt x 845.02924pt.
File: USPSC-TA-PreTextual/SET-CapaContraCapa/PaginaBranco/PaginaEmBranco.jpg Gr
aphic file (type jpg)
<use USPSC-TA-PreTextual/SET-CapaContraCapa/PaginaBranco/PaginaEmBranco.jpg>
Package pdftex.def Info: USPSC-TA-PreTextual/SET-CapaContraCapa/PaginaBranco/Pa
ginaEmBranco.jpg  used on input line 989.
(pdftex.def)             Requested size: 597.4945pt x 845.07095pt.
 [237])
File: USPSC-TA-PreTextual/SET-CapaContraCapa/CapaDoutorado.png Graphic file (ty
pe png)
<use USPSC-TA-PreTextual/SET-CapaContraCapa/CapaDoutorado.png>
Package pdftex.def Info: USPSC-TA-PreTextual/SET-CapaContraCapa/CapaDoutorado.p
ng  used on input line 545.
(pdftex.def)             Requested size: 597.50426pt x 845.02924pt.
File: USPSC-TA-PreTextual/SET-CapaContraCapa/PaginaBranco/PaginaEmBranco.jpg Gr
aphic file (type jpg)
<use USPSC-TA-PreTextual/SET-CapaContraCapa/PaginaBranco/PaginaEmBranco.jpg>
Package pdftex.def Info: USPSC-TA-PreTextual/SET-CapaContraCapa/PaginaBranco/Pa
ginaEmBranco.jpg  used on input line 545.
(pdftex.def)             Requested size: 597.4945pt x 845.07095pt.
 [238]
File: USPSC-TA-PreTextual/SET-CapaContraCapa/CapaDoutorado.png Graphic file (ty
pe png)
<use USPSC-TA-PreTextual/SET-CapaContraCapa/CapaDoutorado.png>
Package pdftex.def Info: USPSC-TA-PreTextual/SET-CapaContraCapa/CapaDoutorado.p
ng  used on input line 564.
(pdftex.def)             Requested size: 597.50426pt x 845.02924pt.
File: USPSC-TA-PreTextual/SET-CapaContraCapa/PaginaBranco/PaginaEmBranco.jpg Gr
aphic file (type jpg)
<use USPSC-TA-PreTextual/SET-CapaContraCapa/PaginaBranco/PaginaEmBranco.jpg>
Package pdftex.def Info: USPSC-TA-PreTextual/SET-CapaContraCapa/PaginaBranco/Pa
ginaEmBranco.jpg  used on input line 564.
(pdftex.def)             Requested size: 597.4945pt x 845.07095pt.
<USPSC-TA-PreTextual/SET-CapaContraCapa/ContraCapaDoutorado.png, id=16200, 2497
.33pt x 3529.185pt>
File: USPSC-TA-PreTextual/SET-CapaContraCapa/ContraCapaDoutorado.png Graphic fi
le (type png)
<use USPSC-TA-PreTextual/SET-CapaContraCapa/ContraCapaDoutorado.png>
Package pdftex.def Info: USPSC-TA-PreTextual/SET-CapaContraCapa/ContraCapaDouto
rado.png  used on input line 564.
(pdftex.def)             Requested size: 597.50426pt x 845.02924pt.
 [239


 <./USPSC-TA-PreTextual/SET-CapaContraCapa/ContraCapaDoutorado.png>]
\tf@lof=\write8
\openout8 = `USPSC-modelo-EESC.lof'.

\tf@lot=\write9
\openout9 = `USPSC-modelo-EESC.lot'.

\tf@toc=\write10
\openout10 = `USPSC-modelo-EESC.toc'.

 
enddocument/afterlastpage: lastpage setting LastPage.
(./USPSC-modelo-EESC.aux (./USPSC-TA-PreTextual/USPSC-fichacatalografica.aux)
(./USPSC-TA-PreTextual/USPSC-Dedicatoria.aux)
(./USPSC-TA-PreTextual/USPSC-Agradecimentos.aux)
(./USPSC-TA-PreTextual/USPSC-Epigrafe.aux)
(./USPSC-TA-PreTextual/USPSC-Resumo.aux)
(./USPSC-TA-PreTextual/USPSC-Abstract.aux)
(./USPSC-TA-PreTextual/USPSC-Simbolos.aux) (./introducao.aux) (./Cap2.aux)
(./Cap3.aux) (./Cap4.aux) (./Cap5.aux) (./Cap6.aux) (./Cap7.aux)
(./Conclusoes.aux) (./USPSC-TA-PosTextual/USPSC-Apendices.aux))
 ***********
LaTeX2e <2023-11-01> patch level 1
L3 programming layer <2020/03/25>
 ***********


LaTeX Font Warning: Size substitutions with differences
(Font)              up to 2.90001pt have occurred.

 ) 
Here is how much of TeX's memory you used:
 53496 strings out of 474222
 1144264 string characters out of 5748732
 2052975 words of memory out of 5000000
 72992 multiletter control sequences out of 15000+600000
 791800 words of font info for 561 fonts, out of 8000000 for 9000
 1141 hyphenation exceptions out of 8191
 110i,20n,133p,2451b,1828s stack positions out of 10000i,1000n,20000p,200000b,200000s
</usr/share/texlive/texmf-dist/fonts/type1/public/amsfonts/euler/eufm10.pfb><
/usr/share/texmf/fonts/type1/public/lm/lmbsy10.pfb></usr/share/texmf/fonts/type
1/public/lm/lmbx12.pfb></usr/share/texmf/fonts/type1/public/lm/lmbx8.pfb></usr/
share/texmf/fonts/type1/public/lm/lmbx9.pfb></usr/share/texmf/fonts/type1/publi
c/lm/lmex10.pfb></usr/share/texmf/fonts/type1/public/lm/lmmi10.pfb></usr/share/
texmf/fonts/type1/public/lm/lmmi12.pfb></usr/share/texmf/fonts/type1/public/lm/
lmmi6.pfb></usr/share/texmf/fonts/type1/public/lm/lmmi8.pfb></usr/share/texmf/f
onts/type1/public/lm/lmmi9.pfb></usr/share/texmf/fonts/type1/public/lm/lmmib10.
pfb></usr/share/texmf/fonts/type1/public/lm/lmr10.pfb></usr/share/texmf/fonts/t
ype1/public/lm/lmr12.pfb></usr/share/texmf/fonts/type1/public/lm/lmr6.pfb></usr
/share/texmf/fonts/type1/public/lm/lmr8.pfb></usr/share/texmf/fonts/type1/publi
c/lm/lmr9.pfb></usr/share/texmf/fonts/type1/public/lm/lmri10.pfb></usr/share/te
xmf/fonts/type1/public/lm/lmri12.pfb></usr/share/texmf/fonts/type1/public/lm/lm
ss12.pfb></usr/share/texmf/fonts/type1/public/lm/lmssbo10.pfb></usr/share/texmf
/fonts/type1/public/lm/lmssbx10.pfb></usr/share/texmf/fonts/type1/public/lm/lms
so12.pfb></usr/share/texmf/fonts/type1/public/lm/lmsy10.pfb></usr/share/texmf/f
onts/type1/public/lm/lmsy6.pfb></usr/share/texmf/fonts/type1/public/lm/lmsy8.pf
b></usr/share/texlive/texmf-dist/fonts/type1/public/amsfonts/symbols/msbm10.pfb
>
Output written on USPSC-modelo-EESC.pdf (239 pages, 97247472 bytes).
PDF statistics:
 16897 PDF objects out of 18468 (max. 8388607)
 11991 compressed objects within 120 object streams
 1158 named destinations out of 1200 (max. 500000)
 154978 words of extra memory for PDF output out of 184870 (max. 10000000)

